"time","INTERNAL ENERGY","KINETIC ENERGY","X-MOMENTUM","Y-MOMENTUM","Z-MOMENTUM","MASS","TIME STEP","ROTATION ENERGY","EXTERNAL WORK","SPRING ENERGY","CONTACT ENERGY","HOURGLASS ENERGY","ELASTIC CONTACT ENERGY","FRICTIONAL CONTACT ENERGY","DAMPING CONTACT ENERGY ","PLASTIC WORK","ADDED MASS","PERCENTAGE ADDED MASS","INLET MASS","OUTLET MASS","INLET ENERGY","OUTLET ENERGY","MOVING_QUAD                               IE ","MOVING_QUAD                               KE ","MOVING_QUAD                               XMOM ","MOVING_QUAD                               YMOM ","MOVING_QUAD                               ZMOM ","MOVING_QUAD                               MASS ","MOVING_QUAD                               HE ","MOVING_QUAD                               RKE ","MOVING_QUAD                               PW ","FIXED_QUAD                                IE ","FIXED_QUAD                                KE ","FIXED_QUAD                                XMOM ","FIXED_QUAD                                YMOM ","FIXED_QUAD                                ZMOM ","FIXED_QUAD                                MASS ","FIXED_QUAD                                HE ","FIXED_QUAD                                RKE ","FIXED_QUAD                                PW ","NODES                                    1 N1                                       var 41","NODES                                    1 N1                                       var 42","NODES                                    1 N1                                       var 43","NODES                                    1 N1                                       var 44","NODES                                    1 N1                                       var 45","NODES                                    1 N1                                       var 46","NODES                                    2 N2                                       var 47","NODES                                    2 N2                                       var 48","NODES                                    2 N2                                       var 49","NODES                                    2 N2                                       var 50","NODES                                    2 N2                                       var 51","NODES                                    2 N2                                       var 52","NODES                                    3 N3                                       var 53","NODES                                    3 N3                                       var 54","NODES                                    3 N3                                       var 55","NODES                                    3 N3                                       var 56","NODES                                    3 N3                                       var 57","NODES                                    3 N3                                       var 58","NODES                                    4 N4                                       var 59","NODES                                    4 N4                                       var 60","NODES                                    4 N4                                       var 61","NODES                                    4 N4                                       var 62","NODES                                    4 N4                                       var 63","NODES                                    4 N4                                       var 64","NODES                                    5 N5                                       var 65","NODES                                    5 N5                                       var 66","NODES                                    5 N5                                       var 67","NODES                                    5 N5                                       var 68","NODES                                    5 N5                                       var 69","NODES                                    5 N5                                       var 70","NODES                                    6 N6                                       var 71","NODES                                    6 N6                                       var 72","NODES                                    6 N6                                       var 73","NODES                                    6 N6                                       var 74","NODES                                    6 N6                                       var 75","NODES                                    6 N6                                       var 76","NODES                                    7 N7                                       var 77","NODES                                    7 N7                                       var 78","NODES                                    7 N7                                       var 79","NODES                                    7 N7                                       var 80","NODES                                    7 N7                                       var 81","NODES                                    7 N7                                       var 82","NODES                                    8 N8                                       var 83","NODES                                    8 N8                                       var 84","NODES                                    8 N8                                       var 85","NODES                                    8 N8                                       var 86","NODES                                    8 N8                                       var 87","NODES                                    8 N8                                       var 88"
0.000000e+00,0.000000e+00,0.000000e+00,0.000000e+00,0.000000e+00,0.000000e+00,4.559200e+00,3.985689e-04,3.207193e-04,0.000000e+00,0.000000e+00,0.000000e+00,0.000000e+00,0.000000e+00,0.000000e+00,0.000000e+00,0.000000e+00,0.000000e+00,0.000000e+00,0.000000e+00,0.000000e+00,0.000000e+00,0.000000e+00,0.000000e+00,0.000000e+00,0.000000e+00,0.000000e+00,0.000000e+00,1.112000e-01,0.000000e+00,0.000000e+00,0.000000e+00,0.000000e+00,0.000000e+00,0.000000e+00,0.000000e+00,0.000000e+00,4.448000e+00,0.000000e+00,0.000000e+00,0.000000e+00,0.000000e+00,0.000000e+00,0.000000e+00,0.000000e+00,1.000000e-02,0.000000e+00,0.000000e+00,0.000000e+00,0.000000e+00,0.000000e+00,1.000000e-02,0.000000e+00,0.000000e+00,0.000000e+00,0.000000e+00,0.000000e+00,1.000000e-02,0.000000e+00,0.000000e+00,0.000000e+00,0.000000e+00,0.000000e+00,1.000000e-02,0.000000e+00,0.000000e+00,0.000000e+00,0.000000e+00,0.000000e+00,0.000000e+00,0.000000e+00,0.000000e+00,0.000000e+00,0.000000e+00,0.000000e+00,0.000000e+00,0.000000e+00,0.000000e+00,0.000000e+00,0.000000e+00,0.000000e+00,0.000000e+00,0.000000e+00,0.000000e+00,0.000000e+00,0.000000e+00,0.000000e+00,0.000000e+00,0.000000e+00
3.985689e-04,5.516968e-08,0.000000e+00,0.000000e+00,0.000000e+00,0.000000e+00,4.559200e+00,3.985689e-04,3.206642e-04,0.000000e+00,0.000000e+00,0.000000e+00,0.000000e+00,0.000000e+00,0.000000e+00,0.000000e+00,0.000000e+00,0.000000e+00,0.000000e+00,0.000000e+00,0.000000e+00,0.000000e+00,0.000000e+00,5.516968e-08,0.000000e+00,0.000000e+00,0.000000e+00,0.000000e+00,1.112000e-01,0.000000e+00,0.000000e+00,0.000000e+00,0.000000e+00,0.000000e+00,0.000000e+00,0.000000e+00,0.000000e+00,4.448000e+00,0.000000e+00,0.000000e+00,0.000000e+00,0.000000e+00,0.000000e+00,0.000000e+00,0.000000e+00,1.000000e-02,-2.758484e-07,0.000000e+00,0.000000e+00,0.000000e+00,0.000000e+00,1.000000e-02,2.758484e-07,0.000000e+00,0.000000e+00,0.000000e+00,0.000000e+00,1.000000e-02,2.758484e-07,0.000000e+00,0.000000e+00,0.000000e+00,0.000000e+00,1.000000e-02,-2.758484e-07,0.000000e+00,0.000000e+00,0.000000e+00,0.000000e+00,0.000000e+00,0.000000e+00,0.000000e+00,0.000000e+00,0.000000e+00,0.000000e+00,0.000000e+00,0.000000e+00,0.000000e+00,0.000000e+00,0.000000e+00,0.000000e+00,0.000000e+00,0.000000e+00,0.000000e+00,0.000000e+00,0.000000e+00,0.000000e+00,0.000000e+00,0.000000e+00
7.971377e-04,2.206407e-07,0.000000e+00,0.000000e+00,0.000000e+00,0.000000e+00,4.559200e+00,3.985689e-04,3.204987e-04,0.000000e+00,0.000000e+00,0.000000e+00,0.000000e+00,0.000000e+00,0.000000e+00,0.000000e+00,0.000000e+00,0.000000e+00,0.000000e+00,0.000000e+00,0.000000e+00,0.000000e+00,0.000000e+00,2.206407e-07,0.000000e+00,0.000000e+00,0.000000e+00,0.000000e+00,1.112000e-01,0.000000e+00,0.000000e+00,0.000000e+00,0.000000e+00,0.000000e+00,0.000000e+00,0.000000e+00,0.000000e+00,4.448000e+00,0.000000e+00,0.000000e+00,0.000000e+00,0.000000e+00,0.000000e+00,0.000000e+00,0.000000e+00,9.998280e-03,-8.274977e-07,0.000000e+00,0.000000e+00,0.000000e+00,0.000000e+00,9.998280e-03,8.274977e-07,0.000000e+00,0.000000e+00,0.000000e+00,0.000000e+00,9.998280e-03,8.274977e-07,0.000000e+00,0.000000e+00,0.000000e+00,0.000000e+00,9.998280e-03,-8.274977e-07,0.000000e+00,0.000000e+00,0.000000e+00,0.000000e+00,0.000000e+00,0.000000e+00,0.000000e+00,0.000000e+00,0.000000e+00,0.000000e+00,0.000000e+00,0.000000e+00,0.000000e+00,0.000000e+00,0.000000e+00,0.000000e+00,0.000000e+00,0.000000e+00,0.000000e+00,0.000000e+00,0.000000e+00,0.000000e+00,0.000000e+00,0.000000e+00
1.195707e-03,4.962994e-07,0.000000e+00,0.000000e+00,0.000000e+00,0.000000e+00,4.559200e+00,3.985689e-04,3.202230e-04,0.000000e+00,0.000000e+00,0.000000e+00,0.000000e+00,0.000000e+00,0.000000e+00,0.000000e+00,0.000000e+00,0.000000e+00,0.000000e+00,0.000000e+00,0.000000e+00,0.000000e+00,0.000000e+00,4.962994e-07,0.000000e+00,0.000000e+00,0.000000e+00,0.000000e+00,1.112000e-01,0.000000e+00,0.000000e+00,0.000000e+00,0.000000e+00,0.000000e+00,0.000000e+00,0.000000e+00,0.000000e+00,4.448000e+00,0.000000e+00,0.000000e+00,0.000000e+00,0.000000e+00,0.000000e+00,0.000000e+00,0.000000e+00,9.994839e-03,-1.654853e-06,0.000000e+00,0.000000e+00,0.000000e+00,0.000000e+00,9.994839e-03,1.654853e-06,0.000000e+00,0.000000e+00,0.000000e+00,0.000000e+00,9.994839e-03,1.654853e-06,0.000000e+00,0.000000e+00,0.000000e+00,0.000000e+00,9.994839e-03,-1.654853e-06,0.000000e+00,0.000000e+00,0.000000e+00,0.000000e+00,0.000000e+00,0.000000e+00,0.000000e+00,0.000000e+00,0.000000e+00,0.000000e+00,0.000000e+00,0.000000e+00,0.000000e+00,0.000000e+00,0.000000e+00,0.000000e+00,0.000000e+00,0.000000e+00,0.000000e+00,0.000000e+00,0.000000e+00,0.000000e+00,0.000000e+00,0.000000e+00
1.594275e-03,8.819558e-07,0.000000e+00,0.000000e+00,0.000000e+00,0.000000e+00,4.559200e+00,3.985689e-04,3.198374e-04,0.000000e+00,0.000000e+00,0.000000e+00,0.000000e+00,0.000000e+00,0.000000e+00,0.000000e+00,0.000000e+00,0.000000e+00,0.000000e+00,0.000000e+00,0.000000e+00,0.000000e+00,0.000000e+00,8.819558e-07,0.000000e+00,0.000000e+00,0.000000e+00,0.000000e+00,1.112000e-01,0.000000e+00,0.000000e+00,0.000000e+00,0.000000e+00,0.000000e+00,0.000000e+00,0.000000e+00,0.000000e+00,4.448000e+00,0.000000e+00,0.000000e+00,0.000000e+00,0.000000e+00,0.000000e+00,0.000000e+00,0.000000e+00,9.989681e-03,-2.757772e-06,0.000000e+00,0.000000e+00,0.000000e+00,0.000000e+00,9.989681e-03,2.757772e-06,0.000000e+00,0.000000e+00,0.000000e+00,0.000000e+00,9.989681e-03,2.757772e-06,0.000000e+00,0.000000e+00,0.000000e+00,0.000000e+00,9.989681e-03,-2.757772e-06,0.000000e+00,0.000000e+00,0.000000e+00,0.000000e+00,0.000000e+00,0.000000e+00,0.000000e+00,0.000000e+00,0.000000e+00,0.000000e+00,0.000000e+00,0.000000e+00,0.000000e+00,0.000000e+00,0.000000e+00,0.000000e+00,0.000000e+00,0.000000e+00,0.000000e+00,0.000000e+00,0.000000e+00,0.000000e+00,0.000000e+00,0.000000e+00
1.992844e-03,1.377345e-06,0.000000e+00,0.000000e+00,0.000000e+00,0.000000e+00,4.559200e+00,3.985689e-04,3.193420e-04,0.000000e+00,0.000000e+00,0.000000e+00,0.000000e+00,0.000000e+00,0.000000e+00,0.000000e+00,0.000000e+00,0.000000e+00,0.000000e+00,0.000000e+00,0.000000e+00,0.000000e+00,0.000000e+00,1.377345e-06,0.000000e+00,0.000000e+00,0.000000e+00,0.000000e+00,1.112000e-01,0.000000e+00,0.000000e+00,0.000000e+00,0.000000e+00,0.000000e+00,0.000000e+00,0.000000e+00,0.000000e+00,4.448000e+00,0.000000e+00,0.000000e+00,0.000000e+00,0.000000e+00,0.000000e+00,0.000000e+00,0.000000e+00,9.982803e-03,-4.136065e-06,0.000000e+00,0.000000e+00,0.000000e+00,0.000000e+00,9.982803e-03,4.136065e-06,0.000000e+00,0.000000e+00,0.000000e+00,0.000000e+00,9.982803e-03,4.136065e-06,0.000000e+00,0.000000e+00,0.000000e+00,0.000000e+00,9.982803e-03,-4.136065e-06,0.000000e+00,0.000000e+00,0.000000e+00,0.000000e+00,0.000000e+00,0.000000e+00,0.000000e+00,0.000000e+00,0.000000e+00,0.000000e+00,0.000000e+00,0.000000e+00,0.000000e+00,0.000000e+00,0.000000e+00,0.000000e+00,0.000000e+00,0.000000e+00,0.000000e+00,0.000000e+00,0.000000e+00,0.000000e+00,0.000000e+00,0.000000e+00
2.391413e-03,1.982125e-06,0.000000e+00,0.000000e+00,0.000000e+00,0.000000e+00,4.559200e+00,3.985689e-04,3.187373e-04,0.000000e+00,0.000000e+00,0.000000e+00,0.000000e+00,0.000000e+00,0.000000e+00,0.000000e+00,0.000000e+00,0.000000e+00,0.000000e+00,0.000000e+00,0.000000e+00,0.000000e+00,0.000000e+00,1.982125e-06,0.000000e+00,0.000000e+00,0.000000e+00,0.000000e+00,1.112000e-01,0.000000e+00,0.000000e+00,0.000000e+00,0.000000e+00,0.000000e+00,0.000000e+00,0.000000e+00,0.000000e+00,4.448000e+00,0.000000e+00,0.000000e+00,0.000000e+00,0.000000e+00,0.000000e+00,0.000000e+00,0.000000e+00,9.974208e-03,-5.789495e-06,0.000000e+00,0.000000e+00,0.000000e+00,0.000000e+00,9.974208e-03,5.789495e-06,0.000000e+00,0.000000e+00,0.000000e+00,0.000000e+00,9.974208e-03,5.789495e-06,0.000000e+00,0.000000e+00,0.000000e+00,0.000000e+00,9.974208e-03,-5.789495e-06,0.000000e+00,0.000000e+00,0.000000e+00,0.000000e+00,0.000000e+00,0.000000e+00,0.000000e+00,0.000000e+00,0.000000e+00,0.000000e+00,0.000000e+00,0.000000e+00,0.000000e+00,0.000000e+00,0.000000e+00,0.000000e+00,0.000000e+00,0.000000e+00,0.000000e+00,0.000000e+00,0.000000e+00,0.000000e+00,0.000000e+00,0.000000e+00
2.789982e-03,2.695882e-06,0.000000e+00,0.000000e+00,0.000000e+00,0.000000e+00,4.559200e+00,3.985689e-04,3.180236e-04,0.000000e+00,0.000000e+00,0.000000e+00,0.000000e+00,0.000000e+00,0.000000e+00,0.000000e+00,0.000000e+00,0.000000e+00,0.000000e+00,0.000000e+00,0.000000e+00,0.000000e+00,0.000000e+00,2.695882e-06,0.000000e+00,0.000000e+00,0.000000e+00,0.000000e+00,1.112000e-01,0.000000e+00,0.000000e+00,0.000000e+00,0.000000e+00,0.000000e+00,0.000000e+00,0.000000e+00,0.000000e+00,4.448000e+00,0.000000e+00,0.000000e+00,0.000000e+00,0.000000e+00,0.000000e+00,0.000000e+00,0.000000e+00,9.963897e-03,-7.717777e-06,0.000000e+00,0.000000e+00,0.000000e+00,0.000000e+00,9.963897e-03,7.717777e-06,0.000000e+00,0.000000e+00,0.000000e+00,0.000000e+00,9.963897e-03,7.717777e-06,0.000000e+00,0.000000e+00,0.000000e+00,0.000000e+00,9.963897e-03,-7.717777e-06,0.000000e+00,0.000000e+00,0.000000e+00,0.000000e+00,0.000000e+00,0.000000e+00,0.000000e+00,0.000000e+00,0.000000e+00,0.000000e+00,0.000000e+00,0.000000e+00,0.000000e+00,0.000000e+00,0.000000e+00,0.000000e+00,0.000000e+00,0.000000e+00,0.000000e+00,0.000000e+00,0.000000e+00,0.000000e+00,0.000000e+00,0.000000e+00
3.188551e-03,3.518123e-06,0.000000e+00,0.000000e+00,0.000000e+00,0.000000e+00,4.559200e+00,3.985689e-04,3.172014e-04,0.000000e+00,0.000000e+00,0.000000e+00,0.000000e+00,0.000000e+00,0.000000e+00,0.000000e+00,0.000000e+00,0.000000e+00,0.000000e+00,0.000000e+00,0.000000e+00,0.000000e+00,0.000000e+00,3.518123e-06,0.000000e+00,0.000000e+00,0.000000e+00,0.000000e+00,1.112000e-01,0.000000e+00,0.000000e+00,0.000000e+00,0.000000e+00,0.000000e+00,0.000000e+00,0.000000e+00,0.000000e+00,4.448000e+00,0.000000e+00,0.000000e+00,0.000000e+00,0.000000e+00,0.000000e+00,0.000000e+00,0.000000e+00,9.951872e-03,-9.920581e-06,0.000000e+00,0.000000e+00,0.000000e+00,0.000000e+00,9.951872e-03,9.920581e-06,0.000000e+00,0.000000e+00,0.000000e+00,0.000000e+00,9.951872e-03,9.920581e-06,0.000000e+00,0.000000e+00,0.000000e+00,0.000000e+00,9.951872e-03,-9.920581e-06,0.000000e+00,0.000000e+00,0.000000e+00,0.000000e+00,0.000000e+00,0.000000e+00,0.000000e+00,0.000000e+00,0.000000e+00,0.000000e+00,0.000000e+00,0.000000e+00,0.000000e+00,0.000000e+00,0.000000e+00,0.000000e+00,0.000000e+00,0.000000e+00,0.000000e+00,0.000000e+00,0.000000e+00,0.000000e+00,0.000000e+00,0.000000e+00
3.587120e-03,4.448282e-06,0.000000e+00,0.000000e+00,0.000000e+00,0.000000e+00,4.559200e+00,3.985689e-04,3.162712e-04,0.000000e+00,0.000000e+00,0.000000e+00,0.000000e+00,0.000000e+00,0.000000e+00,0.000000e+00,0.000000e+00,0.000000e+00,0.000000e+00,0.000000e+00,0.000000e+00,0.000000e+00,0.000000e+00,4.448282e-06,0.000000e+00,0.000000e+00,0.000000e+00,0.000000e+00,1.112000e-01,0.000000e+00,0.000000e+00,0.000000e+00,0.000000e+00,0.000000e+00,0.000000e+00,0.000000e+00,0.000000e+00,4.448000e+00,0.000000e+00,0.000000e+00,0.000000e+00,0.000000e+00,0.000000e+00,0.000000e+00,0.000000e+00,9.938136e-03,-1.239753e-05,0.000000e+00,0.000000e+00,0.000000e+00,0.000000e+00,9.938136e-03,1.239753e-05,0.000000e+00,0.000000e+00,0.000000e+00,0.000000e+00,9.938136e-03,1.239753e-05,0.000000e+00,0.000000e+00,0.000000e+00,0.000000e+00,9.938136e-03,-1.239753e-05,0.000000e+00,0.000000e+00,0.000000e+00,0.000000e+00,0.000000e+00,0.000000e+00,0.000000e+00,0.000000e+00,0.000000e+00,0.000000e+00,0.000000e+00,0.000000e+00,0.000000e+00,0.000000e+00,0.000000e+00,0.000000e+00,0.000000e+00,0.000000e+00,0.000000e+00,0.000000e+00,0.000000e+00,0.000000e+00,0.000000e+00,0.000000e+00
3.985689e-03,5.485720e-06,0.000000e+00,0.000000e+00,0.000000e+00,0.000000e+00,4.559200e+00,3.985689e-04,3.152339e-04,0.000000e+00,0.000000e+00,0.000000e+00,0.000000e+00,0.000000e+00,0.000000e+00,0.000000e+00,0.000000e+00,0.000000e+00,0.000000e+00,0.000000e+00,0.000000e+00,0.000000e+00,0.000000e+00,5.485720e-06,0.000000e+00,0.000000e+00,0.000000e+00,0.000000e+00,1.112000e-01,0.000000e+00,0.000000e+00,0.000000e+00,0.000000e+00,0.000000e+00,0.000000e+00,0.000000e+00,0.000000e+00,4.448000e+00,0.000000e+00,0.000000e+00,0.000000e+00,0.000000e+00,0.000000e+00,0.000000e+00,0.000000e+00,9.922689e-03,-1.514819e-05,0.000000e+00,0.000000e+00,0.000000e+00,0.000000e+00,9.922689e-03,1.514819e-05,0.000000e+00,0.000000e+00,0.000000e+00,0.000000e+00,9.922689e-03,1.514819e-05,0.000000e+00,0.000000e+00,0.000000e+00,0.000000e+00,9.922689e-03,-1.514819e-05,0.000000e+00,0.000000e+00,0.000000e+00,0.000000e+00,0.000000e+00,0.000000e+00,0.000000e+00,0.000000e+00,0.000000e+00,0.000000e+00,0.000000e+00,0.000000e+00,0.000000e+00,0.000000e+00,0.000000e+00,0.000000e+00,0.000000e+00,0.000000e+00,0.000000e+00,0.000000e+00,0.000000e+00,0.000000e+00,0.000000e+00,0.000000e+00
4.384257e-03,6.629723e-06,0.000000e+00,0.000000e+00,0.000000e+00,0.000000e+00,4.559200e+00,3.985689e-04,3.140899e-04,0.000000e+00,0.000000e+00,0.000000e+00,0.000000e+00,0.000000e+00,0.000000e+00,0.000000e+00,0.000000e+00,0.000000e+00,0.000000e+00,0.000000e+00,0.000000e+00,0.000000e+00,0.000000e+00,6.629723e-06,0.000000e+00,0.000000e+00,0.000000e+00,0.000000e+00,1.112000e-01,0.000000e+00,0.000000e+00,0.000000e+00,0.000000e+00,0.000000e+00,0.000000e+00,0.000000e+00,0.000000e+00,4.448000e+00,0.000000e+00,0.000000e+00,0.000000e+00,0.000000e+00,0.000000e+00,0.000000e+00,0.000000e+00,9.905536e-03,-1.817209e-05,0.000000e+00,0.000000e+00,0.000000e+00,0.000000e+00,9.905536e-03,1.817209e-05,0.000000e+00,0.000000e+00,0.000000e+00,0.000000e+00,9.905536e-03,1.817209e-05,0.000000e+00,0.000000e+00,0.000000e+00,0.000000e+00,9.905536e-03,-1.817209e-05,0.000000e+00,0.000000e+00,0.000000e+00,0.000000e+00,0.000000e+00,0.000000e+00,0.000000e+00,0.000000e+00,0.000000e+00,0.000000e+00,0.000000e+00,0.000000e+00,0.000000e+00,0.000000e+00,0.000000e+00,0.000000e+00,0.000000e+00,0.000000e+00,0.000000e+00,0.000000e+00,0.000000e+00,0.000000e+00,0.000000e+00,0.000000e+00
4.782827e-03,7.879505e-06,0.000000e+00,0.000000e+00,0.000000e+00,0.000000e+00,4.559200e+00,3.985689e-04,3.128402e-04,0.000000e+00,0.000000e+00,0.000000e+00,0.000000e+00,0.000000e+00,0.000000e+00,0.000000e+00,0.000000e+00,0.000000e+00,0.000000e+00,0.000000e+00,0.000000e+00,0.000000e+00,0.000000e+00,7.879505e-06,0.000000e+00,0.000000e+00,0.000000e+00,0.000000e+00,1.112000e-01,0.000000e+00,0.000000e+00,0.000000e+00,0.000000e+00,0.000000e+00,0.000000e+00,0.000000e+00,0.000000e+00,4.448000e+00,0.000000e+00,0.000000e+00,0.000000e+00,0.000000e+00,0.000000e+00,0.000000e+00,0.000000e+00,9.886679e-03,-2.146872e-05,0.000000e+00,0.000000e+00,0.000000e+00,0.000000e+00,9.886679e-03,2.146872e-05,0.000000e+00,0.000000e+00,0.000000e+00,0.000000e+00,9.886679e-03,2.146872e-05,0.000000e+00,0.000000e+00,0.000000e+00,0.000000e+00,9.886679e-03,-2.146872e-05,0.000000e+00,0.000000e+00,0.000000e+00,0.000000e+00,0.000000e+00,0.000000e+00,0.000000e+00,0.000000e+00,0.000000e+00,0.000000e+00,0.000000e+00,0.000000e+00,0.000000e+00,0.000000e+00,0.000000e+00,0.000000e+00,0.000000e+00,0.000000e+00,0.000000e+00,0.000000e+00,0.000000e+00,0.000000e+00,0.000000e+00,0.000000e+00
5.181395e-03,9.234203e-06,0.000000e+00,0.000000e+00,0.000000e+00,0.000000e+00,4.559200e+00,3.985689e-04,3.114855e-04,0.000000e+00,0.000000e+00,0.000000e+00,0.000000e+00,0.000000e+00,0.000000e+00,0.000000e+00,0.000000e+00,0.000000e+00,0.000000e+00,0.000000e+00,0.000000e+00,0.000000e+00,0.000000e+00,9.234203e-06,0.000000e+00,0.000000e+00,0.000000e+00,0.000000e+00,1.112000e-01,0.000000e+00,0.000000e+00,0.000000e+00,0.000000e+00,0.000000e+00,0.000000e+00,0.000000e+00,0.000000e+00,4.448000e+00,0.000000e+00,0.000000e+00,0.000000e+00,0.000000e+00,0.000000e+00,0.000000e+00,0.000000e+00,9.866121e-03,-2.503750e-05,0.000000e+00,0.000000e+00,0.000000e+00,0.000000e+00,9.866121e-03,2.503750e-05,0.000000e+00,0.000000e+00,0.000000e+00,0.000000e+00,9.866121e-03,2.503750e-05,0.000000e+00,0.000000e+00,0.000000e+00,0.000000e+00,9.866121e-03,-2.503750e-05,0.000000e+00,0.000000e+00,0.000000e+00,0.000000e+00,0.000000e+00,0.000000e+00,0.000000e+00,0.000000e+00,0.000000e+00,0.000000e+00,0.000000e+00,0.000000e+00,0.000000e+00,0.000000e+00,0.000000e+00,0.000000e+00,0.000000e+00,0.000000e+00,0.000000e+00,0.000000e+00,0.000000e+00,0.000000e+00,0.000000e+00,0.000000e+00
5.579964e-03,1.069289e-05,0.000000e+00,0.000000e+00,0.000000e+00,0.000000e+00,4.559200e+00,3.985689e-04,3.100269e-04,0.000000e+00,0.000000e+00,0.000000e+00,0.000000e+00,0.000000e+00,0.000000e+00,0.000000e+00,0.000000e+00,0.000000e+00,0.000000e+00,0.000000e+00,0.000000e+00,0.000000e+00,0.000000e+00,1.069289e-05,0.000000e+00,0.000000e+00,0.000000e+00,0.000000e+00,1.112000e-01,0.000000e+00,0.000000e+00,0.000000e+00,0.000000e+00,0.000000e+00,0.000000e+00,0.000000e+00,0.000000e+00,4.448000e+00,0.000000e+00,0.000000e+00,0.000000e+00,0.000000e+00,0.000000e+00,0.000000e+00,0.000000e+00,9.843866e-03,-2.887782e-05,0.000000e+00,0.000000e+00,0.000000e+00,0.000000e+00,9.843866e-03,2.887782e-05,0.000000e+00,0.000000e+00,0.000000e+00,0.000000e+00,9.843866e-03,2.887782e-05,0.000000e+00,0.000000e+00,0.000000e+00,0.000000e+00,9.843866e-03,-2.887782e-05,0.000000e+00,0.000000e+00,0.000000e+00,0.000000e+00,0.000000e+00,0.000000e+00,0.000000e+00,0.000000e+00,0.000000e+00,0.000000e+00,0.000000e+00,0.000000e+00,0.000000e+00,0.000000e+00,0.000000e+00,0.000000e+00,0.000000e+00,0.000000e+00,0.000000e+00,0.000000e+00,0.000000e+00,0.000000e+00,0.000000e+00,0.000000e+00
5.978533e-03,1.225455e-05,0.000000e+00,0.000000e+00,0.000000e+00,0.000000e+00,4.559200e+00,3.985689e-04,3.084653e-04,0.000000e+00,0.000000e+00,0.000000e+00,0.000000e+00,0.000000e+00,0.000000e+00,0.000000e+00,0.000000e+00,0.000000e+00,0.000000e+00,0.000000e+00,0.000000e+00,0.000000e+00,0.000000e+00,1.225455e-05,0.000000e+00,0.000000e+00,0.000000e+00,0.000000e+00,1.112000e-01,0.000000e+00,0.000000e+00,0.000000e+00,0.000000e+00,0.000000e+00,0.000000e+00,0.000000e+00,0.000000e+00,4.448000e+00,0.000000e+00,0.000000e+00,0.000000e+00,0.000000e+00,0.000000e+00,0.000000e+00,0.000000e+00,9.819918e-03,-3.298902e-05,0.000000e+00,0.000000e+00,0.000000e+00,0.000000e+00,9.819918e-03,3.298902e-05,0.000000e+00,0.000000e+00,0.000000e+00,0.000000e+00,9.819918e-03,3.298902e-05,0.000000e+00,0.000000e+00,0.000000e+00,0.000000e+00,9.819918e-03,-3.298902e-05,0.000000e+00,0.000000e+00,0.000000e+00,0.000000e+00,0.000000e+00,0.000000e+00,0.000000e+00,0.000000e+00,0.000000e+00,0.000000e+00,0.000000e+00,0.000000e+00,0.000000e+00,0.000000e+00,0.000000e+00,0.000000e+00,0.000000e+00,0.000000e+00,0.000000e+00,0.000000e+00,0.000000e+00,0.000000e+00,0.000000e+00,0.000000e+00
6.377102e-03,1.391813e-05,0.000000e+00,0.000000e+00,0.000000e+00,0.000000e+00,4.559200e+00,3.985689e-04,3.068018e-04,0.000000e+00,0.000000e+00,0.000000e+00,0.000000e+00,0.000000e+00,0.000000e+00,0.000000e+00,0.000000e+00,0.000000e+00,0.000000e+00,0.000000e+00,0.000000e+00,0.000000e+00,0.000000e+00,1.391813e-05,0.000000e+00,0.000000e+00,0.000000e+00,0.000000e+00,1.112000e-01,0.000000e+00,0.000000e+00,0.000000e+00,0.000000e+00,0.000000e+00,0.000000e+00,0.000000e+00,0.000000e+00,4.448000e+00,0.000000e+00,0.000000e+00,0.000000e+00,0.000000e+00,0.000000e+00,0.000000e+00,0.000000e+00,9.794281e-03,-3.737040e-05,0.000000e+00,0.000000e+00,0.000000e+00,0.000000e+00,9.794281e-03,3.737040e-05,0.000000e+00,0.000000e+00,0.000000e+00,0.000000e+00,9.794281e-03,3.737040e-05,0.000000e+00,0.000000e+00,0.000000e+00,0.000000e+00,9.794281e-03,-3.737040e-05,0.000000e+00,0.000000e+00,0.000000e+00,0.000000e+00,0.000000e+00,0.000000e+00,0.000000e+00,0.000000e+00,0.000000e+00,0.000000e+00,0.000000e+00,0.000000e+00,0.000000e+00,0.000000e+00,0.000000e+00,0.000000e+00,0.000000e+00,0.000000e+00,0.000000e+00,0.000000e+00,0.000000e+00,0.000000e+00,0.000000e+00,0.000000e+00
6.775671e-03,1.568247e-05,0.000000e+00,0.000000e+00,0.000000e+00,0.000000e+00,4.559200e+00,3.985689e-04,3.050375e-04,0.000000e+00,0.000000e+00,0.000000e+00,0.000000e+00,0.000000e+00,0.000000e+00,0.000000e+00,0.000000e+00,0.000000e+00,0.000000e+00,0.000000e+00,0.000000e+00,0.000000e+00,0.000000e+00,1.568247e-05,0.000000e+00,0.000000e+00,0.000000e+00,0.000000e+00,1.112000e-01,0.000000e+00,0.000000e+00,0.000000e+00,0.000000e+00,0.000000e+00,0.000000e+00,0.000000e+00,0.000000e+00,4.448000e+00,0.000000e+00,0.000000e+00,0.000000e+00,0.000000e+00,0.000000e+00,0.000000e+00,0.000000e+00,9.766959e-03,-4.202120e-05,0.000000e+00,0.000000e+00,0.000000e+00,0.000000e+00,9.766959e-03,4.202120e-05,0.000000e+00,0.000000e+00,0.000000e+00,0.000000e+00,9.766959e-03,4.202120e-05,0.000000e+00,0.000000e+00,0.000000e+00,0.000000e+00,9.766959e-03,-4.202120e-05,0.000000e+00,0.000000e+00,0.000000e+00,0.000000e+00,0.000000e+00,0.000000e+00,0.000000e+00,0.000000e+00,0.000000e+00,0.000000e+00,0.000000e+00,0.000000e+00,0.000000e+00,0.000000e+00,0.000000e+00,0.000000e+00,0.000000e+00,0.000000e+00,0.000000e+00,0.000000e+00,0.000000e+00,0.000000e+00,0.000000e+00,0.000000e+00
7.174239e-03,1.754635e-05,0.000000e+00,0.000000e+00,0.000000e+00,0.000000e+00,4.559200e+00,3.985689e-04,3.031737e-04,0.000000e+00,0.000000e+00,0.000000e+00,0.000000e+00,0.000000e+00,0.000000e+00,0.000000e+00,0.000000e+00,0.000000e+00,0.000000e+00,0.000000e+00,0.000000e+00,0.000000e+00,0.000000e+00,1.754635e-05,0.000000e+00,0.000000e+00,0.000000e+00,0.000000e+00,1.112000e-01,0.000000e+00,0.000000e+00,0.000000e+00,0.000000e+00,0.000000e+00,0.000000e+00,0.000000e+00,0.000000e+00,4.448000e+00,0.000000e+00,0.000000e+00,0.000000e+00,0.000000e+00,0.000000e+00,0.000000e+00,0.000000e+00,9.737956e-03,-4.694061e-05,0.000000e+00,0.000000e+00,0.000000e+00,0.000000e+00,9.737956e-03,4.694061e-05,0.000000e+00,0.000000e+00,0.000000e+00,0.000000e+00,9.737956e-03,4.694061e-05,0.000000e+00,0.000000e+00,0.000000e+00,0.000000e+00,9.737956e-03,-4.694061e-05,0.000000e+00,0.000000e+00,0.000000e+00,0.000000e+00,0.000000e+00,0.000000e+00,0.000000e+00,0.000000e+00,0.000000e+00,0.000000e+00,0.000000e+00,0.000000e+00,0.000000e+00,0.000000e+00,0.000000e+00,0.000000e+00,0.000000e+00,0.000000e+00,0.000000e+00,0.000000e+00,0.000000e+00,0.000000e+00,0.000000e+00,0.000000e+00
7.572808e-03,1.950851e-05,0.000000e+00,0.000000e+00,0.000000e+00,0.000000e+00,4.559200e+00,3.985689e-04,3.012117e-04,0.000000e+00,0.000000e+00,0.000000e+00,0.000000e+00,0.000000e+00,0.000000e+00,0.000000e+00,0.000000e+00,0.000000e+00,0.000000e+00,0.000000e+00,0.000000e+00,0.000000e+00,0.000000e+00,1.950851e-05,0.000000e+00,0.000000e+00,0.000000e+00,0.000000e+00,1.112000e-01,0.000000e+00,0.000000e+00,0.000000e+00,0.000000e+00,0.000000e+00,0.000000e+00,0.000000e+00,0.000000e+00,4.448000e+00,0.000000e+00,0.000000e+00,0.000000e+00,0.000000e+00,0.000000e+00,0.000000e+00,0.000000e+00,9.707280e-03,-5.212781e-05,0.000000e+00,0.000000e+00,0.000000e+00,0.000000e+00,9.707280e-03,5.212781e-05,0.000000e+00,0.000000e+00,0.000000e+00,0.000000e+00,9.707280e-03,5.212781e-05,0.000000e+00,0.000000e+00,0.000000e+00,0.000000e+00,9.707280e-03,-5.212781e-05,0.000000e+00,0.000000e+00,0.000000e+00,0.000000e+00,0.000000e+00,0.000000e+00,0.000000e+00,0.000000e+00,0.000000e+00,0.000000e+00,0.000000e+00,0.000000e+00,0.000000e+00,0.000000e+00,0.000000e+00,0.000000e+00,0.000000e+00,0.000000e+00,0.000000e+00,0.000000e+00,0.000000e+00,0.000000e+00,0.000000e+00,0.000000e+00
7.971377e-03,2.156758e-05,0.000000e+00,0.000000e+00,0.000000e+00,0.000000e+00,4.559200e+00,3.985689e-04,2.991527e-04,0.000000e+00,0.000000e+00,0.000000e+00,0.000000e+00,0.000000e+00,0.000000e+00,0.000000e+00,0.000000e+00,0.000000e+00,0.000000e+00,0.000000e+00,0.000000e+00,0.000000e+00,0.000000e+00,2.156758e-05,0.000000e+00,0.000000e+00,0.000000e+00,0.000000e+00,1.112000e-01,0.000000e+00,0.000000e+00,0.000000e+00,0.000000e+00,0.000000e+00,0.000000e+00,0.000000e+00,0.000000e+00,4.448000e+00,0.000000e+00,0.000000e+00,0.000000e+00,0.000000e+00,0.000000e+00,0.000000e+00,0.000000e+00,9.674932e-03,-5.758188e-05,0.000000e+00,0.000000e+00,0.000000e+00,0.000000e+00,9.674932e-03,5.758188e-05,0.000000e+00,0.000000e+00,0.000000e+00,0.000000e+00,9.674932e-03,5.758188e-05,0.000000e+00,0.000000e+00,0.000000e+00,0.000000e+00,9.674932e-03,-5.758188e-05,0.000000e+00,0.000000e+00,0.000000e+00,0.000000e+00,0.000000e+00,0.000000e+00,0.000000e+00,0.000000e+00,0.000000e+00,0.000000e+00,0.000000e+00,0.000000e+00,0.000000e+00,0.000000e+00,0.000000e+00,0.000000e+00,0.000000e+00,0.000000e+00,0.000000e+00,0.000000e+00,0.000000e+00,0.000000e+00,0.000000e+00,0.000000e+00
8.369946e-03,2.372215e-05,0.000000e+00,0.000000e+00,0.000000e+00,0.000000e+00,4.559200e+00,3.985689e-04,2.969982e-04,0.000000e+00,0.000000e+00,0.000000e+00,0.000000e+00,0.000000e+00,0.000000e+00,0.000000e+00,0.000000e+00,0.000000e+00,0.000000e+00,0.000000e+00,0.000000e+00,0.000000e+00,0.000000e+00,2.372215e-05,0.000000e+00,0.000000e+00,0.000000e+00,0.000000e+00,1.112000e-01,0.000000e+00,0.000000e+00,0.000000e+00,0.000000e+00,0.000000e+00,0.000000e+00,0.000000e+00,0.000000e+00,4.448000e+00,0.000000e+00,0.000000e+00,0.000000e+00,0.000000e+00,0.000000e+00,0.000000e+00,0.000000e+00,9.640920e-03,-6.330189e-05,0.000000e+00,0.000000e+00,0.000000e+00,0.000000e+00,9.640920e-03,6.330189e-05,0.000000e+00,0.000000e+00,0.000000e+00,0.000000e+00,9.640920e-03,6.330189e-05,0.000000e+00,0.000000e+00,0.000000e+00,0.000000e+00,9.640920e-03,-6.330189e-05,0.000000e+00,0.000000e+00,0.000000e+00,0.000000e+00,0.000000e+00,0.000000e+00,0.000000e+00,0.000000e+00,0.000000e+00,0.000000e+00,0.000000e+00,0.000000e+00,0.000000e+00,0.000000e+00,0.000000e+00,0.000000e+00,0.000000e+00,0.000000e+00,0.000000e+00,0.000000e+00,0.000000e+00,0.000000e+00,0.000000e+00,0.000000e+00
8.768515e-03,2.597073e-05,0.000000e+00,0.000000e+00,0.000000e+00,0.000000e+00,4.559200e+00,3.985689e-04,2.947497e-04,0.000000e+00,0.000000e+00,0.000000e+00,0.000000e+00,0.000000e+00,0.000000e+00,0.000000e+00,0.000000e+00,0.000000e+00,0.000000e+00,0.000000e+00,0.000000e+00,0.000000e+00,0.000000e+00,2.597073e-05,0.000000e+00,0.000000e+00,0.000000e+00,0.000000e+00,1.112000e-01,0.000000e+00,0.000000e+00,0.000000e+00,0.000000e+00,0.000000e+00,0.000000e+00,0.000000e+00,0.000000e+00,4.448000e+00,0.000000e+00,0.000000e+00,0.000000e+00,0.000000e+00,0.000000e+00,0.000000e+00,0.000000e+00,9.605250e-03,-6.928687e-05,0.000000e+00,0.000000e+00,0.000000e+00,0.000000e+00,9.605250e-03,6.928687e-05,0.000000e+00,0.000000e+00,0.000000e+00,0.000000e+00,9.605250e-03,6.928687e-05,0.000000e+00,0.000000e+00,0.000000e+00,0.000000e+00,9.605250e-03,-6.928687e-05,0.000000e+00,0.000000e+00,0.000000e+00,0.000000e+00,0.000000e+00,0.000000e+00,0.000000e+00,0.000000e+00,0.000000e+00,0.000000e+00,0.000000e+00,0.000000e+00,0.000000e+00,0.000000e+00,0.000000e+00,0.000000e+00,0.000000e+00,0.000000e+00,0.000000e+00,0.000000e+00,0.000000e+00,0.000000e+00,0.000000e+00,0.000000e+00
9.167084e-03,2.831179e-05,0.000000e+00,0.000000e+00,0.000000e+00,0.000000e+00,4.559200e+00,3.985689e-04,2.924087e-04,0.000000e+00,0.000000e+00,0.000000e+00,0.000000e+00,0.000000e+00,0.000000e+00,0.000000e+00,0.000000e+00,0.000000e+00,0.000000e+00,0.000000e+00,0.000000e+00,0.000000e+00,0.000000e+00,2.831179e-05,0.000000e+00,0.000000e+00,0.000000e+00,0.000000e+00,1.112000e-01,0.000000e+00,0.000000e+00,0.000000e+00,0.000000e+00,0.000000e+00,0.000000e+00,0.000000e+00,0.000000e+00,4.448000e+00,0.000000e+00,0.000000e+00,0.000000e+00,0.000000e+00,0.000000e+00,0.000000e+00,0.000000e+00,9.567929e-03,-7.553578e-05,0.000000e+00,0.000000e+00,0.000000e+00,0.000000e+00,9.567929e-03,7.553578e-05,0.000000e+00,0.000000e+00,0.000000e+00,0.000000e+00,9.567929e-03,7.553578e-05,0.000000e+00,0.000000e+00,0.000000e+00,0.000000e+00,9.567929e-03,-7.553578e-05,0.000000e+00,0.000000e+00,0.000000e+00,0.000000e+00,0.000000e+00,0.000000e+00,0.000000e+00,0.000000e+00,0.000000e+00,0.000000e+00,0.000000e+00,0.000000e+00,0.000000e+00,0.000000e+00,0.000000e+00,0.000000e+00,0.000000e+00,0.000000e+00,0.000000e+00,0.000000e+00,0.000000e+00,0.000000e+00,0.000000e+00,0.000000e+00
9.565653e-03,3.074371e-05,0.000000e+00,0.000000e+00,0.000000e+00,0.000000e+00,4.559200e+00,3.985689e-04,2.899769e-04,0.000000e+00,0.000000e+00,0.000000e+00,0.000000e+00,0.000000e+00,0.000000e+00,0.000000e+00,0.000000e+00,0.000000e+00,0.000000e+00,0.000000e+00,0.000000e+00,0.000000e+00,0.000000e+00,3.074371e-05,0.000000e+00,0.000000e+00,0.000000e+00,0.000000e+00,1.112000e-01,0.000000e+00,0.000000e+00,0.000000e+00,0.000000e+00,0.000000e+00,0.000000e+00,0.000000e+00,0.000000e+00,4.448000e+00,0.000000e+00,0.000000e+00,0.000000e+00,0.000000e+00,0.000000e+00,0.000000e+00,0.000000e+00,9.528960e-03,-8.204753e-05,0.000000e+00,0.000000e+00,0.000000e+00,0.000000e+00,9.528960e-03,8.204753e-05,0.000000e+00,0.000000e+00,0.000000e+00,0.000000e+00,9.528960e-03,8.204753e-05,0.000000e+00,0.000000e+00,0.000000e+00,0.000000e+00,9.528960e-03,-8.204753e-05,0.000000e+00,0.000000e+00,0.000000e+00,0.000000e+00,0.000000e+00,0.000000e+00,0.000000e+00,0.000000e+00,0.000000e+00,0.000000e+00,0.000000e+00,0.000000e+00,0.000000e+00,0.000000e+00,0.000000e+00,0.000000e+00,0.000000e+00,0.000000e+00,0.000000e+00,0.000000e+00,0.000000e+00,0.000000e+00,0.000000e+00,0.000000e+00
9.964222e-03,3.326481e-05,0.000000e+00,0.000000e+00,0.000000e+00,0.000000e+00,4.559200e+00,3.985689e-04,2.874559e-04,0.000000e+00,0.000000e+00,0.000000e+00,0.000000e+00,0.000000e+00,0.000000e+00,0.000000e+00,0.000000e+00,0.000000e+00,0.000000e+00,0.000000e+00,0.000000e+00,0.000000e+00,0.000000e+00,3.326481e-05,0.000000e+00,0.000000e+00,0.000000e+00,0.000000e+00,1.112000e-01,0.000000e+00,0.000000e+00,0.000000e+00,0.000000e+00,0.000000e+00,0.000000e+00,0.000000e+00,0.000000e+00,4.448000e+00,0.000000e+00,0.000000e+00,0.000000e+00,0.000000e+00,0.000000e+00,0.000000e+00,0.000000e+00,9.488354e-03,-8.882103e-05,0.000000e+00,0.000000e+00,0.000000e+00,0.000000e+00,9.488354e-03,8.882103e-05,0.000000e+00,0.000000e+00,0.000000e+00,0.000000e+00,9.488354e-03,8.882103e-05,0.000000e+00,0.000000e+00,0.000000e+00,0.000000e+00,9.488354e-03,-8.882103e-05,0.000000e+00,0.000000e+00,0.000000e+00,0.000000e+00,0.000000e+00,0.000000e+00,0.000000e+00,0.000000e+00,0.000000e+00,0.000000e+00,0.000000e+00,0.000000e+00,0.000000e+00,0.000000e+00,0.000000e+00,0.000000e+00,0.000000e+00,0.000000e+00,0.000000e+00,0.000000e+00,0.000000e+00,0.000000e+00,0.000000e+00,0.000000e+00
