time_ms,history_still_elastic,binary_IE_minus_U_J,binary_lower_J,binary_upper_J,binary_zero_compatible,CSV_IE_minus_U_J,CSV_lower_J,CSV_upper_J,CSV_zero_compatible
0.0,True,0.0,-7.006492321624087e-49,7.006492321624087e-49,True,0.0,-5.000000000022323e-10,5.000000000000001e-10,True
2.499999936844688e-05,True,2.1606683731079102e-13,-4.936009726666921e-13,9.257346310472975e-13,True,0.0,-3.709668118341262e-12,3.709667485372729e-12,True
4.999999873689376e-05,True,5.879201125935652e-13,-2.2504173427608167e-12,3.4262575029840397e-12,True,-8.575e-13,-1.3694962847412462e-11,1.1979961995422013e-11,True
7.500000356230885e-05,True,1.956141204573214e-12,-7.488524845809611e-12,1.140080699510041e-11,True,6.28e-12,-1.566116660255355e-11,2.822116521507341e-11,True
9.999999747378752e-05,True,-4.646885957169746e-12,-1.599489678483224e-11,6.701124610637116e-12,True,1.425e-11,-1.4701053496683318e-10,1.7551048325216102e-10,True
0.0001250000059371814,True,-1.1924255107130323e-11,-3.8421630181671525e-11,1.457311892798836e-11,True,-9.265008928571429e-11,-2.939725858926361e-10,1.0867234801500903e-10,True
0.0001500000071246177,True,-8.778388811541455e-12,-4.652103078634745e-11,2.896425212384202e-11,True,-4.921285714285714e-11,-2.8664945736131635e-10,1.8822368376940358e-10,True
0.00017499999376013875,True,1.8755497876554726e-11,-2.2773835163596754e-11,6.02848298772837e-11,True,1.1479857142857143e-10,-1.512411438498766e-10,3.80838227400821e-10,True
0.00019999999494757503,True,2.173382381442934e-11,-2.3572880828786378e-11,6.704052741822255e-11,True,-1.3729723214285715e-10,-4.318697752018925e-10,1.5727525160997976e-10,True
0.00022499999613501132,True,5.3769274797689704e-11,-1.0205321034715912e-11,1.1774386959067282e-10,True,-1.4422857142857142e-11,-3.5234891384324996e-10,3.235031402513372e-10,True
0.0002500000118743628,True,-1.4239664389086621e-11,-1.1989607550536417e-10,9.141674256950086e-11,True,3.2459910714285713e-11,-3.717551938818236e-10,4.366749392620102e-10,True
0.0002749999985098839,True,-5.7057485849197424e-11,-1.7019689091414748e-10,5.608191505806255e-11,True,6.622714285714286e-11,-3.6999122149587217e-10,5.024454311617731e-10,True
0.0003000000142492354,True,-7.728115555697253e-11,-1.978743842170973e-10,4.3312068945462156e-11,True,-2.951500892857143e-10,-7.632470224951049e-10,1.7294676787529144e-10,True
0.00032500000088475645,True,4.069546204326408e-11,-1.1712213121687197e-10,1.9851305114571007e-10,True,-1.1015723214285714e-10,-1.0897990619412546e-09,8.694845216071553e-10,True
0.0003499999875202775,True,-8.927688135632447e-11,-2.544821493626972e-10,7.592838249235814e-11,True,-3.3157142857142856e-10,-1.3428088837621949e-09,6.796659505709528e-10,True
0.000375000003259629,True,1.2096442515030503e-10,-5.159154742224409e-11,2.935203935651641e-10,True,1.6158714285714285e-10,-8.810878016960675e-10,1.2042620113619686e-09,True
0.00039999998989515007,True,-4.3097035294132575e-12,-1.841768576663786e-10,1.7555744644986202e-10,True,5.710349107142858e-10,-5.029084330175658e-10,1.6449781783977526e-09,True
0.0004250000056345016,True,-8.62628304665642e-11,-2.7339907371372523e-10,1.0087340862290669e-10,True,1.9777678571428572e-10,-9.072550293920776e-10,1.3028085247722643e-09,True
0.00044999999227002263,True,-2.586350144286241e-11,-2.7982884161506917e-10,2.2810183457165426e-10,True,-2.798000892857143e-10,-1.4753341385839722e-09,9.157338839641587e-10,True
0.00047500000800937414,False,0.00024630415068353925,0.00024630389715251966,0.0002463044042145547,False,0.0002463042430677679,0.00024630304939126334,0.00024630543674419636,False
0.0005000000237487257,False,0.000494261885512853,0.0004942616325427058,0.0004942621384829962,False,0.0004942613203549107,0.0004942601290771327,0.0004942625116326127,False
0.0005249999812804163,False,0.0007395640315920297,0.0007395637791790711,0.0007395642840049842,False,0.0007395638882842857,0.0007395626993895024,0.000739565077178993,False
0.0005499999970197678,False,0.0009822376075982716,0.0009822373557388262,0.0009822378594577129,False,0.0009822374257567857,0.000982236239229265,0.0009822386122842306,False
0.0005750000127591193,False,0.0012223099337834117,0.0012223096824738374,0.0012223101850929818,False,0.0012223092676425,0.0012223080834666263,0.0012223104518182977,False
0.0006000000284984708,False,0.0014598067739038795,0.0014598065231405343,0.0014598070246672206,False,0.0014598067247299108,0.001459805542890185,0.0014598079065695603,False
0.0006249999860301614,False,0.001694754906631873,0.0016947546564111396,0.0016947551568526024,False,0.001694755225367768,0.0016947540458486913,0.0016947564048867684,False
0.0006500000017695129,False,0.0019271796125684465,0.0019271793628867161,0.001927179862250173,False,0.0019271800434927679,0.001927178866278958,0.0019271812207065017,False
0.0006750000175088644,False,0.002157106656883311,0.0021571062885277015,0.0021571070252389165,False,0.002157106726419643,0.0021571054322863112,0.002157108020552899,False
0.000699999975040555,False,0.002384561548421126,0.0023845611805973516,0.0023845619162448967,False,0.002384562218349911,0.002384560926491197,0.0023845635102085483,False
0.0007249999907799065,False,0.002609569043672436,0.002609568676376929,0.0026095694109679385,False,0.0026095691894271428,0.002609567899827665,0.0026095704790265444,False
0.000750000006519258,False,0.0028321543808281337,0.002832154014057344,0.0028321547475989193,False,0.0028321536929277677,0.002832152405572377,0.0028321549802830825,False
0.0007750000222586095,False,0.0030523416057089262,0.003052341239459328,0.0030523419719585203,False,0.003052340907717768,0.003052339622591431,0.003052342192844029,False
0.0007999999797903001,False,0.0032701551870360107,0.0032701548213040863,0.0032701555527679307,False,0.0032701551556785714,0.003270153872766255,0.0032701564385908114,False
0.0008249999955296516,False,0.0034856188500124096,0.003485618484794642,0.0034856192152301732,False,0.0034856187497767856,0.0034856174690634577,0.0034856200304900376,False
0.0008500000112690032,False,0.003698757096962072,0.003698756732254985,0.0036987574616691547,False,0.0036987578217085714,0.0036987565431793154,0.0036987591002377515,False
0.0008750000270083547,False,0.003909592640056375,0.003909592275856476,0.003909593004256269,False,0.003909592656639643,0.003909591380279542,0.003909593932999668,False
0.0008999999845400453,False,0.004118148991020787,0.004118148627324626,0.004118149354716945,False,0.004118149351977768,0.004118148077772023,0.004118150626183437,False
0.0009250000002793968,False,0.004324448861833587,0.004324448498637712,0.004324449225029458,False,0.004324448165499197,0.004324446893433007,0.00432444943756531,False
0.0009500000160187483,False,0.004528514727604101,0.0045285143649050705,0.004528515090303128,False,0.004528514975308572,0.004528513705367372,0.004528516245249695,False
0.0009749999735504389,False,0.004730370022887065,0.00473036966068146,0.0047303703850926655,False,0.0047303693799985716,0.004730368112167561,0.0047303706478295056,False
0.0010000000474974513,False,0.004930036484820502,0.004930036123104923,0.004930036846536078,False,0.004930036035678572,0.004930034769943301,0.004930037301413766,False
0.001025000005029142,False,0.005127535819924429,0.005127535458695473,0.005127536181153379,False,0.005127536137,0.005127534873346018,0.005127537400653906,False
0.0010499999625608325,False,0.005322890215681391,0.005322889854935677,0.0053228905764271025,False,0.005322890068694196,0.005322888807106937,0.005322891330281379,False
0.001075000036507845,False,0.005516120656733393,0.005516120296467558,0.005516121016999223,False,0.005516120816911071,0.005516119557376084,0.005516122076445982,False
0.0010999999940395355,False,0.005707249287145936,0.005707248927356623,0.005707249646935245,False,0.005707249142354911,0.005707247884857979,0.005707250399851766,False
0.0011249999515712261,False,0.005896295865408603,0.005896295506092468,0.005896296224724733,False,0.005896295603428571,0.005896294347955245,0.005896296858901822,False
0.0011500000255182385,False,0.00608328251853631,0.0060832821596900274,0.006083282877382588,False,0.00608328272137,0.0060832814679061785,0.006083283974833746,False
0.0011749999830499291,False,0.0062682292107459426,0.006268228852366194,0.006268229569125687,False,0.0062682288277825,0.006268227576313966,0.006268230079250959,False
0.0012000000569969416,False,0.006451156133561794,0.0064511555372267,0.006451156729896885,False,0.006451156824852768,0.006451155336946841,0.006451158312758619,False
0.0012250000145286322,False,0.006632084416880796,0.006632083821005651,0.006632085012755937,False,0.006632084814609911,0.006632083328671071,0.006632086300548675,False
0.0012499999720603228,False,0.0068110323169188755,0.0068110317215003945,0.006811032912337353,False,0.006811032668374196,0.006811031184388459,0.006811034152359858,False
0.0012750000460073352,False,0.00698802046196788,0.006988019867002795,0.0069880210569329615,False,0.006988020689411072,0.006988019207364336,0.006988022171457732,False
0.0013000000035390258,False,0.007163068747014531,0.007163068152499599,0.007163069341529459,False,0.007163069269924196,0.0071630677898027115,0.007163070750045606,False
0.0013249999610707164,False,0.007336196345229101,0.007336195751161079,0.007336196939297119,False,0.0073361966859927675,0.007336195207782666,0.007336198164202794,False
0.0013500000350177288,False,0.007507420981993358,0.00750742038836902,0.007507421575617693,False,0.007507420983244285,0.007507419506931699,0.007507422459556796,False
0.0013749999925494194,False,0.00767676395005712,0.007676763356873247,0.007676764543240989,False,0.00767676396220991,0.007676762487781089,0.007676765436638656,False
0.00139999995008111,False,0.007844241040934277,0.007844240448187666,0.007844241633680882,False,0.007844241404372768,0.007844239931814077,0.007844242876931383,False
0.0014250000240281224,False,0.008009873522816683,0.008009872930504145,0.008009874115129217,False,0.008009873558819196,0.008009872088116885,0.008009875029521432,False
0.001449999981559813,False,0.008173677161096994,0.008173676569215351,0.008173677752978633,False,0.008173676940464196,0.008173675471604747,0.008173678409323572,False
0.0014750000555068254,False,0.00833567224610567,0.008335671654651752,0.008335672837559583,False,0.008335672532034911,0.008335671065004803,0.008335673999064942,False
0.001500000013038516,False,0.008495874289124673,0.008495873698095322,0.008495874880154018,False,0.00849587856068,0.008495872595465602,0.008495884525894322,False
0.0015249999705702066,False,0.008654303060602655,0.008654302469994737,0.008654303651210568,False,0.008654302239819197,0.008654296276407224,0.008654308203231093,False
0.001550000044517219,False,0.008810974545902439,0.008810973955712809,0.008810975136092065,False,0.008810977028311072,0.008810971066688005,0.008810982989934062,False
0.0015750000020489097,False,0.008965906809664323,0.008965906219889871,0.00896590739943877,False,0.008965905360402768,0.008965899400555323,0.008965911320250137,False
0.0015999999595806003,False,0.009119116770962046,0.009119116181599654,0.009119117360324433,False,0.009119118166639642,0.009119112208554535,0.009119124124724674,False
0.0016250000335276127,False,0.00927062033474378,0.009270619745790356,0.0092706209236972,False,0.00927061637060491,0.009270610414268854,0.00927062232694089,False
0.0016499999910593033,False,0.009420435803382391,0.00942043521483485,0.009420436391929929,False,0.00942043162102491,0.009420425666424738,0.009420437575625006,False
0.0016749999485909939,False,0.00956857860810116,0.009568578019956423,0.009568579196245892,False,0.009568574819639642,0.009568568866762186,0.009568580772517023,False
0.0017000000225380063,False,0.00971506512373266,0.00971506453598766,0.009715065711477655,False,0.009715067588194196,0.009715061637026403,0.009715073539361914,False
0.001724999980069697,False,0.009859911936128212,0.009859911348779898,0.009859912523476523,False,0.009859910082702768,0.00985990413323147,0.009859916032173989,False
0.0017500000540167093,False,0.010003135397812743,0.01000313481085807,0.010003135984767412,False,0.010003134627776786,0.010003128679989048,0.010003140575564447,False
0.0017750000115484,False,0.010144749209897327,0.010144748623333269,0.010144749796461381,False,0.010144751363390625,0.010144745417273397,0.010144757309507778,False
0.0017999999690800905,False,0.010284771610301387,0.010284771024124926,0.010284772196477844,False,0.010284772582776786,0.010284766638317247,0.010284778527236249,False
0.001825000043027103,False,0.010423216794650528,0.010423216208858645,0.010423217380442407,False,0.010423218410148571,0.010423212467333787,0.01042322435296328,False
0.0018500000005587935,False,0.010560099603434991,0.010560099018024693,0.010560100188845286,False,0.010560101107874911,0.01056009516669218,0.010560107049057566,False
0.0018749999580904841,False,0.010695435165991998,0.01069543458096029,0.010695435751023701,False,0.010695440075620625,0.01069543413605701,0.010695446015184164,False
0.0019000000320374966,False,0.010829239036468489,0.010829238451812396,0.01082923962112458,False,0.010829237552787143,0.010829231614829944,0.010829243490744267,False
0.0019249999895691872,False,0.010961525588016425,0.010961525003732977,0.01096152617229987,False,0.01096152434432,0.010961518407956512,0.010961530280683411,False
0.0019499999471008778,False,0.011092310138110304,0.011092309554196541,0.011092310722024063,False,0.011092311950537143,0.011092306015754783,0.011092317885319426,False
0.0019749999046325684,False,0.011221606301003235,0.011221605717456213,0.011221606884550253,False,0.011221610457110625,0.01122160452389669,0.011221616390324483,False
0.0020000000949949026,False,0.011349427253420332,0.011349426670237108,0.01134942783660355,False,0.011349432043849196,0.011349426112191217,0.011349437975507099,False
0.002025000052526593,False,0.01147578945079815,0.011475788867975798,0.011475790033620498,False,0.011475786781524196,0.011475780851409588,0.011475792711638729,False
0.002050000010058284,False,0.011600705521896714,0.011600704939432322,0.011600706104361102,False,0.011600706128634286,0.011600700200050579,0.011600712057217917,False
0.0020749999675899744,False,0.011724188405654784,0.011724187823545434,0.011724188987764131,False,0.01172419083821107,0.011724184911145796,0.01172419676527627,False
0.002099999925121665,False,0.01184625304059118,0.011846252458833986,0.01184625362234837,False,0.011846252344756785,0.011846246419197591,0.011846258270315905,False
0.0021250001154839993,False,0.011966913093052771,0.011966912511644832,0.011966913674460707,False,0.01196691138217,0.011966905458104532,0.011966917306235392,False
0.00215000007301569,False,0.012086180618590774,0.012086180037529221,0.012086181199652326,False,0.01208617867833,0.012086172755745906,0.012086184600914018,False
0.0021750000305473804,False,0.012204068524227478,0.012204067943509431,0.012204069104945519,False,0.012204065635890625,0.012204059714775669,0.012204071557005505,False
0.002199999988079071,False,0.012320591495768092,0.012320590915390702,0.012320592076145479,False,0.012320592963995625,0.012320587044337573,0.012320598883653602,False
0.0022249999456107616,False,0.01243576167837483,0.012435761098335244,0.012435762258414411,False,0.01243576204222991,0.012435756124016642,0.012435767960443104,False
0.0022499999031424522,False,0.01254959141707506,0.012549590837370435,0.012549591996779682,False,0.012549592887187143,0.01254958697040642,0.01254959880396779,False
0.0022750000935047865,False,0.01266209304836948,0.012662092468996978,0.012662093627741976,False,0.012662096862324196,0.0126620909469639,0.012662102777684417,False
0.002300000051036477,False,0.012773279104700977,0.012773278525657782,0.01277327968374417,False,0.0127732746467425,0.012773268732790513,0.01277328056069441,False
0.0023250000085681677,False,0.012883162857402515,0.012883162278685814,0.012883163436119211,False,0.01288315824910491,0.012883152336549344,0.012883164161660401,False
0.0023499999660998583,False,0.01299175450534929,0.012991753926956274,0.012991755083742302,False,0.012991756993084285,0.012991751081913023,0.012991762904255473,False
0.002374999923631549,False,0.01309906750767944,0.013099066929607316,0.013099068085751562,False,0.013099062867417768,0.01309905695761892,0.01309906877721654,False
0.002400000113993883,False,0.013205114157233779,0.013205113579479757,0.013205114734987795,False,0.013205115854265625,0.013205109945827189,0.013205121762703985,False
0.0024250000715255737,False,0.013309903877675002,0.013309903300236308,0.01330990445511369,False,0.013309907916387143,0.01330990200929735,0.01330991382347686,False
0.0024500000290572643,False,0.013413449899263546,0.013413449322137413,0.013413450476389678,False,0.013413449022710624,0.013413443116957588,0.013413454928463586,False
0.002474999986588955,False,0.013515763336908796,0.013515762760092451,0.013515763913725137,False,0.013515759800044286,0.01351575389561612,0.013515765704472375,False
0.0024999999441206455,False,0.013616855898020523,0.013616855321511223,0.013616856474529818,False,0.013616852176045625,0.013616846272930675,0.013616858079160498,False
0.002524999901652336,False,0.013716737528556126,0.01371673695235112,0.01371673810476113,False,0.013716735451977142,0.013716729550163523,0.013716741353790687,False
0.0025500000920146704,False,0.013815419917656774,0.013815419341753333,0.01381542049356021,False,0.01381542218575857,0.013815416285234746,0.013815428086282321,False
0.002575000049546361,False,0.013912914149221,0.013912913573616396,0.013912914724825599,False,0.01391291166982491,0.013912905770579107,0.013912917569070638,False
0.0026000000070780516,False,0.01400923034810541,0.014009229772796917,0.014009230923413897,False,0.014009225142911072,0.014009219244931639,0.014009231040890429,False
0.002624999964609742,False,0.014104380176540922,0.014104379601525838,0.014104380751556001,False,0.014104384474015625,0.014104378577291143,0.014104390370740032,False
0.0026499999221414328,False,0.014198372593967909,0.014198372019243522,0.014198373168692291,False,0.014198368303970626,0.014198362408489321,0.014198374199451852,False
0.002675000112503767,False,0.01429121924500327,0.014291218670566895,0.014291219819439642,False,0.014291219128870625,0.014291213234621082,0.014291225023120092,False
0.0027000000700354576,False,0.014382930029928685,0.014382929455777627,0.014382930604079738,False,0.014382926865884285,0.014382920972854965,0.01438293275891353,False
0.002725000027567148,False,0.01447351542826925,0.014473514854400831,0.014473516002137662,False,0.014473512706252767,0.01447350681443225,0.01447351859807321,False
0.002749999985098839,False,0.014562983808982112,0.014562983235393664,0.014562984382570554,False,0.014562987194558572,0.014562981303935435,0.01456299308518163,False
0.0027749999426305294,False,0.01465134639465596,0.014651345821344822,0.014651346967967094,False,0.014651351502491071,0.014651345613054013,0.014651357391928053,False
0.00279999990016222,False,0.014738613254468414,0.014738612681431925,0.014738613827504899,False,0.014738614898039196,0.014738609009776681,0.014738620786301636,False
0.0028250000905245543,False,0.01482479273699416,0.014824792164229668,0.01482479330975865,False,0.01482478980175857,0.01482478391465941,0.014824795688857657,False
0.002850000048056245,False,0.014909896235883104,0.014909895186550812,0.01490989728521539,False,0.014909895473252768,0.014909889110468384,0.014909901836037076,False
0.0028750000055879354,False,0.01499393017628655,0.014993929127220992,0.014993931225352105,False,0.014993933681796785,0.014993927320153148,0.014993940043440348,False
0.002899999963119626,False,0.015076906317766748,0.015076905268965286,0.015076907366568205,False,0.01507690493082491,0.015076898570310832,0.015076911291338913,False
0.0029249999206513166,False,0.015158833361223732,0.015158832312683754,0.015158834409763703,False,0.015158829097122769,0.015158822737726946,0.015158835456518515,False
0.002950000111013651,False,0.015239719239477034,0.015239718191195925,0.015239720287758142,False,0.01523971791937,0.015239711561081363,0.01523972427765856,False
0.0029750000685453415,False,0.015319574355928893,0.015319573307904046,0.015319575403953735,False,0.015319571262764196,0.015319564905571558,0.015319577619956759,False
0.003000000026077032,False,0.015398405102081564,0.015398404054310385,0.015398406149852738,False,0.015398409610991072,0.015398403254883243,0.015398415967098823,False
0.0030249999836087227,False,0.015476223584586746,0.015476222537066651,0.015476224632106838,False,0.015476224672854911,0.01547621831782094,0.015476231027888806,False
0.0030499999411404133,False,0.015553035806816471,0.015553034759544863,0.015553036854088074,False,0.015553036298997769,0.015553029945026582,0.015553042652968878,False
0.003074999898672104,False,0.01562885042344403,0.01562884937641834,0.015628851470469714,False,0.0156288549535625,0.01562884860064303,0.015628861306481896,False
0.003100000089034438,False,0.015703677240930466,0.015703676194148117,0.015703678287712807,False,0.01570368170604991,0.0157036753541712,0.015703688057928544,False
0.0031250000465661287,False,0.015777522991139964,0.015777521944598406,0.015777524037681522,False,0.015777527006199644,0.01577752065535074,0.01577753335704847,False
0.0031500000040978193,False,0.015850397469090033,0.0158503964227867,0.01585039851539336,False,0.015850400691964285,0.015850394342134116,0.015850407041794377,False
0.00317499996162951,False,0.01592230702185734,0.01592230597578968,0.01592230806792499,False,0.015922305024776786,0.015922298675954634,0.01592231137359886,False
0.0031999999191612005,False,0.015993259897269275,0.01599325885143475,0.0159932609431038,False,0.015993259222996787,0.015993252875171695,0.015993265570821803,False
0.0032250001095235348,False,0.01606326433660628,0.016063263291002345,0.01606326538221021,False,0.01606326431994991,0.016063257973111044,0.0160632706667887,False
0.0032500000670552254,False,0.01613232857465265,0.01613232752927678,0.016132329620028515,False,0.01613233073727491,0.016132324391411428,0.016132337083138316,False
0.003275000024586916,False,0.016200458749446544,0.016200457704296213,0.01620045979459687,False,0.016200458891977142,0.01620045254707821,0.016200465236876002,False
0.0032999999821186066,False,0.01626766308426989,0.01626766203934258,0.0162676641291972,False,0.016267659794464196,0.01626765345051909,0.01626766613840923,False
0.003324999939650297,False,0.01633394997809478,0.016333948933387986,0.016333951022801572,False,0.016333953848139644,0.01633394750513764,0.016333960191141566,False
0.0033499998971819878,False,0.01639932518796034,0.01639932414347154,0.016399326232449135,False,0.016399320856711072,0.016399314514641338,0.016399327198780726,False
0.003375000087544322,False,0.016463797464369722,0.01646379642009643,0.016463798508643008,False,0.016463792406249195,0.016463786065101127,0.016463798747397188,False
0.0034000000450760126,False,0.016527372554449422,0.01652737151038914,0.0165273735985097,False,0.016527368882317768,0.01652736254208076,0.0165273752225547,False
0.003425000002607703,False,0.01659005692563738,0.016590055881787618,0.01659005796948714,False,0.016590060075070624,0.016590053735733953,0.01659006641440722,False
0.003449999960139394,False,0.01665185858500187,0.01665185754136014,0.016651859628643594,False,0.01665185695489964,0.016651850616452704,0.016651863293346503,False
0.0034749999176710844,False,0.016712785714674442,0.016712784671238268,0.01671278675811061,False,0.016712789894011072,0.016712783556443265,0.016712796231578803,False
0.0035000001080334187,False,0.016772842855121907,0.01677284181188883,0.01677284389835498,False,0.01677283926017491,0.016772832923475627,0.016772845596874118,False
0.0035250000655651093,False,0.016832035731654083,0.01683203468862162,0.01683203677468654,False,0.0168320360023425,0.016832029666501252,0.01683204233818367,False
0.0035500000230968,False,0.016890374774677006,0.016890373731842708,0.016890375817511297,False,0.016890370475515625,0.016890364140521925,0.01689037681050925,False
0.0035749999806284904,False,0.01694786224228928,0.016947861199650693,0.01694786328492786,False,0.016947862447320626,0.01694785611316387,0.016947868781477304,False
0.003599999938160181,False,0.017004508017642157,0.01700450697519683,0.01700450906008748,False,0.017004503431419644,0.01700449709808946,0.017004509764749747,False
0.0036249998956918716,False,0.01706031452731089,0.017060313485056374,0.0170603155695654,False,0.01706031318547777,0.01706030685296367,0.01706031951799179,False
0.003650000086054206,False,0.01711529182141646,0.01711529077935032,0.017115292863482595,False,0.017115292047139644,0.017115285715431142,0.01711529837884807,False
0.0036750000435858965,False,0.01716944422223398,0.01716944318035379,0.017169445264114166,False,0.017169441505842768,0.01716943517492961,0.017169447836755853,False
0.003700000001117587,False,0.01722277569419784,0.017222774652501164,0.017222776735894518,False,0.01722278015274777,0.017222773822619344,0.017222786482876114,False
0.0037249999586492777,False,0.017275294540681975,0.01727529349916639,0.017275295582197557,False,0.017275290618844287,0.01727528428949046,0.017275296948198033,False
0.0037499999161809683,False,0.017327006799919522,0.01732700575858261,0.01732700784125643,False,0.017327011490414195,0.017327005161824484,0.017327017819003834,False
0.0037750001065433025,False,0.01737791868089136,0.01737791763973071,0.01737791972205201,False,0.01737791423029964,0.017377907902463786,0.017377920558135425,False
0.003800000064074993,False,0.017428032397640462,0.017428031356653658,0.01742803343862726,False,0.017428028571256787,0.017428022244164412,0.017428034898349085,False
0.0038250000216066837,False,0.017477356056341826,0.01747735501552647,0.017477357097157177,False,0.0174773553885625,0.017477349062203357,0.01747736171492157,False
0.0038499999791383743,False,0.017525893768980966,0.017525892728334654,0.017525894809627275,False,0.01752589497883964,0.017525888653203474,0.017525901304475736,False
0.003874999936670065,False,0.01757365380529497,0.017573652764815317,0.017573654845774625,False,0.0175736576345625,0.01757365130963905,0.017573663959485876,False
0.0038999998942017555,False,0.017620638186333436,0.01762063714601804,0.017620639226648825,False,0.01762063421186777,0.017620627887646897,0.017620640536088562,False
0.003924999851733446,False,0.017666853263903808,0.0176668522237503,0.017666854304057313,False,0.017666854425,0.017666848101471455,0.017666860748528468,False
0.003949999809265137,False,0.01771230295785662,0.01771230191786261,0.01771230399785063,False,0.017712299119739643,0.017712292796893285,0.017712305442585924,False
0.003975000232458115,False,0.017756995344565915,0.01775699430472902,0.017756996384402805,False,0.01775699800425,0.017756991682075576,0.01775700432642435,False
0.004000000189989805,False,0.017800932773012368,0.017800931733330225,0.01780093381269451,False,0.017800931914017767,0.017800925592505137,0.017800938235530323,False
0.004025000147521496,False,0.01784411932251442,0.017844118282984656,0.01784412036204418,False,0.017844121113724912,0.017844114792863935,0.01784412743458581,False
0.004050000105053186,False,0.01788656305444613,0.017886562015066384,0.017886564093825875,False,0.017886566425677767,0.017886560105458426,0.017886572745897035,False
0.004075000062584877,False,0.01792826613178642,0.01792826509255433,0.01792826717101851,False,0.017928267542834286,0.01792826122324644,0.017928273862422055,False
0.004100000020116568,False,0.01796923279166367,0.01796923175257688,0.017969233830750456,False,0.01796923527751777,0.017969228958551395,0.017969241596484064,False
0.004124999977648258,False,0.01800946900284819,0.018009467963904353,0.018009470041792028,False,0.01800946931660491,0.018009462998249872,0.018009475634959873,False
0.004149999935179949,False,0.01804897899302367,0.018048977954220436,0.0180489800318269,False,0.01804898046249777,0.018048974144744042,0.018048986780251415,False
0.004174999892711639,False,0.018087766814790632,0.01808776577612566,0.018087767853455602,False,0.01808776895292491,0.018087762635762478,0.01808777527008727,False
0.00419999985024333,False,0.0181258384241306,0.018125837385601543,0.018125839462659655,False,0.018125835577756787,0.018125829261175737,0.018125841894337757,False
0.004224999807775021,False,0.018163194389896203,0.01816319335150073,0.01816319542829167,False,0.018163189453714285,0.018163183137704486,0.01816319576972401,False
0.0042500002309679985,False,0.018199840489378998,0.018199839451114773,0.018199841527643215,False,0.01819984191800277,0.01819983560255431,0.01819984823345115,False
0.004275000188499689,False,0.018235780927485654,0.01823577988935035,0.01823578196562095,False,0.01823578318996777,0.018235776875070747,0.018235789504864715,False
0.00430000014603138,False,0.018271021642850445,0.018271020604841738,0.018271022680859148,False,0.018271022932390624,0.01827101661803502,0.018271029246746156,False
0.00432500010356307,False,0.01830556301657043,0.018305561978686,0.01830556405445486,False,0.018305561359319197,0.018305555045494984,0.018305567673143334,False
0.004350000061094761,False,0.018339411146901415,0.01833941010913894,0.018339412184663884,False,0.018339409782999912,0.018339403469697303,0.018339416096302442,False
0.0043750000186264515,False,0.018372567976687102,0.018372566939044273,0.01837256901432993,False,0.018372567854556786,0.018372561541765874,0.01837257416734762,False
0.004399999976158142,False,0.01840503959595595,0.01840503855843045,0.018405040633481445,False,0.018405035773937144,0.018405029461648025,0.018405042086226182,False
0.004424999933689833,False,0.018436828107763047,0.018436827070352567,0.018436829145173528,False,0.018436824285991072,0.01843681797419396,0.01843683059778811,False
0.004449999891221523,False,0.01846793577855452,0.018467934741256752,0.018467936815852286,False,0.018467932484639644,0.018467926173324514,0.018467938795954698,False
0.004474999848753214,False,0.018498368517708558,0.0184983674805212,0.018498369554895908,False,0.018498371655056786,0.01849836534421385,0.018498377965899645,False
0.0044999998062849045,False,0.018528128582887743,0.018528127545808504,0.018528129619966978,False,0.0185281319795825,0.01852812566920197,0.018528138289962956,False
0.004525000229477882,False,0.018557219967830385,0.018557218930856968,0.0185572210048038,False,0.018557223636776785,0.018557217326848872,0.018557229946704622,False
0.004550000187009573,False,0.01858564458873442,0.018585643551864522,0.01858564562560432,False,0.018585646256189196,0.018585639946703994,0.018585652565674324,False
0.004575000144541264,False,0.018613405023561784,0.018613403986793123,0.018613406060330438,False,0.018613400555377142,0.01861339424632486,0.018613406864429347,False
0.004600000102072954,False,0.018640506828814976,0.018640505792145264,0.018640507865484688,False,0.018640507245434285,0.018640500936805256,0.01864051355406324,False
0.004625000059604645,False,0.018666950334143926,0.018666949297570866,0.01866695137071698,False,0.018666945401284912,0.018666939093069223,0.018666951709500522,False
0.004650000017136335,False,0.018692741586688905,0.018692740550210227,0.01869274262316758,False,0.01869274626977777,0.018692739961965753,0.018692752577589705,False
0.004674999974668026,False,0.018717880741609925,0.018717879705223348,0.0187178817779965,False,0.018717879462874197,0.018717873155456064,0.01871788577029225,False
0.004699999932199717,False,0.01874236985766991,0.018742368821373152,0.01874237089396666,False,0.01874236567414857,0.01874235936711465,0.018742371981182414,False
0.004724999889731407,False,0.018766214969653097,0.018766213933443895,0.018766216005862292,False,0.018766214509299196,0.0187662082026397,0.018766220815958617,False
0.004749999847263098,False,0.01878941605607151,0.018789415019947582,0.01878941709219543,False,0.018789416112911073,0.018789409806616208,0.01878942241920586,False
0.004774999804794788,False,0.018811977236546443,0.01881197620050552,0.018811978272587362,False,0.018811981705384912,0.018811975399445124,0.01881198801132462,False
0.004800000227987766,False,0.018833898647038657,0.018833897611078468,0.018833899682998843,False,0.018833900342034287,0.01883389403643979,0.01883390664762871,False
0.004825000185519457,False,0.01885518647066596,0.018855185434784254,0.018855187506547664,False,0.018855182694948572,0.01885517638968969,0.018855189000207377,False
0.0048500001430511475,False,0.018875840342250712,0.018875839306445204,0.018875841378056212,False,0.01887583835393,0.018875832048996947,0.018875844658862977,False
0.004875000100582838,False,0.018895862786761353,0.018895861751029794,0.018895863822492906,False,0.018895858520339644,0.01889585221572286,0.018895864824956348,False
0.004900000058114529,False,0.01891525583178706,0.018915254796127202,0.01891525686744692,False,0.018915253313399643,0.01891524700908958,0.01891525961770963,False
0.004925000015646219,False,0.01893402308093709,0.018934022045346652,0.018934024116527524,False,0.018934021238194196,0.018934014934180943,0.018934027542207375,False
0.00494999997317791,False,0.01895216513902345,0.01895216410350019,0.0189521661745467,False,0.01895216455632491,0.01895215825259903,0.018952170860050715,False
0.0049749999307096004,False,0.018969683858658288,0.018969682823199958,0.018969684894116615,False,0.018969682302839644,0.01896967599939146,0.018969688606287748,False
0.004999999888241291,False,0.018986582996666664,0.018986581961271,0.018986584032062326,False,0.018986584583696786,0.01898657828051663,0.018986590886876865,False
0.005024999845772982,False,0.01900286314528295,0.019002862109947713,0.019002864180618185,False,0.019002861501164196,0.019002855198242397,0.01900286780408592,False
0.005049999803304672,False,0.019018524075626788,0.019018523040349723,0.019018525110903847,False,0.01901852368861107,0.019018517385938072,0.019018529991283995,False
0.00507500022649765,False,0.019033571604335647,0.019033570569114505,0.019033572639556785,False,0.01903357123982491,0.019033564937391154,0.01903357754225859,False
0.005100000184029341,False,0.019048006148309548,0.01904800511314209,0.019048007183477,False,0.019048003710917766,0.01904799740871358,0.01904801001312188,False
0.005125000141561031,False,0.019061825723962592,0.01906182468884657,0.01906182675907861,False,0.019061821723220625,0.019061815421236455,0.01906182802520472,False
0.005150000099092722,False,0.019075036136671768,0.01907503510160494,0.019075037171738588,False,0.019075034826256786,0.019075028524482958,0.01907504112803054,False
0.0051750000566244125,False,0.019087637628822113,0.019087636593802245,0.01908763866384198,False,0.019087633633390624,0.019087627331817583,0.01908763993496359,False
0.005200000014156103,False,0.01909963202094912,0.01909963098597396,0.019099633055924273,False,0.019099628220311072,0.019099621918929263,0.019099634521692804,False
0.005224999971687794,False,0.01911101971051934,0.01911101867558667,0.019111020745452012,False,0.01911101865910491,0.019111012357904775,0.019111024960304968,False
0.005249999929219484,False,0.01912180044097347,0.019121799406081032,0.0191218014758659,False,0.019121805018256787,0.019121798717228772,0.019121811319284723,False
0.005274999886751175,False,0.01913197825455476,0.019131977219700325,0.01913197928940919,False,0.019131977362649197,0.019131971061783746,0.01913198366351457,False
0.0052999998442828655,False,0.019141553374885982,0.019141552340067317,0.01914155440970464,False,0.0191415557535625,0.01914154945285006,0.019141562054274863,False
0.005324999801814556,False,0.01915052760461677,0.019150526569831645,0.019150528639401893,False,0.01915053024867491,0.019150523948105923,0.019150536549243823,False
0.005350000225007534,False,0.019158899090525486,0.01915889805577166,0.019158900125279307,False,0.01915890037069991,0.019158894070264703,0.019158906671135043,False
0.005375000182539225,False,0.019166671859927,0.019166670825202244,0.019166672894651755,False,0.019166667233027145,0.019166660932716278,0.01916667353333793,False
0.005400000140070915,False,0.019173845959566792,0.01917384492486888,0.0191738469942647,False,0.019173850350960624,0.019173844050764544,0.019173856651156628,False
0.005425000097602606,False,0.019180421270608903,0.019180420235935594,0.01918042230528221,False,0.01918041976777,0.01918041346767915,0.019180426067860776,False
0.005450000055134296,False,0.01918639799471937,0.01918639696006844,0.019186399029370298,False,0.01918639552312277,0.01918638922312759,0.019186401823117868,False
0.005475000012665987,False,0.019191778075228545,0.01919177704059776,0.019191779109859326,False,0.019191778183640627,0.01919177188373168,0.019191784483549492,False
0.005499999970197678,False,0.01919656345188331,0.019196562417270444,0.01919656448649617,False,0.019196567250995625,0.01919656095116336,0.019196573550827812,False
0.005524999927729368,False,0.019200750338801184,0.01920074930420401,0.019200751373398352,False,0.019200752223756785,0.01920074592399153,0.019200758523521967,False
0.005549999885261059,False,0.019204344483259393,0.019204343448675682,0.0192043455178431,False,0.01920434418798714,0.019204337888279455,0.019204350487694755,False
0.005574999842792749,False,0.01920734209220853,0.019207341057636055,0.019207343126781004,False,0.019207343165122768,0.019207336865463207,0.019207349464782253,False
0.00559999980032444,False,0.019209745252839923,0.01920974421827646,0.01920974628740338,False,0.01920974864297,0.01920974234334901,0.01920975494259091,False
0.005625000223517418,False,0.019211555563413,0.01921155452885631,0.01921155659796968,False,0.01921156010599857,0.019211553806406483,0.01921156640559058,False
0.0056500001810491085,False,0.019212769543679887,0.01921276850912776,0.01921277057823201,False,0.01921276915535857,0.01921276285578606,0.019212775454931004,False
0.005675000138580799,False,0.01921339085388695,0.019213389819337148,0.019213391888436748,False,0.019213394208174195,0.01921338790861159,0.019213400507736726,False
0.00570000009611249,False,0.019213417590429466,0.019213416555879766,0.01921341862497916,False,0.01921341632827491,0.019213410028712772,0.019213422627836974,False
0.00572500005364418,False,0.019213418509989942,0.01921341747546726,0.019213419544512625,False,0.019213421495187143,0.01921341519574049,0.01921342779463372,False
0.005750000011175871,False,0.019213418004023142,0.019213416969555773,0.019213419038490512,False,0.019213416718399642,0.01921341041918955,0.019213423017609657,False
0.0057749999687075615,False,0.01921341827357025,0.019213417239186466,0.01921341930795403,False,0.0192134203390625,0.019213414040209934,0.01921342663791499,False
0.005799999926239252,False,0.019213419037235693,0.019213418002963743,0.01921342007150764,False,0.019213419594739642,0.01921341329636533,0.019213425893113877,False
0.005824999883770943,False,0.0192134173719676,0.019213416337835697,0.019213418406099497,False,0.01921342220771107,0.019213415909935742,0.019213428505486324,False
0.005849999841302633,False,0.01921341883936856,0.01921341780540486,0.019213419873332256,False,0.019213423746724197,0.01921341744966823,0.019213430043780087,False
0.005874999798834324,False,0.01921341906109957,0.01921341802733218,0.019213420094866956,False,0.01921342027078714,0.0192134139745708,0.01921342656700341,False
0.005900000222027302,False,0.019213418340413565,0.019213417306870515,0.01921341937395661,False,0.01921341570285491,0.019213409407597987,0.019213421998111758,False
0.005925000179558992,False,0.019213418176863343,0.01921341714357258,0.019213419210154098,False,0.01921341446534857,0.019213408171170634,0.019213420759526433,False
0.005950000137090683,False,0.019213417776789914,0.019213416743779316,0.01921341880980051,False,0.01921341990931107,0.019213413616331332,0.019213426202290735,False
0.005975000094622374,False,0.019213418987586887,0.019213417954884213,0.019213420020289553,False,0.01921341432815991,0.019213408036497116,0.01921342061982263,False
0.006000000052154064,False,0.01921341740893466,0.019213416376567573,0.019213418441301745,False,0.01921341948987777,0.0192134131996502,0.01921342578010526,False
0.006025000009685755,False,0.019213417658794373,0.019213416626790415,0.019213418690798324,False,0.019213416644276785,0.01921341035560226,0.019213422932951234,False
0.006049999967217445,False,0.019213417654161135,0.019213416622547726,0.019213418685774537,False,0.019213416019452766,0.01921340973244852,0.01921342230645694,False
0.006074999924749136,False,0.019213418477576624,0.01921341744638104,0.019213419508772204,False,0.019213417350727766,0.019213411065510444,0.019213423635945016,False
0.006099999882280827,False,0.019213418822437225,0.019213417791686598,0.01921341985318785,False,0.01921341988960991,0.01921341360629558,0.019213426172924167,False
0.006124999839812517,False,0.019213418510523092,0.019213417480244396,0.019213419540801784,False,0.019213421910674197,0.019213415629378228,0.01921342819197009,False
0.006149999797344208,False,0.019213418663385957,0.019213417633605998,0.01921341969316591,False,0.019213421235542767,0.019213414956379828,0.01921342751470563,False
0.006175000220537186,False,0.01921341805428679,0.019213417025032216,0.01921341908354136,False,0.01921341524345991,0.01921340896654397,0.019213421520375775,False
0.006200000178068876,False,0.01921341839076152,0.01921341736205878,0.019213419419464257,False,0.019213419898390625,0.019213413623834722,0.01921342617294645,False
0.006225000135600567,False,0.019213419067244445,0.019213418039119797,0.01921342009536909,False,0.01921342174902491,0.019213415476941383,0.019213428021108363,False
0.0062500000931322575,False,0.0192134189368481,0.019213417909327606,0.01921341996436859,False,0.019213416451111073,0.019213410181611445,0.019213422720610624,False
0.006275000050663948,False,0.01921341809061539,0.019213417063724893,0.01921341911750588,False,0.019213418318569195,0.01921341205176394,0.019213424585374377,False
0.006300000008195639,False,0.01921341817333575,0.01921341714710088,0.019213419199570616,False,0.019213421804977142,0.0192134155409758,0.019213428068978407,False
0.006324999965727329,False,0.0192134182947126,0.019213417269158754,0.019213419320266444,False,0.019213421496419643,0.01921341523533094,0.01921342775750827,False
0.00634999992325902,False,0.019213419013801664,0.01921341798895399,0.019213420038649332,False,0.019213420235952766,0.019213413977884265,0.019213426494021194,False
0.0063749998807907104,False,0.019213418686665294,0.01921341766254871,0.019213419710781877,False,0.019213421053699643,0.019213414798757853,0.019213427308641357,False
0.006399999838322401,False,0.019213418924191757,0.019213417935674177,0.019213419912709338,False,0.0192134167017825,0.019213410484916146,0.019213422918648793,False
0.006424999795854092,False,0.01921341903784478,0.019213418049717264,0.019213420025972292,False,0.01921341921735491,0.019213413003434963,0.0192134254312748,False
0.0064500002190470695,False,0.0192134180383632,0.019213417050637813,0.01921341902608859,False,0.01921342040974277,0.0192134141988603,0.019213426620625175,False
0.00647500017657876,False,0.019213418335574512,0.019213417348263165,0.019213419322885856,False,0.019213421876337143,0.0192134156685822,0.019213428084092023,False
0.006500000134110451,False,0.019213418203786872,0.019213417216901344,0.0192134191906724,False,0.01921341458300277,0.019213408378464268,0.019213420787541208,False
0.006525000091642141,False,0.01921341752869635,0.01921341654224826,0.019213418515144437,False,0.01921341933785491,0.019213413136620634,0.01921342553908913,False
0.006550000049173832,False,0.01921341796204431,0.01921341697604513,0.019213418948043487,False,0.019213416808122767,0.019213410610279362,0.019213423005966113,False
0.0065750000067055225,False,0.019213418804902974,0.01921341781936402,0.019213419790441926,False,0.019213417536796784,0.01921341134242977,0.01921342373116374,False
0.006599999964237213,False,0.019213417298804502,0.019213416313736926,0.019213418283872078,False,0.01921342113610491,0.019213414945298466,0.019213427326911295,False
0.006624999921768904,False,0.019213418246428474,0.019213417261843262,0.019213419231013686,False,0.01921341798757491,0.019213411800412084,0.01921342417473768,False
0.006649999879300594,False,0.01921341852674018,0.01921341754264815,0.019213419510832205,False,0.019213417202776785,0.019213411019339186,0.019213423386214325,False
0.006674999836832285,False,0.019213418815563026,0.01921341783197483,0.019213419799151223,False,0.019213419482737144,0.01921341330310535,0.01921342566236888,False
0.0066999997943639755,False,0.019213417645938327,0.019213416662864427,0.019213418629012224,False,0.019213413534656786,0.019213407358909827,0.019213419710403683,False
0.006725000217556953,False,0.01921341734172776,0.01921341635917845,0.01921341832427707,False,0.01921341890700991,0.019213412735225487,0.019213425078794272,False
0.006750000175088644,False,0.01921341837544809,0.019213417393433473,0.0192134193574627,False,0.019213414825449197,0.019213408657703566,0.019213420993194768,False
0.006775000132620335,False,0.01921341731189259,0.019213416330422596,0.01921341829336259,False,0.019213421338844287,0.019213415175212467,0.019213427502476045,False
0.006800000090152025,False,0.01921341828628297,0.01921341730536731,0.019213419267198623,False,0.01921341747968491,0.019213411320240383,0.019213423639129378,False
0.006825000047683716,False,0.01921341799350448,0.0192134170131527,0.019213418973856256,False,0.019213422789111072,0.01921341663392587,0.019213428944296212,False
0.006850000005215406,False,0.01921341879068408,0.019213417810905516,0.01921341977046264,False,0.019213416613964286,0.019213410463108906,0.019213422764819608,False
0.006874999962747097,False,0.019213417548981596,0.019213416569785386,0.019213418528177803,False,0.019213418831319197,0.019213412684862687,0.019213424977775645,False
0.006899999920278788,False,0.019213418717683756,0.01921341773907883,0.019213419696288682,False,0.019213419174339642,0.019213413032349514,0.01921342531632971,False
0.006924999877810478,False,0.019213417497210318,0.0192134165192054,0.019213418475215235,False,0.019213416969296786,0.0192134108318388,0.019213423106754713,False
0.006949999835342169,False,0.019213418829280408,0.019213417851884018,0.0192134198066768,False,0.01921342309828,0.019213416965418575,0.019213429231141367,False
0.006974999792873859,False,0.019213418254245187,0.019213417277465623,0.019213419231024747,False,0.01921341773673,0.019213411608527912,0.01921342386493203,False
0.007000000216066837,False,0.019213417295372105,0.01921341631921746,0.019213418271526752,False,0.019213421080002766,0.01921341495652104,0.019213427203484436,False
0.007025000173598528,False,0.019213417716315247,0.019213416740793382,0.01921341869183711,False,0.01921341397475991,0.019213407856057924,0.019213420093461837,False
0.0070500001311302185,False,0.019213417905479136,0.019213416930597704,0.01921341888036057,False,0.01921341789474277,0.019213411780878358,0.01921342400860712,False
0.007075000088661909,False,0.01921341823148395,0.019213417257250367,0.01921341920571753,False,0.01921341410614857,0.01921340799717782,0.01921342021511926,False
0.0071000000461936,False,0.019213417727902457,0.019213416754323923,0.01921341870148099,False,0.019213414029234287,0.019213407925211434,0.01921342013325708,False
0.00712500000372529,False,0.019213417589816612,0.019213416616900094,0.01921341856273313,False,0.019213420306834286,0.019213414207812016,0.019213426405856496,False
0.007149999961256981,False,0.019213417549621713,0.019213416577373944,0.01921341852186948,False,0.019213415472302767,0.019213409378332023,0.019213421566273453,False
0.0071749999187886715,False,0.01921341772799111,0.019213416756418588,0.019213418699563625,False,0.01921342205153964,0.01921341596266941,0.019213428140409817,False
0.007199999876320362,False,0.019213418696636547,0.019213417734353887,0.01921341965891921,False,0.0192134140210625,0.019213407945948564,0.019213420096176385,False
0.007224999833852053,False,0.019213417701441294,0.019213416739502404,0.019213418663380187,False,0.01921341469374777,0.0192134086234834,0.019213420764012085,False
0.007249999791383743,False,0.019213418216680666,0.019213417255088436,0.019213419178272895,False,0.01921341903381107,0.01921341296843721,0.019213425099184882,False
0.007275000214576721,False,0.019213418442265796,0.019213417481023,0.01921341940350859,False,0.019213421459174197,0.01921341539872986,0.019213427519618482,False
0.007300000172108412,False,0.0192134190971923,0.019213418136301584,0.019213420058083013,False,0.01921341759681777,0.019213411541340333,0.019213423652295152,False
0.007325000129640102,False,0.019213417589855245,0.019213416629319142,0.01921341855039135,False,0.0192134134379825,0.01921340738750762,0.019213419488457326,False
0.007350000087171793,False,0.019213417636745674,0.01921341667656658,0.019213418596924766,False,0.0192134154135675,0.019213409444862467,0.019213421382272527,False
0.007375000044703484,False,0.019213417821389106,0.0192134168615693,0.019213418781208913,False,0.019213420786459826,0.019213414818585003,0.019213426754334642,False
0.007400000002235174,False,0.019213417357939137,0.019213416398480766,0.019213418317397507,False,0.019213417287837105,0.019213411320797468,0.01921342325487674,False
0.007424999959766865,False,0.01921341797667264,0.019213417017577734,0.019213418935767546,False,0.019213413298221484,0.019213407332021707,0.01921341926442126,False
0.007449999917298555,False,0.01921341825330244,0.019213417294572894,0.019213419212031988,False,0.019213417844407825,0.01921341187905229,0.019213423809763357,False
0.007474999874830246,False,0.019213417414491247,0.019213416456128826,0.019213418372853664,False,0.01921342062612771,0.019213414661620506,0.01921342659063491,False
0.007499999832361937,False,0.019213419160235907,0.019213418204401922,0.01921342011606989,False,0.01921342199106857,0.019213416029573153,0.01921342795256398,False
0.007524999789893627,False,0.019213418375366983,0.019213417419718142,0.01921341933101583,False,0.01921342300955797,0.019213417048733028,0.019213428970382904,False
0.007550000213086605,False,0.019213418251312276,0.019213417295849265,0.019213419206775287,False,0.019213415416400998,0.019213409456249036,0.019213421376552957,False
0.007575000170618296,False,0.01921341888142281,0.019213417926146253,0.01921341983669936,False,0.019213421696371392,0.01921341573689468,0.019213427655848107,False
0.007600000128149986,False,0.019213417269429066,0.01921341631433953,0.0192134182245186,False,0.019213415024189197,0.01921340906538976,0.019213420982988633,False
0.007625000085681677,False,0.019213418778898865,0.019213417823996843,0.019213419733800884,False,0.019213419322254278,0.01921341336413391,0.019213425280374643,False
0.0076500000432133675,False,0.0192134180729716,0.0192134171187774,0.0192134190271658,False,0.019213419255608426,0.019213413298688562,0.019213425212528286,False
0.007675000000745058,False,0.019213418186546892,0.019213417232446846,0.019213419140646937,False,0.0192134202321273,0.01921341427579523,0.01921342618845937,False
0.007699999958276749,False,0.019213419098761928,0.019213418144756186,0.01921342005276767,False,0.019213418407987144,0.019213412452243794,0.019213424363730493,False
0.007724999915808439,False,0.019213417731380633,0.01921341677758781,0.019213418685173452,False,0.01921342071334277,0.019213414758307366,0.01921342666837817,False
0.00774999987334013,False,0.019213417493900393,0.019213416540154824,0.019213418447645965,False,0.019213414830305663,0.019213408876485382,0.019213420784125947,False
0.0077749998308718204,False,0.019213418748264086,0.019213417794583774,0.0192134197019444,False,0.019213419215815986,0.019213413262110533,0.019213425169521438,False
0.007799999788403511,False,0.019213350296020507,0.019213349342346187,0.019213351249694827,False,0.01921335,0.01921334404632568,0.01921335595367432,False
0.007825000211596489,False,0.019213350296020507,0.019213349342346187,0.019213351249694827,False,0.01921335,0.01921334404632568,0.01921335595367432,False
0.007849999703466892,False,0.019213350296020507,0.019213349342346187,0.019213351249694827,False,0.01921335,0.01921334404632568,0.01921335595367432,False
0.00787500012665987,False,0.019213350296020507,0.019213349342346187,0.019213351249694827,False,0.01921335,0.01921334404632568,0.01921335595367432,False
0.007899999618530273,False,0.019213350296020507,0.019213349342346187,0.019213351249694827,False,0.01921335,0.01921334404632568,0.01921335595367432,False
0.007925000041723251,False,0.019213350296020507,0.019213349342346187,0.019213351249694827,False,0.01921335,0.01921334404632568,0.01921335595367432,False
0.00795000046491623,False,0.019213350296020507,0.019213349342346187,0.019213351249694827,False,0.01921335,0.01921334404632568,0.01921335595367432,False
0.007974999956786633,False,0.019213350296020507,0.019213349342346187,0.019213351249694827,False,0.01921335,0.01921334404632568,0.01921335595367432,False
0.00800000037997961,False,0.019213350296020507,0.019213349342346187,0.019213351249694827,False,0.01921335,0.01921334404632568,0.01921335595367432,False
0.008024999871850014,False,0.019213350296020507,0.019213349342346187,0.019213351249694827,False,0.01921335,0.01921334404632568,0.01921335595367432,False
0.008050000295042992,False,0.019213350296020507,0.019213349342346187,0.019213351249694827,False,0.01921335,0.01921334404632568,0.01921335595367432,False
0.008074999786913395,False,0.019213350296020507,0.019213349342346187,0.019213351249694827,False,0.01921335,0.01921334404632568,0.01921335595367432,False
0.008100000210106373,False,0.019213350296020507,0.019213349342346187,0.019213351249694827,False,0.01921335,0.01921334404632568,0.01921335595367432,False
0.008124999701976776,False,0.019213350296020507,0.019213349342346187,0.019213351249694827,False,0.01921335,0.01921334404632568,0.01921335595367432,False
0.008150000125169754,False,0.019213350296020507,0.019213349342346187,0.019213351249694827,False,0.01921335,0.01921334404632568,0.01921335595367432,False
0.008174999617040157,False,0.019213350296020507,0.019213349342346187,0.019213351249694827,False,0.01921335,0.01921334404632568,0.01921335595367432,False
0.008200000040233135,False,0.019213350296020507,0.019213349342346187,0.019213351249694827,False,0.01921335,0.01921334404632568,0.01921335595367432,False
0.008225000463426113,False,0.019213350296020507,0.019213349342346187,0.019213351249694827,False,0.01921335,0.01921334404632568,0.01921335595367432,False
0.008249999955296516,False,0.019213350296020507,0.019213349342346187,0.019213351249694827,False,0.01921335,0.01921334404632568,0.01921335595367432,False
0.008275000378489494,False,0.019213350296020507,0.019213349342346187,0.019213351249694827,False,0.01921335,0.01921334404632568,0.01921335595367432,False
0.008299999870359898,False,0.019213350296020507,0.019213349342346187,0.019213351249694827,False,0.01921335,0.01921334404632568,0.01921335595367432,False
0.008325000293552876,False,0.019213350296020507,0.019213349342346187,0.019213351249694827,False,0.01921335,0.01921334404632568,0.01921335595367432,False
0.008349999785423279,False,0.019213350296020507,0.019213349342346187,0.019213351249694827,False,0.01921335,0.01921334404632568,0.01921335595367432,False
0.008375000208616257,False,0.019213350296020507,0.019213349342346187,0.019213351249694827,False,0.01921335,0.01921334404632568,0.01921335595367432,False
0.00839999970048666,False,0.019213350296020507,0.019213349342346187,0.019213351249694827,False,0.01921335,0.01921334404632568,0.01921335595367432,False
0.008425000123679638,False,0.019213350296020507,0.019213349342346187,0.019213351249694827,False,0.01921335,0.01921334404632568,0.01921335595367432,False
0.008449999615550041,False,0.019213350296020507,0.019213349342346187,0.019213351249694827,False,0.01921335,0.01921334404632568,0.01921335595367432,False
0.008475000038743019,False,0.019213350296020507,0.019213349342346187,0.019213351249694827,False,0.01921335,0.01921334404632568,0.01921335595367432,False
0.008500000461935997,False,0.019213350296020507,0.019213349342346187,0.019213351249694827,False,0.01921335,0.01921334404632568,0.01921335595367432,False
0.0085249999538064,False,0.019213350296020507,0.019213349342346187,0.019213351249694827,False,0.01921335,0.01921334404632568,0.01921335595367432,False
0.008550000376999378,False,0.019213350296020507,0.019213349342346187,0.019213351249694827,False,0.01921335,0.01921334404632568,0.01921335595367432,False
0.008574999868869781,False,0.019213350296020507,0.019213349342346187,0.019213351249694827,False,0.01921335,0.01921334404632568,0.01921335595367432,False
0.00860000029206276,False,0.019213350296020507,0.019213349342346187,0.019213351249694827,False,0.01921335,0.01921334404632568,0.01921335595367432,False
0.008624999783933163,False,0.019213350296020507,0.019213349342346187,0.019213351249694827,False,0.01921335,0.01921334404632568,0.01921335595367432,False
0.00865000020712614,False,0.019213350296020507,0.019213349342346187,0.019213351249694827,False,0.01921335,0.01921334404632568,0.01921335595367432,False
0.008674999698996544,False,0.019213350296020507,0.019213349342346187,0.019213351249694827,False,0.01921335,0.01921334404632568,0.01921335595367432,False
0.008700000122189522,False,0.019213350296020507,0.019213349342346187,0.019213351249694827,False,0.01921335,0.01921334404632568,0.01921335595367432,False
0.008724999614059925,False,0.019213350296020507,0.019213349342346187,0.019213351249694827,False,0.01921335,0.01921334404632568,0.01921335595367432,False
0.008750000037252903,False,0.019213350296020507,0.019213349342346187,0.019213351249694827,False,0.01921335,0.01921334404632568,0.01921335595367432,False
0.008775000460445881,False,0.019213350296020507,0.019213349342346187,0.019213351249694827,False,0.01921335,0.01921334404632568,0.01921335595367432,False
0.008799999952316284,False,0.019213350296020507,0.019213349342346187,0.019213351249694827,False,0.01921335,0.01921334404632568,0.01921335595367432,False
0.008825000375509262,False,0.019213350296020507,0.019213349342346187,0.019213351249694827,False,0.01921335,0.01921334404632568,0.01921335595367432,False
0.008849999867379665,False,0.019213350296020507,0.019213349342346187,0.019213351249694827,False,0.01921335,0.01921334404632568,0.01921335595367432,False
0.008875000290572643,False,0.019213350296020507,0.019213349342346187,0.019213351249694827,False,0.01921335,0.01921334404632568,0.01921335595367432,False
0.008899999782443047,False,0.019213350296020507,0.019213349342346187,0.019213351249694827,False,0.01921335,0.01921334404632568,0.01921335595367432,False
0.008925000205636024,False,0.019213350296020507,0.019213349342346187,0.019213351249694827,False,0.01921335,0.01921334404632568,0.01921335595367432,False
0.008949999697506428,False,0.019213350296020507,0.019213349342346187,0.019213351249694827,False,0.01921335,0.01921334404632568,0.01921335595367432,False
0.008975000120699406,False,0.019213350296020507,0.019213349342346187,0.019213351249694827,False,0.01921335,0.01921334404632568,0.01921335595367432,False
0.008999999612569809,False,0.019213350296020507,0.019213349342346187,0.019213351249694827,False,0.01921335,0.01921334404632568,0.01921335595367432,False
0.009025000035762787,False,0.019213350296020507,0.019213349342346187,0.019213351249694827,False,0.01921335,0.01921334404632568,0.01921335595367432,False
0.009050000458955765,False,0.019213350296020507,0.019213349342346187,0.019213351249694827,False,0.01921335,0.01921334404632568,0.01921335595367432,False
0.009074999950826168,False,0.019213350296020507,0.019213349342346187,0.019213351249694827,False,0.01921335,0.01921334404632568,0.01921335595367432,False
0.009100000374019146,False,0.019213350296020507,0.019213349342346187,0.019213351249694827,False,0.01921335,0.01921334404632568,0.01921335595367432,False
0.00912499986588955,False,0.019213350296020507,0.019213349342346187,0.019213351249694827,False,0.01921335,0.01921334404632568,0.01921335595367432,False
0.009150000289082527,False,0.019213350296020507,0.019213349342346187,0.019213351249694827,False,0.01921335,0.01921334404632568,0.01921335595367432,False
0.00917499978095293,False,0.019213350296020507,0.019213349342346187,0.019213351249694827,False,0.01921335,0.01921334404632568,0.01921335595367432,False
0.009200000204145908,False,0.019213350296020507,0.019213349342346187,0.019213351249694827,False,0.01921335,0.01921334404632568,0.01921335595367432,False
0.009224999696016312,False,0.019213350296020507,0.019213349342346187,0.019213351249694827,False,0.01921335,0.01921334404632568,0.01921335595367432,False
0.00925000011920929,False,0.019213350296020507,0.019213349342346187,0.019213351249694827,False,0.01921335,0.01921334404632568,0.01921335595367432,False
0.009274999611079693,False,0.019213350296020507,0.019213349342346187,0.019213351249694827,False,0.01921335,0.01921334404632568,0.01921335595367432,False
0.00930000003427267,False,0.019213350296020507,0.019213349342346187,0.019213351249694827,False,0.01921335,0.01921334404632568,0.01921335595367432,False
0.009325000457465649,False,0.019213350296020507,0.019213349342346187,0.019213351249694827,False,0.01921335,0.01921334404632568,0.01921335595367432,False
0.009349999949336052,False,0.019213350296020507,0.019213349342346187,0.019213351249694827,False,0.01921335,0.01921334404632568,0.01921335595367432,False
0.00937500037252903,False,0.019213350296020507,0.019213349342346187,0.019213351249694827,False,0.01921335,0.01921334404632568,0.01921335595367432,False
0.009399999864399433,False,0.019213350296020507,0.019213349342346187,0.019213351249694827,False,0.01921335,0.01921334404632568,0.01921335595367432,False
0.009425000287592411,False,0.019213350296020507,0.019213349342346187,0.019213351249694827,False,0.01921335,0.01921334404632568,0.01921335595367432,False
0.009449999779462814,False,0.019213350296020507,0.019213349342346187,0.019213351249694827,False,0.01921335,0.01921334404632568,0.01921335595367432,False
0.009475000202655792,False,0.019213350296020507,0.019213349342346187,0.019213351249694827,False,0.01921335,0.01921334404632568,0.01921335595367432,False
0.009499999694526196,False,0.019213350296020507,0.019213349342346187,0.019213351249694827,False,0.01921335,0.01921334404632568,0.01921335595367432,False
0.009525000117719173,False,0.019213350296020507,0.019213349342346187,0.019213351249694827,False,0.01921335,0.01921334404632568,0.01921335595367432,False
0.009549999609589577,False,0.019213350296020507,0.019213349342346187,0.019213351249694827,False,0.01921335,0.01921334404632568,0.01921335595367432,False
0.009575000032782555,False,0.019213350296020507,0.019213349342346187,0.019213351249694827,False,0.01921335,0.01921334404632568,0.01921335595367432,False
0.009600000455975533,False,0.019213350296020507,0.019213349342346187,0.019213351249694827,False,0.01921335,0.01921334404632568,0.01921335595367432,False
0.009624999947845936,False,0.019213350296020507,0.019213349342346187,0.019213351249694827,False,0.01921335,0.01921334404632568,0.01921335595367432,False
0.009650000371038914,False,0.019213350296020507,0.019213349342346187,0.019213351249694827,False,0.01921335,0.01921334404632568,0.01921335595367432,False
0.009674999862909317,False,0.019213350296020507,0.019213349342346187,0.019213351249694827,False,0.01921335,0.01921334404632568,0.01921335595367432,False
0.009700000286102295,False,0.019213350296020507,0.019213349342346187,0.019213351249694827,False,0.01921335,0.01921334404632568,0.01921335595367432,False
0.009724999777972698,False,0.019213350296020507,0.019213349342346187,0.019213351249694827,False,0.01921335,0.01921334404632568,0.01921335595367432,False
0.009750000201165676,False,0.019213350296020507,0.019213349342346187,0.019213351249694827,False,0.01921335,0.01921334404632568,0.01921335595367432,False
0.00977499969303608,False,0.019213350296020507,0.019213349342346187,0.019213351249694827,False,0.01921335,0.01921334404632568,0.01921335595367432,False
0.009800000116229057,False,0.019213350296020507,0.019213349342346187,0.019213351249694827,False,0.01921335,0.01921334404632568,0.01921335595367432,False
0.00982499960809946,False,0.019213350296020507,0.019213349342346187,0.019213351249694827,False,0.01921335,0.01921334404632568,0.01921335595367432,False
0.009850000031292439,False,0.019213350296020507,0.019213349342346187,0.019213351249694827,False,0.01921335,0.01921334404632568,0.01921335595367432,False
0.009875000454485416,False,0.019213350296020507,0.019213349342346187,0.019213351249694827,False,0.01921335,0.01921334404632568,0.01921335595367432,False
0.00989999994635582,False,0.019213350296020507,0.019213349342346187,0.019213351249694827,False,0.01921335,0.01921334404632568,0.01921335595367432,False
0.009925000369548798,False,0.019213350296020507,0.019213349342346187,0.019213351249694827,False,0.01921335,0.01921334404632568,0.01921335595367432,False
0.009949999861419201,False,0.019213350296020507,0.019213349342346187,0.019213351249694827,False,0.01921335,0.01921334404632568,0.01921335595367432,False
0.009975000284612179,False,0.019213350296020507,0.019213349342346187,0.019213351249694827,False,0.01921335,0.01921334404632568,0.01921335595367432,False
0.009999999776482582,False,0.019213350296020507,0.019213349342346187,0.019213351249694827,False,0.01921335,0.01921334404632568,0.01921335595367432,False
0.01002500019967556,False,0.019213350296020507,0.019213349342346187,0.019213351249694827,False,0.01921335,0.01921334404632568,0.01921335595367432,False
0.010049999691545963,False,0.019213350296020507,0.019213349342346187,0.019213351249694827,False,0.01921335,0.01921334404632568,0.01921335595367432,False
0.010075000114738941,False,0.019213350296020507,0.019213349342346187,0.019213351249694827,False,0.01921335,0.01921334404632568,0.01921335595367432,False
0.010099999606609344,False,0.019213350296020507,0.019213349342346187,0.019213351249694827,False,0.01921335,0.01921334404632568,0.01921335595367432,False
0.010125000029802322,False,0.019213350296020507,0.019213349342346187,0.019213351249694827,False,0.01921335,0.01921334404632568,0.01921335595367432,False
0.0101500004529953,False,0.019213350296020507,0.019213349342346187,0.019213351249694827,False,0.01921335,0.01921334404632568,0.01921335595367432,False
0.010174999944865704,False,0.019213350296020507,0.019213349342346187,0.019213351249694827,False,0.01921335,0.01921334404632568,0.01921335595367432,False
0.010200000368058681,False,0.019213350296020507,0.019213349342346187,0.019213351249694827,False,0.01921335,0.01921334404632568,0.01921335595367432,False
0.010224999859929085,False,0.019213350296020507,0.019213349342346187,0.019213351249694827,False,0.01921335,0.01921334404632568,0.01921335595367432,False
0.010250000283122063,False,0.019213350296020507,0.019213349342346187,0.019213351249694827,False,0.01921335,0.01921334404632568,0.01921335595367432,False
0.010274999774992466,False,0.019213350296020507,0.019213349342346187,0.019213351249694827,False,0.01921335,0.01921334404632568,0.01921335595367432,False
0.010300000198185444,False,0.019213350296020507,0.019213349342346187,0.019213351249694827,False,0.01921335,0.01921334404632568,0.01921335595367432,False
0.010324999690055847,False,0.019213350296020507,0.019213349342346187,0.019213351249694827,False,0.01921335,0.01921334404632568,0.01921335595367432,False
0.010350000113248825,False,0.019213350296020507,0.019213349342346187,0.019213351249694827,False,0.01921335,0.01921334404632568,0.01921335595367432,False
0.010374999605119228,False,0.019213350296020507,0.019213349342346187,0.019213351249694827,False,0.01921335,0.01921334404632568,0.01921335595367432,False
0.010400000028312206,False,0.019213350296020507,0.019213349342346187,0.019213351249694827,False,0.01921335,0.01921334404632568,0.01921335595367432,False
0.010425000451505184,False,0.019213350296020507,0.019213349342346187,0.019213351249694827,False,0.01921335,0.01921334404632568,0.01921335595367432,False
0.010449999943375587,False,0.019213350296020507,0.019213349342346187,0.019213351249694827,False,0.01921335,0.01921334404632568,0.01921335595367432,False
0.010475000366568565,False,0.019213350296020507,0.019213349342346187,0.019213351249694827,False,0.01921335,0.01921334404632568,0.01921335595367432,False
0.010499999858438969,False,0.019213350296020507,0.019213349342346187,0.019213351249694827,False,0.01921335,0.01921334404632568,0.01921335595367432,False
0.010525000281631947,False,0.019213350296020507,0.019213349342346187,0.019213351249694827,False,0.01921335,0.01921334404632568,0.01921335595367432,False
0.01054999977350235,False,0.019213350296020507,0.019213349342346187,0.019213351249694827,False,0.01921335,0.01921334404632568,0.01921335595367432,False
0.010575000196695328,False,0.019213350296020507,0.019213349342346187,0.019213351249694827,False,0.01921335,0.01921334404632568,0.01921335595367432,False
0.010599999688565731,False,0.019213350296020507,0.019213349342346187,0.019213351249694827,False,0.01921335,0.01921334404632568,0.01921335595367432,False
0.010625000111758709,False,0.019213350296020507,0.019213349342346187,0.019213351249694827,False,0.01921335,0.01921334404632568,0.01921335595367432,False
0.010649999603629112,False,0.019213350296020507,0.019213349342346187,0.019213351249694827,False,0.01921335,0.01921334404632568,0.01921335595367432,False
0.01067500002682209,False,0.019213350296020507,0.019213349342346187,0.019213351249694827,False,0.01921335,0.01921334404632568,0.01921335595367432,False
0.010700000450015068,False,0.019213350296020507,0.019213349342346187,0.019213351249694827,False,0.01921335,0.01921334404632568,0.01921335595367432,False
0.010724999941885471,False,0.019213350296020507,0.019213349342346187,0.019213351249694827,False,0.01921335,0.01921334404632568,0.01921335595367432,False
0.01075000036507845,False,0.019213350296020507,0.019213349342346187,0.019213351249694827,False,0.01921335,0.01921334404632568,0.01921335595367432,False
0.010774999856948853,False,0.019213350296020507,0.019213349342346187,0.019213351249694827,False,0.01921335,0.01921334404632568,0.01921335595367432,False
0.01080000028014183,False,0.019213350296020507,0.019213349342346187,0.019213351249694827,False,0.01921335,0.01921334404632568,0.01921335595367432,False
0.010824999772012234,False,0.019213350296020507,0.019213349342346187,0.019213351249694827,False,0.01921335,0.01921334404632568,0.01921335595367432,False
0.010850000195205212,False,0.019213350296020507,0.019213349342346187,0.019213351249694827,False,0.01921335,0.01921334404632568,0.01921335595367432,False
0.010874999687075615,False,0.019213350296020507,0.019213349342346187,0.019213351249694827,False,0.01921335,0.01921334404632568,0.01921335595367432,False
0.010900000110268593,False,0.019213350296020507,0.019213349342346187,0.019213351249694827,False,0.01921335,0.01921334404632568,0.01921335595367432,False
0.010924999602138996,False,0.019213350296020507,0.019213349342346187,0.019213351249694827,False,0.01921335,0.01921334404632568,0.01921335595367432,False
0.010950000025331974,False,0.019213350296020507,0.019213349342346187,0.019213351249694827,False,0.01921335,0.01921334404632568,0.01921335595367432,False
0.010975000448524952,False,0.019213350296020507,0.019213349342346187,0.019213351249694827,False,0.01921335,0.01921334404632568,0.01921335595367432,False
0.010999999940395355,False,0.019213350296020507,0.019213349342346187,0.019213351249694827,False,0.01921335,0.01921334404632568,0.01921335595367432,False
0.011025000363588333,False,0.019213350296020507,0.019213349342346187,0.019213351249694827,False,0.01921335,0.01921334404632568,0.01921335595367432,False
0.011049999855458736,False,0.019213350296020507,0.019213349342346187,0.019213351249694827,False,0.01921335,0.01921334404632568,0.01921335595367432,False
0.011075000278651714,False,0.019213350296020507,0.019213349342346187,0.019213351249694827,False,0.01921335,0.01921334404632568,0.01921335595367432,False
0.011099999770522118,False,0.019213350296020507,0.019213349342346187,0.019213351249694827,False,0.01921335,0.01921334404632568,0.01921335595367432,False
0.011125000193715096,False,0.019213350296020507,0.019213349342346187,0.019213351249694827,False,0.01921335,0.01921334404632568,0.01921335595367432,False
0.011149999685585499,False,0.019213350296020507,0.019213349342346187,0.019213351249694827,False,0.01921335,0.01921334404632568,0.01921335595367432,False
0.011175000108778477,False,0.019213350296020507,0.019213349342346187,0.019213351249694827,False,0.01921335,0.01921334404632568,0.01921335595367432,False
0.01119999960064888,False,0.019213350296020507,0.019213349342346187,0.019213351249694827,False,0.01921335,0.01921334404632568,0.01921335595367432,False
0.011225000023841858,False,0.019213350296020507,0.019213349342346187,0.019213351249694827,False,0.01921335,0.01921334404632568,0.01921335595367432,False
0.011250000447034836,False,0.019213350296020507,0.019213349342346187,0.019213351249694827,False,0.01921335,0.01921334404632568,0.01921335595367432,False
0.011274999938905239,False,0.019213350296020507,0.019213349342346187,0.019213351249694827,False,0.01921335,0.01921334404632568,0.01921335595367432,False
0.011300000362098217,False,0.019213350296020507,0.019213349342346187,0.019213351249694827,False,0.01921335,0.01921334404632568,0.01921335595367432,False
0.01132499985396862,False,0.019213350296020507,0.019213349342346187,0.019213351249694827,False,0.01921335,0.01921334404632568,0.01921335595367432,False
0.011350000277161598,False,0.019213350296020507,0.019213349342346187,0.019213351249694827,False,0.01921335,0.01921334404632568,0.01921335595367432,False
0.011374999769032001,False,0.019213350296020507,0.019213349342346187,0.019213351249694827,False,0.01921335,0.01921334404632568,0.01921335595367432,False
0.01140000019222498,False,0.019213350296020507,0.019213349342346187,0.019213351249694827,False,0.01921335,0.01921334404632568,0.01921335595367432,False
0.011424999684095383,False,0.019213350296020507,0.019213349342346187,0.019213351249694827,False,0.01921335,0.01921334404632568,0.01921335595367432,False
0.01145000010728836,False,0.019213350296020507,0.019213349342346187,0.019213351249694827,False,0.01921335,0.01921334404632568,0.01921335595367432,False
0.011474999599158764,False,0.019213350296020507,0.019213349342346187,0.019213351249694827,False,0.01921335,0.01921334404632568,0.01921335595367432,False
0.011500000022351742,False,0.019213350296020507,0.019213349342346187,0.019213351249694827,False,0.01921335,0.01921334404632568,0.01921335595367432,False
0.01152500044554472,False,0.019213350296020507,0.019213349342346187,0.019213351249694827,False,0.01921335,0.01921334404632568,0.01921335595367432,False
0.011549999937415123,False,0.019213350296020507,0.019213349342346187,0.019213351249694827,False,0.01921335,0.01921334404632568,0.01921335595367432,False
0.011575000360608101,False,0.019213350296020507,0.019213349342346187,0.019213351249694827,False,0.01921335,0.01921334404632568,0.01921335595367432,False
0.011599999852478504,False,0.019213350296020507,0.019213349342346187,0.019213351249694827,False,0.01921335,0.01921334404632568,0.01921335595367432,False
0.011625000275671482,False,0.019213350296020507,0.019213349342346187,0.019213351249694827,False,0.01921335,0.01921334404632568,0.01921335595367432,False
0.011649999767541885,False,0.019213350296020507,0.019213349342346187,0.019213351249694827,False,0.01921335,0.01921334404632568,0.01921335595367432,False
0.011675000190734863,False,0.019213350296020507,0.019213349342346187,0.019213351249694827,False,0.01921335,0.01921334404632568,0.01921335595367432,False
0.011699999682605267,False,0.019213350296020507,0.019213349342346187,0.019213351249694827,False,0.01921335,0.01921334404632568,0.01921335595367432,False
0.011725000105798244,False,0.019213350296020507,0.019213349342346187,0.019213351249694827,False,0.01921335,0.01921334404632568,0.01921335595367432,False
0.011749999597668648,False,0.019213350296020507,0.019213349342346187,0.019213351249694827,False,0.01921335,0.01921334404632568,0.01921335595367432,False
0.011775000020861626,False,0.019213350296020507,0.019213349342346187,0.019213351249694827,False,0.01921335,0.01921334404632568,0.01921335595367432,False
0.011800000444054604,False,0.019213350296020507,0.019213349342346187,0.019213351249694827,False,0.01921335,0.01921334404632568,0.01921335595367432,False
0.011824999935925007,False,0.019213350296020507,0.019213349342346187,0.019213351249694827,False,0.01921335,0.01921334404632568,0.01921335595367432,False
0.011850000359117985,False,0.019213350296020507,0.019213349342346187,0.019213351249694827,False,0.01921335,0.01921334404632568,0.01921335595367432,False
0.011874999850988388,False,0.019213350296020507,0.019213349342346187,0.019213351249694827,False,0.01921335,0.01921334404632568,0.01921335595367432,False
0.011900000274181366,False,0.019213350296020507,0.019213349342346187,0.019213351249694827,False,0.01921335,0.01921334404632568,0.01921335595367432,False
0.01192499976605177,False,0.019213350296020507,0.019213349342346187,0.019213351249694827,False,0.01921335,0.01921334404632568,0.01921335595367432,False
0.011950000189244747,False,0.019213350296020507,0.019213349342346187,0.019213351249694827,False,0.01921335,0.01921334404632568,0.01921335595367432,False
0.01197499968111515,False,0.019213350296020507,0.019213349342346187,0.019213351249694827,False,0.01921335,0.01921334404632568,0.01921335595367432,False
