"time","INTERNAL ENERGY","KINETIC ENERGY","X-MOMENTUM","Y-MOMENTUM","Z-MOMENTUM","MASS","TIME STEP","ROTATION ENERGY","EXTERNAL WORK","SPRING ENERGY","CONTACT ENERGY","HOURGLASS ENERGY","ELASTIC CONTACT ENERGY","FRICTIONAL CONTACT ENERGY","DAMPING CONTACT ENERGY ","PLASTIC WORK","ADDED MASS","PERCENTAGE ADDED MASS","INLET MASS","OUTLET MASS","INLET ENERGY","OUTLET ENERGY",
0.000000e+00,0.000000e+00,2.444955e+12,-2.443184e+10,6.107959e+08,2.443184e+08,1.221592e+08,3.674726e-04,0.000000e+00,0.000000e+00,0.000000e+00,0.000000e+00,0.000000e+00,0.000000e+00,0.000000e+00,0.000000e+00,0.000000e+00,4.917383e-07,4.025390e-13,0.000000e+00,0.000000e+00,0.000000e+00,0.000000e+00
5.034374e-02,0.000000e+00,2.444955e+12,-2.443184e+10,6.107959e+08,2.443184e+08,1.221592e+08,3.674726e-04,0.000000e+00,0.000000e+00,0.000000e+00,0.000000e+00,0.000000e+00,0.000000e+00,0.000000e+00,0.000000e+00,0.000000e+00,4.917383e-07,4.025390e-13,0.000000e+00,0.000000e+00,0.000000e+00,0.000000e+00
1.003200e-01,0.000000e+00,2.444955e+12,-2.443184e+10,6.107959e+08,2.443184e+08,1.221592e+08,3.674726e-04,0.000000e+00,0.000000e+00,0.000000e+00,0.000000e+00,0.000000e+00,0.000000e+00,0.000000e+00,0.000000e+00,0.000000e+00,4.917383e-07,4.025390e-13,0.000000e+00,0.000000e+00,0.000000e+00,0.000000e+00
1.502963e-01,0.000000e+00,2.444955e+12,-2.443184e+10,6.107959e+08,2.443184e+08,1.221592e+08,3.674726e-04,0.000000e+00,0.000000e+00,0.000000e+00,0.000000e+00,0.000000e+00,0.000000e+00,0.000000e+00,0.000000e+00,0.000000e+00,4.917383e-07,4.025390e-13,0.000000e+00,0.000000e+00,0.000000e+00,0.000000e+00
2.002726e-01,0.000000e+00,2.444955e+12,-2.443184e+10,6.107959e+08,2.443184e+08,1.221592e+08,3.674726e-04,0.000000e+00,0.000000e+00,0.000000e+00,0.000000e+00,0.000000e+00,0.000000e+00,0.000000e+00,0.000000e+00,0.000000e+00,4.917383e-07,4.025390e-13,0.000000e+00,0.000000e+00,0.000000e+00,0.000000e+00
2.502488e-01,0.000000e+00,2.444955e+12,-2.443184e+10,6.107959e+08,2.443184e+08,1.221592e+08,3.674726e-04,0.000000e+00,0.000000e+00,0.000000e+00,0.000000e+00,0.000000e+00,0.000000e+00,0.000000e+00,0.000000e+00,0.000000e+00,4.917383e-07,4.025390e-13,0.000000e+00,0.000000e+00,0.000000e+00,0.000000e+00
3.002251e-01,0.000000e+00,2.444955e+12,-2.443184e+10,6.107959e+08,2.443184e+08,1.221592e+08,3.674726e-04,0.000000e+00,0.000000e+00,0.000000e+00,0.000000e+00,0.000000e+00,0.000000e+00,0.000000e+00,0.000000e+00,0.000000e+00,4.917383e-07,4.025390e-13,0.000000e+00,0.000000e+00,0.000000e+00,0.000000e+00
3.502014e-01,0.000000e+00,2.444955e+12,-2.443184e+10,6.107959e+08,2.443184e+08,1.221592e+08,3.674726e-04,0.000000e+00,0.000000e+00,0.000000e+00,0.000000e+00,0.000000e+00,0.000000e+00,0.000000e+00,0.000000e+00,0.000000e+00,4.917383e-07,4.025390e-13,0.000000e+00,0.000000e+00,0.000000e+00,0.000000e+00
4.001777e-01,0.000000e+00,2.444955e+12,-2.443184e+10,6.107959e+08,2.443184e+08,1.221592e+08,3.674726e-04,0.000000e+00,0.000000e+00,0.000000e+00,0.000000e+00,0.000000e+00,0.000000e+00,0.000000e+00,0.000000e+00,0.000000e+00,4.917383e-07,4.025390e-13,0.000000e+00,0.000000e+00,0.000000e+00,0.000000e+00
4.501539e-01,0.000000e+00,2.444955e+12,-2.443184e+10,6.107959e+08,2.443184e+08,1.221592e+08,3.674726e-04,0.000000e+00,0.000000e+00,0.000000e+00,0.000000e+00,0.000000e+00,0.000000e+00,0.000000e+00,0.000000e+00,0.000000e+00,4.917383e-07,4.025390e-13,0.000000e+00,0.000000e+00,0.000000e+00,0.000000e+00
5.001302e-01,0.000000e+00,2.444955e+12,-2.443184e+10,6.107959e+08,2.443184e+08,1.221592e+08,3.674726e-04,0.000000e+00,0.000000e+00,0.000000e+00,0.000000e+00,0.000000e+00,0.000000e+00,0.000000e+00,0.000000e+00,0.000000e+00,4.917383e-07,4.025390e-13,0.000000e+00,0.000000e+00,0.000000e+00,0.000000e+00
5.501065e-01,0.000000e+00,2.444955e+12,-2.443184e+10,6.107959e+08,2.443184e+08,1.221592e+08,3.674726e-04,0.000000e+00,0.000000e+00,0.000000e+00,0.000000e+00,0.000000e+00,0.000000e+00,0.000000e+00,0.000000e+00,0.000000e+00,4.917383e-07,4.025390e-13,0.000000e+00,0.000000e+00,0.000000e+00,0.000000e+00
6.000828e-01,0.000000e+00,2.444955e+12,-2.443184e+10,6.107959e+08,2.443184e+08,1.221592e+08,3.674726e-04,0.000000e+00,0.000000e+00,0.000000e+00,0.000000e+00,0.000000e+00,0.000000e+00,0.000000e+00,0.000000e+00,0.000000e+00,4.917383e-07,4.025390e-13,0.000000e+00,0.000000e+00,0.000000e+00,0.000000e+00
6.500590e-01,0.000000e+00,2.444955e+12,-2.443184e+10,6.107959e+08,2.443184e+08,1.221592e+08,3.674726e-04,0.000000e+00,0.000000e+00,0.000000e+00,0.000000e+00,0.000000e+00,0.000000e+00,0.000000e+00,0.000000e+00,0.000000e+00,4.917383e-07,4.025390e-13,0.000000e+00,0.000000e+00,0.000000e+00,0.000000e+00
7.000353e-01,0.000000e+00,2.444955e+12,-2.443184e+10,6.107959e+08,2.443184e+08,1.221592e+08,3.674726e-04,0.000000e+00,0.000000e+00,0.000000e+00,0.000000e+00,0.000000e+00,0.000000e+00,0.000000e+00,0.000000e+00,0.000000e+00,4.917383e-07,4.025390e-13,0.000000e+00,0.000000e+00,0.000000e+00,0.000000e+00
7.500116e-01,0.000000e+00,2.444955e+12,-2.443184e+10,6.107959e+08,2.443184e+08,1.221592e+08,3.674726e-04,0.000000e+00,0.000000e+00,0.000000e+00,0.000000e+00,0.000000e+00,0.000000e+00,0.000000e+00,0.000000e+00,0.000000e+00,4.917383e-07,4.025390e-13,0.000000e+00,0.000000e+00,0.000000e+00,0.000000e+00
8.003553e-01,0.000000e+00,2.444955e+12,-2.443184e+10,6.107959e+08,2.443184e+08,1.221592e+08,3.674726e-04,0.000000e+00,0.000000e+00,0.000000e+00,0.000000e+00,0.000000e+00,0.000000e+00,0.000000e+00,0.000000e+00,0.000000e+00,4.917383e-07,4.025390e-13,0.000000e+00,0.000000e+00,0.000000e+00,0.000000e+00
8.503316e-01,0.000000e+00,2.444955e+12,-2.443184e+10,6.107959e+08,2.443184e+08,1.221592e+08,3.674726e-04,0.000000e+00,0.000000e+00,0.000000e+00,0.000000e+00,0.000000e+00,0.000000e+00,0.000000e+00,0.000000e+00,0.000000e+00,4.917383e-07,4.025390e-13,0.000000e+00,0.000000e+00,0.000000e+00,0.000000e+00
9.003078e-01,0.000000e+00,2.444955e+12,-2.443184e+10,6.107959e+08,2.443184e+08,1.221592e+08,3.674726e-04,0.000000e+00,0.000000e+00,0.000000e+00,0.000000e+00,0.000000e+00,0.000000e+00,0.000000e+00,0.000000e+00,0.000000e+00,4.917383e-07,4.025390e-13,0.000000e+00,0.000000e+00,0.000000e+00,0.000000e+00
9.502841e-01,0.000000e+00,2.444955e+12,-2.443184e+10,6.107959e+08,2.443184e+08,1.221592e+08,3.674726e-04,0.000000e+00,0.000000e+00,0.000000e+00,0.000000e+00,0.000000e+00,0.000000e+00,0.000000e+00,0.000000e+00,0.000000e+00,4.917383e-07,4.025390e-13,0.000000e+00,0.000000e+00,0.000000e+00,0.000000e+00
