case_id,mode,location,temperature_bottom_c,temperature_top_c,stored_mechanical_J_per_m,thermoelastic_work_J_per_m,external_mechanical_work_J_per_m,sensible_enthalpy_change_J_per_m,dissipated_J_per_m,mechanical_energy_residual_relative,global_energy_credit_J
COLD_R02_FREE,FREE,peak,20.0,20.0,0.0,0.0,0.0,0.0,0.0,0.0,0.0
COLD_R02_FREE,FREE,final,20.0,20.0,0.0,0.0,0.0,0.0,0.0,0.0,0.0
PLAIN_UNIFORM_FREE,FREE,peak,120.0,120.0,5.822857805505981e-27,2.6453278670235317e-12,-2.645327867023527e-12,48495386.88,0.0,8.077935669463161e-28,0.0
PLAIN_UNIFORM_FREE,FREE,final,120.0,120.0,5.822857805505981e-27,2.6453278670235317e-12,-2.645327867023527e-12,48495386.88,0.0,8.077935669463161e-28,0.0
PLAIN_UNIFORM_FULLY_RESTRAINED,FULLY_RESTRAINED,peak,120.0,120.0,1934.9764026383175,1934.9764026383175,0.0,48495386.88,0.0,0.0,0.0
PLAIN_UNIFORM_FULLY_RESTRAINED,FULLY_RESTRAINED,final,120.0,120.0,1934.9764026383175,1934.9764026383175,0.0,48495386.88,0.0,0.0,0.0
PLAIN_GRADIENT_FREE,FREE,peak,20.0,120.0,9.195295917000623e-28,6.803712335468326e-13,-6.803712335468318e-13,24247693.439999998,0.0,1.0097419586828951e-28,0.0
PLAIN_GRADIENT_FREE,FREE,final,20.0,120.0,9.195295917000623e-28,6.803712335468326e-13,-6.803712335468318e-13,24247693.439999998,0.0,1.0097419586828951e-28,0.0
R02_COMMON_ALPHA_GRADIENT_FREE,FREE,peak,20.0,120.0,2.6401900365451792e-27,1.2913859927283238e-12,-1.2913859927283214e-12,24304944.9384,0.0,2.0194839173657902e-28,0.0
R02_COMMON_ALPHA_GRADIENT_FREE,FREE,final,20.0,120.0,2.6401900365451792e-27,1.2913859927283238e-12,-1.2913859927283214e-12,24304944.9384,0.0,2.0194839173657902e-28,0.0
R02_UNIFORM_FREE,FREE,peak,120.0,120.0,1.755310018109536,1.7553100181133057,-3.771585690105898e-12,48609889.87679999,0.0,1.1020459483962536e-15,0.0
R02_UNIFORM_FREE,FREE,final,120.0,120.0,1.755310018109536,1.7553100181133057,-3.771585690105898e-12,48609889.87679999,0.0,1.1020459483962536e-15,0.0
R02_UNIFORM_AXIAL_RESTRAINED,AXIAL_RESTRAINED_ROTATION_FREE,peak,120.0,120.0,1995.7669656730413,1995.7669656730404,-5.6468661004641954e-30,48609889.87679999,0.0,4.557118728870309e-16,0.0
R02_UNIFORM_AXIAL_RESTRAINED,AXIAL_RESTRAINED_ROTATION_FREE,final,120.0,120.0,1995.7669656730413,1995.7669656730404,-5.6468661004641954e-30,48609889.87679999,0.0,4.557118728870309e-16,0.0
R02_GRADIENT_FREE,FREE,peak,20.0,120.0,0.5706564964653966,0.5706564964663005,-9.034671410863557e-13,24304944.9384,0.0,3.6542326098424256e-16,0.0
R02_GRADIENT_FREE,FREE,final,20.0,120.0,0.5706564964653966,0.5706564964663005,-9.034671410863557e-13,24304944.9384,0.0,3.6542326098424256e-16,0.0
R02_GRADIENT_FULLY_RESTRAINED,FULLY_RESTRAINED,peak,20.0,120.0,664.7060665381254,664.7060665381252,0.0,24304944.9384,0.0,1.71033248295313e-16,0.0
R02_GRADIENT_FULLY_RESTRAINED,FULLY_RESTRAINED,final,20.0,120.0,664.7060665381254,664.7060665381252,0.0,24304944.9384,0.0,1.71033248295313e-16,0.0
R02_UNIFORM_RESTRAINED_CYCLE,FULLY_RESTRAINED,peak,120.0,120.0,1995.7669656730413,1995.7669656730404,0.0,48609889.87679999,0.0,4.557118728870309e-16,0.0
R02_UNIFORM_RESTRAINED_CYCLE,FULLY_RESTRAINED,final,20.0,20.0,0.0,5.329070518200751e-15,0.0,0.0,0.0,5.329070518200751e-15,0.0
R02_GRADIENT_FREE_CYCLE,FREE,peak,20.0,120.0,0.5706564964653966,0.5706564964663005,-9.034671410863557e-13,24304944.9384,0.0,3.6542326098424256e-16,0.0
R02_GRADIENT_FREE_CYCLE,FREE,final,20.0,20.0,0.0,-3.5739857254246665e-14,3.5955063064795865e-14,0.0,0.0,2.152058105492e-16,0.0
