"time","INTERNAL ENERGY","KINETIC ENERGY","X-MOMENTUM","Y-MOMENTUM","Z-MOMENTUM","MASS","TIME STEP","ROTATION ENERGY","EXTERNAL WORK","SPRING ENERGY","CONTACT ENERGY","HOURGLASS ENERGY","ELASTIC CONTACT ENERGY","FRICTIONAL CONTACT ENERGY","DAMPING CONTACT ENERGY ","PLASTIC WORK","ADDED MASS","PERCENTAGE ADDED MASS","INLET MASS","OUTLET MASS","INLET ENERGY","OUTLET ENERGY","SEAM_HISTORY                             1 ONE_SPRING                               var 23","SEAM_HISTORY                             1 ONE_SPRING                               var 24","SEAM_HISTORY                             1 ONE_SPRING                               var 25","SEAM_HISTORY                             1 ONE_SPRING                               var 26","SEAM_HISTORY                             1 ONE_SPRING                               var 27","SEAM_HISTORY                             1 ONE_SPRING                               var 28","NODES                                    1                                          var 29","NODES                                    1                                          var 30","NODES                                    1                                          var 31","NODES                                    1                                          var 32","NODES                                    1                                          var 33","NODES                                    1                                          var 34","NODES                                    2                                          var 35","NODES                                    2                                          var 36","NODES                                    2                                          var 37","NODES                                    2                                          var 38","NODES                                    2                                          var 39","NODES                                    2                                          var 40"
0.000000e+00,0.000000e+00,1.000000e+00,0.000000e+00,4.472136e-01,0.000000e+00,2.000000e-01,2.500000e-05,0.000000e+00,0.000000e+00,0.000000e+00,0.000000e+00,0.000000e+00,0.000000e+00,0.000000e+00,0.000000e+00,0.000000e+00,0.000000e+00,0.000000e+00,0.000000e+00,0.000000e+00,0.000000e+00,0.000000e+00,1.000000e+00,0.000000e+00,0.000000e+00,0.000000e+00,0.000000e+00,0.000000e+00,0.000000e+00,0.000000e+00,0.000000e+00,0.000000e+00,0.000000e+00,0.000000e+00,0.000000e+00,0.000000e+00,0.000000e+00,4.472136e+00,0.000000e+00,0.000000e+00
2.500000e-05,3.500000e-04,9.996500e-01,0.000000e+00,4.471353e-01,0.000000e+00,2.000000e-01,2.500000e-05,0.000000e+00,0.000000e+00,3.500000e-04,0.000000e+00,0.000000e+00,0.000000e+00,0.000000e+00,0.000000e+00,0.000000e+00,0.000000e+00,0.000000e+00,0.000000e+00,0.000000e+00,0.000000e+00,0.000000e+00,1.000000e+00,0.000000e+00,6.260990e+00,0.000000e+00,1.118034e-04,3.500000e-04,0.000000e+00,0.000000e+00,0.000000e+00,0.000000e+00,0.000000e+00,-1.565248e-04,0.000000e+00,1.118034e-04,0.000000e+00,4.472136e+00,0.000000e+00,0.000000e+00
5.000000e-05,1.399510e-03,9.986006e-01,0.000000e+00,4.469006e-01,0.000000e+00,2.000000e-01,2.500000e-05,0.000000e+00,0.000000e+00,1.399510e-03,0.000000e+00,0.000000e+00,0.000000e+00,0.000000e+00,0.000000e+00,0.000000e+00,0.000000e+00,0.000000e+00,0.000000e+00,0.000000e+00,0.000000e+00,0.000000e+00,1.000000e+00,0.000000e+00,1.251979e+01,0.000000e+00,2.235677e-04,1.399510e-03,0.000000e+00,0.000000e+00,0.000000e+00,0.000000e+00,0.000000e+00,-4.695195e-04,0.000000e+00,2.235677e-04,0.000000e+00,4.470571e+00,0.000000e+00,0.000000e+00
7.500000e-05,3.147061e-03,9.968532e-01,0.000000e+00,4.465094e-01,0.000000e+00,2.000000e-01,2.500000e-05,0.000000e+00,0.000000e+00,3.147061e-03,0.000000e+00,0.000000e+00,0.000000e+00,0.000000e+00,0.000000e+00,0.000000e+00,0.000000e+00,0.000000e+00,0.000000e+00,0.000000e+00,0.000000e+00,0.000000e+00,1.000000e+00,0.000000e+00,1.877421e+01,0.000000e+00,3.352537e-04,3.147061e-03,0.000000e+00,0.000000e+00,0.000000e+00,0.000000e+00,0.000000e+00,-9.388747e-04,0.000000e+00,3.352537e-04,0.000000e+00,4.467441e+00,0.000000e+00,0.000000e+00
1.000000e-04,5.590206e-03,9.944103e-01,0.000000e+00,4.459620e-01,0.000000e+00,2.000000e-01,2.500000e-05,0.000000e+00,0.000000e+00,5.590206e-03,0.000000e+00,0.000000e+00,0.000000e+00,0.000000e+00,0.000000e+00,0.000000e+00,0.000000e+00,0.000000e+00,0.000000e+00,0.000000e+00,0.000000e+00,0.000000e+00,1.000000e+00,0.000000e+00,2.502205e+01,0.000000e+00,4.468224e-04,5.590206e-03,0.000000e+00,0.000000e+00,0.000000e+00,0.000000e+00,0.000000e+00,-1.564426e-03,0.000000e+00,4.468224e-04,0.000000e+00,4.462747e+00,0.000000e+00,0.000000e+00
1.250000e-04,8.725526e-03,9.912753e-01,0.000000e+00,4.452584e-01,0.000000e+00,2.000000e-01,2.500000e-05,0.000000e+00,0.000000e+00,8.725526e-03,0.000000e+00,0.000000e+00,0.000000e+00,0.000000e+00,0.000000e+00,0.000000e+00,0.000000e+00,0.000000e+00,0.000000e+00,0.000000e+00,0.000000e+00,0.000000e+00,1.000000e+00,0.000000e+00,3.126114e+01,0.000000e+00,5.582346e-04,8.725526e-03,0.000000e+00,0.000000e+00,0.000000e+00,0.000000e+00,0.000000e+00,-2.345955e-03,0.000000e+00,5.582346e-04,0.000000e+00,4.456491e+00,0.000000e+00,0.000000e+00
1.500000e-04,1.254863e-02,9.874524e-01,0.000000e+00,4.443990e-01,0.000000e+00,2.000000e-01,2.500000e-05,0.000000e+00,0.000000e+00,1.254863e-02,0.000000e+00,0.000000e+00,0.000000e+00,0.000000e+00,0.000000e+00,0.000000e+00,0.000000e+00,0.000000e+00,0.000000e+00,0.000000e+00,0.000000e+00,0.000000e+00,1.000000e+00,0.000000e+00,3.748929e+01,0.000000e+00,6.694515e-04,1.254863e-02,0.000000e+00,0.000000e+00,0.000000e+00,0.000000e+00,0.000000e+00,-3.283187e-03,0.000000e+00,6.694515e-04,0.000000e+00,4.448677e+00,0.000000e+00,0.000000e+00
1.750000e-04,1.705417e-02,9.829473e-01,0.000000e+00,4.433841e-01,0.000000e+00,2.000000e-01,2.500000e-05,0.000000e+00,0.000000e+00,1.705417e-02,0.000000e+00,0.000000e+00,0.000000e+00,0.000000e+00,0.000000e+00,0.000000e+00,0.000000e+00,0.000000e+00,0.000000e+00,0.000000e+00,0.000000e+00,0.000000e+00,1.000000e+00,0.000000e+00,4.370432e+01,0.000000e+00,7.804342e-04,1.705417e-02,0.000000e+00,0.000000e+00,0.000000e+00,0.000000e+00,0.000000e+00,-4.375794e-03,0.000000e+00,7.804342e-04,0.000000e+00,4.439304e+00,0.000000e+00,0.000000e+00
2.000000e-04,2.223583e-02,9.777661e-01,0.000000e+00,4.422140e-01,0.000000e+00,2.000000e-01,2.500000e-05,0.000000e+00,0.000000e+00,2.223583e-02,0.000000e+00,0.000000e+00,0.000000e+00,0.000000e+00,0.000000e+00,0.000000e+00,0.000000e+00,0.000000e+00,0.000000e+00,0.000000e+00,0.000000e+00,0.000000e+00,1.000000e+00,0.000000e+00,4.990404e+01,0.000000e+00,8.911436e-04,2.223583e-02,0.000000e+00,0.000000e+00,0.000000e+00,0.000000e+00,0.000000e+00,-5.623396e-03,0.000000e+00,8.911436e-04,0.000000e+00,4.428378e+00,0.000000e+00,0.000000e+00
2.250000e-04,2.808637e-02,9.719161e-01,0.000000e+00,4.408891e-01,0.000000e+00,2.000000e-01,2.500000e-05,0.000000e+00,0.000000e+00,2.808637e-02,0.000000e+00,0.000000e+00,0.000000e+00,0.000000e+00,0.000000e+00,0.000000e+00,0.000000e+00,0.000000e+00,0.000000e+00,0.000000e+00,0.000000e+00,0.000000e+00,1.000000e+00,0.000000e+00,5.608630e+01,0.000000e+00,1.001541e-03,2.808637e-02,0.000000e+00,0.000000e+00,0.000000e+00,0.000000e+00,0.000000e+00,-7.025553e-03,0.000000e+00,1.001541e-03,0.000000e+00,4.415902e+00,0.000000e+00,0.000000e+00
2.500000e-04,3.459759e-02,9.654055e-01,0.000000e+00,4.394099e-01,0.000000e+00,2.000000e-01,2.500000e-05,0.000000e+00,0.000000e+00,3.459759e-02,0.000000e+00,0.000000e+00,0.000000e+00,0.000000e+00,0.000000e+00,0.000000e+00,0.000000e+00,0.000000e+00,0.000000e+00,0.000000e+00,0.000000e+00,0.000000e+00,1.000000e+00,0.000000e+00,6.224894e+01,0.000000e+00,1.111588e-03,3.459759e-02,0.000000e+00,0.000000e+00,0.000000e+00,0.000000e+00,0.000000e+00,-8.581777e-03,0.000000e+00,1.111588e-03,0.000000e+00,4.401880e+00,0.000000e+00,0.000000e+00
2.750000e-04,4.176038e-02,9.582433e-01,0.000000e+00,4.377770e-01,0.000000e+00,2.000000e-01,2.500000e-05,0.000000e+00,0.000000e+00,4.176038e-02,0.000000e+00,0.000000e+00,0.000000e+00,0.000000e+00,0.000000e+00,0.000000e+00,0.000000e+00,0.000000e+00,0.000000e+00,0.000000e+00,0.000000e+00,0.000000e+00,1.000000e+00,0.000000e+00,6.838979e+01,0.000000e+00,1.221246e-03,4.176038e-02,0.000000e+00,0.000000e+00,0.000000e+00,0.000000e+00,0.000000e+00,-1.029152e-02,0.000000e+00,1.221246e-03,0.000000e+00,4.386318e+00,0.000000e+00,0.000000e+00
3.000000e-04,4.956471e-02,9.504396e-01,0.000000e+00,4.359908e-01,0.000000e+00,2.000000e-01,2.500000e-05,0.000000e+00,0.000000e+00,4.956471e-02,0.000000e+00,0.000000e+00,0.000000e+00,0.000000e+00,0.000000e+00,0.000000e+00,0.000000e+00,0.000000e+00,0.000000e+00,0.000000e+00,0.000000e+00,0.000000e+00,1.000000e+00,0.000000e+00,7.450669e+01,0.000000e+00,1.330477e-03,4.956471e-02,0.000000e+00,0.000000e+00,0.000000e+00,0.000000e+00,0.000000e+00,-1.215419e-02,0.000000e+00,1.330477e-03,0.000000e+00,4.369221e+00,0.000000e+00,0.000000e+00
3.250000e-04,5.799965e-02,9.420054e-01,0.000000e+00,4.340519e-01,0.000000e+00,2.000000e-01,2.500000e-05,0.000000e+00,0.000000e+00,5.799965e-02,0.000000e+00,0.000000e+00,0.000000e+00,0.000000e+00,0.000000e+00,0.000000e+00,0.000000e+00,0.000000e+00,0.000000e+00,0.000000e+00,0.000000e+00,0.000000e+00,1.000000e+00,0.000000e+00,8.059753e+01,0.000000e+00,1.439241e-03,5.799965e-02,0.000000e+00,0.000000e+00,0.000000e+00,0.000000e+00,0.000000e+00,-1.416913e-02,0.000000e+00,1.439241e-03,0.000000e+00,4.350594e+00,0.000000e+00,0.000000e+00
3.500000e-04,6.705340e-02,9.329525e-01,0.000000e+00,4.319612e-01,0.000000e+00,2.000000e-01,2.500000e-05,0.000000e+00,0.000000e+00,6.705340e-02,0.000000e+00,0.000000e+00,0.000000e+00,0.000000e+00,0.000000e+00,0.000000e+00,0.000000e+00,0.000000e+00,0.000000e+00,0.000000e+00,0.000000e+00,0.000000e+00,1.000000e+00,0.000000e+00,8.666015e+01,0.000000e+00,1.547503e-03,6.705340e-02,0.000000e+00,0.000000e+00,0.000000e+00,0.000000e+00,0.000000e+00,-1.633563e-02,0.000000e+00,1.547503e-03,0.000000e+00,4.330445e+00,0.000000e+00,0.000000e+00
3.750000e-04,7.671329e-02,9.232934e-01,0.000000e+00,4.297193e-01,0.000000e+00,2.000000e-01,2.500000e-05,0.000000e+00,0.000000e+00,7.671329e-02,0.000000e+00,0.000000e+00,0.000000e+00,0.000000e+00,0.000000e+00,0.000000e+00,0.000000e+00,0.000000e+00,0.000000e+00,0.000000e+00,0.000000e+00,0.000000e+00,1.000000e+00,0.000000e+00,9.269244e+01,0.000000e+00,1.655222e-03,7.671329e-02,0.000000e+00,0.000000e+00,0.000000e+00,0.000000e+00,0.000000e+00,-1.865294e-02,0.000000e+00,1.655222e-03,0.000000e+00,4.308780e+00,0.000000e+00,0.000000e+00
4.000000e-04,8.696578e-02,9.130418e-01,0.000000e+00,4.273270e-01,0.000000e+00,2.000000e-01,2.500000e-05,0.000000e+00,0.000000e+00,8.696578e-02,0.000000e+00,0.000000e+00,0.000000e+00,0.000000e+00,0.000000e+00,0.000000e+00,0.000000e+00,0.000000e+00,0.000000e+00,0.000000e+00,0.000000e+00,0.000000e+00,1.000000e+00,0.000000e+00,9.869229e+01,0.000000e+00,1.762362e-03,8.696578e-02,0.000000e+00,0.000000e+00,0.000000e+00,0.000000e+00,0.000000e+00,-2.112025e-02,0.000000e+00,1.762362e-03,0.000000e+00,4.285606e+00,0.000000e+00,0.000000e+00
4.250000e-04,9.779654e-02,9.022120e-01,0.000000e+00,4.247851e-01,0.000000e+00,2.000000e-01,2.500000e-05,0.000000e+00,0.000000e+00,9.779654e-02,0.000000e+00,0.000000e+00,0.000000e+00,0.000000e+00,0.000000e+00,0.000000e+00,0.000000e+00,0.000000e+00,0.000000e+00,0.000000e+00,0.000000e+00,0.000000e+00,1.000000e+00,0.000000e+00,1.046576e+02,0.000000e+00,1.868886e-03,9.779654e-02,0.000000e+00,0.000000e+00,0.000000e+00,0.000000e+00,0.000000e+00,-2.373669e-02,0.000000e+00,1.868886e-03,0.000000e+00,4.260933e+00,0.000000e+00,0.000000e+00
4.500000e-04,1.091904e-01,8.908192e-01,0.000000e+00,4.220946e-01,0.000000e+00,2.000000e-01,2.500000e-05,0.000000e+00,0.000000e+00,1.091904e-01,0.000000e+00,0.000000e+00,0.000000e+00,0.000000e+00,0.000000e+00,0.000000e+00,0.000000e+00,0.000000e+00,0.000000e+00,0.000000e+00,0.000000e+00,0.000000e+00,1.000000e+00,0.000000e+00,1.105863e+02,0.000000e+00,1.974755e-03,1.091904e-01,0.000000e+00,0.000000e+00,0.000000e+00,0.000000e+00,0.000000e+00,-2.650134e-02,0.000000e+00,1.974755e-03,0.000000e+00,4.234769e+00,0.000000e+00,0.000000e+00
4.750000e-04,1.211314e-01,8.788792e-01,0.000000e+00,4.192563e-01,0.000000e+00,2.000000e-01,2.500000e-05,0.000000e+00,0.000000e+00,1.211314e-01,0.000000e+00,0.000000e+00,0.000000e+00,0.000000e+00,0.000000e+00,0.000000e+00,0.000000e+00,0.000000e+00,0.000000e+00,0.000000e+00,0.000000e+00,0.000000e+00,1.000000e+00,0.000000e+00,1.164762e+02,0.000000e+00,2.079933e-03,1.211314e-01,0.000000e+00,0.000000e+00,0.000000e+00,0.000000e+00,0.000000e+00,-2.941325e-02,0.000000e+00,2.079933e-03,0.000000e+00,4.207122e+00,0.000000e+00,0.000000e+00
5.000000e-04,1.336028e-01,8.664089e-01,0.000000e+00,4.162713e-01,0.000000e+00,2.000000e-01,2.500000e-05,0.000000e+00,0.000000e+00,1.336028e-01,0.000000e+00,0.000000e+00,0.000000e+00,0.000000e+00,0.000000e+00,0.000000e+00,0.000000e+00,0.000000e+00,0.000000e+00,0.000000e+00,0.000000e+00,0.000000e+00,1.000000e+00,0.000000e+00,1.223254e+02,0.000000e+00,2.184383e-03,1.336028e-01,0.000000e+00,0.000000e+00,0.000000e+00,0.000000e+00,0.000000e+00,-3.247139e-02,0.000000e+00,2.184383e-03,0.000000e+00,4.178003e+00,0.000000e+00,0.000000e+00
5.250000e-04,1.465872e-01,8.534256e-01,0.000000e+00,4.131406e-01,0.000000e+00,2.000000e-01,2.500000e-05,0.000000e+00,0.000000e+00,1.465872e-01,0.000000e+00,0.000000e+00,0.000000e+00,0.000000e+00,0.000000e+00,0.000000e+00,0.000000e+00,0.000000e+00,0.000000e+00,0.000000e+00,0.000000e+00,0.000000e+00,1.000000e+00,0.000000e+00,1.281318e+02,0.000000e+00,2.288069e-03,1.465872e-01,0.000000e+00,0.000000e+00,0.000000e+00,0.000000e+00,0.000000e+00,-3.567468e-02,0.000000e+00,2.288069e-03,0.000000e+00,4.147422e+00,0.000000e+00,0.000000e+00
5.500000e-04,1.600664e-01,8.399476e-01,0.000000e+00,4.098652e-01,0.000000e+00,2.000000e-01,2.500000e-05,0.000000e+00,0.000000e+00,1.600664e-01,0.000000e+00,0.000000e+00,0.000000e+00,0.000000e+00,0.000000e+00,0.000000e+00,0.000000e+00,0.000000e+00,0.000000e+00,0.000000e+00,0.000000e+00,0.000000e+00,1.000000e+00,0.000000e+00,1.338934e+02,0.000000e+00,2.390953e-03,1.600664e-01,0.000000e+00,0.000000e+00,0.000000e+00,0.000000e+00,0.000000e+00,-3.902202e-02,0.000000e+00,2.390953e-03,0.000000e+00,4.115389e+00,0.000000e+00,0.000000e+00
5.750000e-04,1.740215e-01,8.259937e-01,0.000000e+00,4.064465e-01,0.000000e+00,2.000000e-01,2.500000e-05,0.000000e+00,0.000000e+00,1.740215e-01,0.000000e+00,0.000000e+00,0.000000e+00,0.000000e+00,0.000000e+00,0.000000e+00,0.000000e+00,0.000000e+00,0.000000e+00,0.000000e+00,0.000000e+00,0.000000e+00,1.000000e+00,0.000000e+00,1.396081e+02,0.000000e+00,2.493001e-03,1.740215e-01,0.000000e+00,0.000000e+00,0.000000e+00,0.000000e+00,0.000000e+00,-4.251222e-02,0.000000e+00,2.493001e-03,0.000000e+00,4.081916e+00,0.000000e+00,0.000000e+00
6.000000e-04,1.884331e-01,8.115835e-01,0.000000e+00,4.028855e-01,0.000000e+00,2.000000e-01,2.500000e-05,0.000000e+00,0.000000e+00,1.884331e-01,0.000000e+00,0.000000e+00,0.000000e+00,0.000000e+00,0.000000e+00,0.000000e+00,0.000000e+00,0.000000e+00,0.000000e+00,0.000000e+00,0.000000e+00,0.000000e+00,1.000000e+00,0.000000e+00,1.452739e+02,0.000000e+00,2.594176e-03,1.884331e-01,0.000000e+00,0.000000e+00,0.000000e+00,0.000000e+00,0.000000e+00,-4.614407e-02,0.000000e+00,2.594176e-03,0.000000e+00,4.047014e+00,0.000000e+00,0.000000e+00
6.250000e-04,2.032808e-01,7.967370e-01,0.000000e+00,3.991834e-01,0.000000e+00,2.000000e-01,2.500000e-05,0.000000e+00,0.000000e+00,2.032808e-01,0.000000e+00,0.000000e+00,0.000000e+00,0.000000e+00,0.000000e+00,0.000000e+00,0.000000e+00,0.000000e+00,0.000000e+00,0.000000e+00,0.000000e+00,0.000000e+00,1.000000e+00,0.000000e+00,1.508889e+02,0.000000e+00,2.694444e-03,2.032808e-01,0.000000e+00,0.000000e+00,0.000000e+00,0.000000e+00,0.000000e+00,-4.991629e-02,0.000000e+00,2.694444e-03,0.000000e+00,4.010695e+00,0.000000e+00,0.000000e+00
6.500000e-04,2.185439e-01,7.814752e-01,0.000000e+00,3.953417e-01,0.000000e+00,2.000000e-01,2.500000e-05,0.000000e+00,0.000000e+00,2.185439e-01,0.000000e+00,0.000000e+00,0.000000e+00,0.000000e+00,0.000000e+00,0.000000e+00,0.000000e+00,0.000000e+00,0.000000e+00,0.000000e+00,0.000000e+00,0.000000e+00,1.000000e+00,0.000000e+00,1.564510e+02,0.000000e+00,2.793768e-03,2.185439e-01,0.000000e+00,0.000000e+00,0.000000e+00,0.000000e+00,0.000000e+00,-5.382757e-02,0.000000e+00,2.793768e-03,0.000000e+00,3.972973e+00,0.000000e+00,0.000000e+00
6.750000e-04,2.342012e-01,7.658193e-01,0.000000e+00,3.913616e-01,0.000000e+00,2.000000e-01,2.500000e-05,0.000000e+00,0.000000e+00,2.342012e-01,0.000000e+00,0.000000e+00,0.000000e+00,0.000000e+00,0.000000e+00,0.000000e+00,0.000000e+00,0.000000e+00,0.000000e+00,0.000000e+00,0.000000e+00,0.000000e+00,1.000000e+00,0.000000e+00,1.619584e+02,0.000000e+00,2.892115e-03,2.342012e-01,0.000000e+00,0.000000e+00,0.000000e+00,0.000000e+00,0.000000e+00,-5.787652e-02,0.000000e+00,2.892115e-03,0.000000e+00,3.933860e+00,0.000000e+00,0.000000e+00
7.000000e-04,2.502306e-01,7.497913e-01,0.000000e+00,3.872445e-01,0.000000e+00,2.000000e-01,2.500000e-05,0.000000e+00,0.000000e+00,2.502306e-01,0.000000e+00,0.000000e+00,0.000000e+00,0.000000e+00,0.000000e+00,0.000000e+00,0.000000e+00,0.000000e+00,0.000000e+00,0.000000e+00,0.000000e+00,0.000000e+00,1.000000e+00,0.000000e+00,1.674091e+02,0.000000e+00,2.989449e-03,2.502306e-01,0.000000e+00,0.000000e+00,0.000000e+00,0.000000e+00,0.000000e+00,-6.206175e-02,0.000000e+00,2.989449e-03,0.000000e+00,3.893371e+00,0.000000e+00,0.000000e+00
7.250000e-04,2.666096e-01,7.334137e-01,0.000000e+00,3.829918e-01,0.000000e+00,2.000000e-01,2.500000e-05,0.000000e+00,0.000000e+00,2.666096e-01,0.000000e+00,0.000000e+00,0.000000e+00,0.000000e+00,0.000000e+00,0.000000e+00,0.000000e+00,0.000000e+00,0.000000e+00,0.000000e+00,0.000000e+00,0.000000e+00,1.000000e+00,0.000000e+00,1.728013e+02,0.000000e+00,3.085737e-03,2.666096e-01,0.000000e+00,0.000000e+00,0.000000e+00,0.000000e+00,0.000000e+00,-6.638178e-02,0.000000e+00,3.085737e-03,0.000000e+00,3.851518e+00,0.000000e+00,0.000000e+00
7.500000e-04,2.833155e-01,7.167093e-01,0.000000e+00,3.786052e-01,0.000000e+00,2.000000e-01,2.500000e-05,0.000000e+00,0.000000e+00,2.833155e-01,0.000000e+00,0.000000e+00,0.000000e+00,0.000000e+00,0.000000e+00,0.000000e+00,0.000000e+00,0.000000e+00,0.000000e+00,0.000000e+00,0.000000e+00,0.000000e+00,1.000000e+00,0.000000e+00,1.781329e+02,0.000000e+00,3.180945e-03,2.833155e-01,0.000000e+00,0.000000e+00,0.000000e+00,0.000000e+00,0.000000e+00,-7.083511e-02,0.000000e+00,3.180945e-03,0.000000e+00,3.808318e+00,0.000000e+00,0.000000e+00
7.750000e-04,3.003247e-01,6.997015e-01,0.000000e+00,3.740860e-01,0.000000e+00,2.000000e-01,2.500000e-05,0.000000e+00,0.000000e+00,3.003247e-01,0.000000e+00,0.000000e+00,0.000000e+00,0.000000e+00,0.000000e+00,0.000000e+00,0.000000e+00,0.000000e+00,0.000000e+00,0.000000e+00,0.000000e+00,0.000000e+00,1.000000e+00,0.000000e+00,1.834022e+02,0.000000e+00,3.275040e-03,3.003247e-01,0.000000e+00,0.000000e+00,0.000000e+00,0.000000e+00,0.000000e+00,-7.542016e-02,0.000000e+00,3.275040e-03,0.000000e+00,3.763785e+00,0.000000e+00,0.000000e+00
8.000000e-04,3.176136e-01,6.824142e-01,0.000000e+00,3.694358e-01,0.000000e+00,2.000000e-01,2.500000e-05,0.000000e+00,0.000000e+00,3.176136e-01,0.000000e+00,0.000000e+00,0.000000e+00,0.000000e+00,0.000000e+00,0.000000e+00,0.000000e+00,0.000000e+00,0.000000e+00,0.000000e+00,0.000000e+00,0.000000e+00,1.000000e+00,0.000000e+00,1.886073e+02,0.000000e+00,3.367988e-03,3.176136e-01,0.000000e+00,0.000000e+00,0.000000e+00,0.000000e+00,0.000000e+00,-8.013535e-02,0.000000e+00,3.367988e-03,0.000000e+00,3.717934e+00,0.000000e+00,0.000000e+00
8.250000e-04,3.351578e-01,6.648715e-01,0.000000e+00,3.646564e-01,0.000000e+00,2.000000e-01,2.500000e-05,0.000000e+00,0.000000e+00,3.351578e-01,0.000000e+00,0.000000e+00,0.000000e+00,0.000000e+00,0.000000e+00,0.000000e+00,0.000000e+00,0.000000e+00,0.000000e+00,0.000000e+00,0.000000e+00,0.000000e+00,1.000000e+00,0.000000e+00,1.937464e+02,0.000000e+00,3.459757e-03,3.351578e-01,0.000000e+00,0.000000e+00,0.000000e+00,0.000000e+00,0.000000e+00,-8.497901e-02,0.000000e+00,3.459757e-03,0.000000e+00,3.670783e+00,0.000000e+00,0.000000e+00
8.500000e-04,3.529328e-01,6.470981e-01,0.000000e+00,3.597494e-01,0.000000e+00,2.000000e-01,2.500000e-05,0.000000e+00,0.000000e+00,3.529328e-01,0.000000e+00,0.000000e+00,0.000000e+00,0.000000e+00,0.000000e+00,0.000000e+00,0.000000e+00,0.000000e+00,0.000000e+00,0.000000e+00,0.000000e+00,0.000000e+00,1.000000e+00,0.000000e+00,1.988177e+02,0.000000e+00,3.550316e-03,3.529328e-01,0.000000e+00,0.000000e+00,0.000000e+00,0.000000e+00,0.000000e+00,-8.994945e-02,0.000000e+00,3.550316e-03,0.000000e+00,3.622346e+00,0.000000e+00,0.000000e+00
8.750000e-04,3.709138e-01,6.291186e-01,0.000000e+00,3.547164e-01,0.000000e+00,2.000000e-01,2.500000e-05,0.000000e+00,0.000000e+00,3.709138e-01,0.000000e+00,0.000000e+00,0.000000e+00,0.000000e+00,0.000000e+00,0.000000e+00,0.000000e+00,0.000000e+00,0.000000e+00,0.000000e+00,0.000000e+00,0.000000e+00,1.000000e+00,0.000000e+00,2.038194e+02,0.000000e+00,3.639632e-03,3.709138e-01,0.000000e+00,0.000000e+00,0.000000e+00,0.000000e+00,0.000000e+00,-9.504493e-02,0.000000e+00,3.639632e-03,0.000000e+00,3.572641e+00,0.000000e+00,0.000000e+00
9.000000e-04,3.890755e-01,6.109585e-01,0.000000e+00,3.495593e-01,0.000000e+00,2.000000e-01,2.500000e-05,0.000000e+00,0.000000e+00,3.890755e-01,0.000000e+00,0.000000e+00,0.000000e+00,0.000000e+00,0.000000e+00,0.000000e+00,0.000000e+00,0.000000e+00,0.000000e+00,0.000000e+00,0.000000e+00,0.000000e+00,1.000000e+00,0.000000e+00,2.087498e+02,0.000000e+00,3.727674e-03,3.890755e-01,0.000000e+00,0.000000e+00,0.000000e+00,0.000000e+00,0.000000e+00,-1.002637e-01,0.000000e+00,3.727674e-03,0.000000e+00,3.521687e+00,0.000000e+00,0.000000e+00
9.250000e-04,4.073927e-01,5.926430e-01,0.000000e+00,3.442798e-01,0.000000e+00,2.000000e-01,2.500000e-05,0.000000e+00,0.000000e+00,4.073927e-01,0.000000e+00,0.000000e+00,0.000000e+00,0.000000e+00,0.000000e+00,0.000000e+00,0.000000e+00,0.000000e+00,0.000000e+00,0.000000e+00,0.000000e+00,0.000000e+00,1.000000e+00,0.000000e+00,2.136071e+02,0.000000e+00,3.814412e-03,4.073927e-01,0.000000e+00,0.000000e+00,0.000000e+00,0.000000e+00,0.000000e+00,-1.056039e-01,0.000000e+00,3.814412e-03,0.000000e+00,3.469499e+00,0.000000e+00,0.000000e+00
9.500000e-04,4.258394e-01,5.741978e-01,0.000000e+00,3.388799e-01,0.000000e+00,2.000000e-01,2.500000e-05,0.000000e+00,0.000000e+00,4.258394e-01,0.000000e+00,0.000000e+00,0.000000e+00,0.000000e+00,0.000000e+00,0.000000e+00,0.000000e+00,0.000000e+00,0.000000e+00,0.000000e+00,0.000000e+00,0.000000e+00,1.000000e+00,0.000000e+00,2.183896e+02,0.000000e+00,3.899814e-03,4.258394e-01,0.000000e+00,0.000000e+00,0.000000e+00,0.000000e+00,0.000000e+00,-1.110636e-01,0.000000e+00,3.899814e-03,0.000000e+00,3.416097e+00,0.000000e+00,0.000000e+00
9.750000e-04,4.443901e-01,5.556488e-01,0.000000e+00,3.333613e-01,0.000000e+00,2.000000e-01,2.500000e-05,0.000000e+00,0.000000e+00,4.443901e-01,0.000000e+00,0.000000e+00,0.000000e+00,0.000000e+00,0.000000e+00,0.000000e+00,0.000000e+00,0.000000e+00,0.000000e+00,0.000000e+00,0.000000e+00,0.000000e+00,1.000000e+00,0.000000e+00,2.230957e+02,0.000000e+00,3.983852e-03,4.443901e-01,0.000000e+00,0.000000e+00,0.000000e+00,0.000000e+00,0.000000e+00,-1.166410e-01,0.000000e+00,3.983852e-03,0.000000e+00,3.361500e+00,0.000000e+00,0.000000e+00
1.000000e-03,4.630187e-01,5.370219e-01,0.000000e+00,3.277261e-01,0.000000e+00,2.000000e-01,2.500000e-05,0.000000e+00,0.000000e+00,4.630187e-01,0.000000e+00,0.000000e+00,0.000000e+00,0.000000e+00,0.000000e+00,0.000000e+00,0.000000e+00,0.000000e+00,0.000000e+00,0.000000e+00,0.000000e+00,0.000000e+00,1.000000e+00,0.000000e+00,2.277237e+02,0.000000e+00,4.066495e-03,4.630187e-01,0.000000e+00,0.000000e+00,0.000000e+00,0.000000e+00,0.000000e+00,-1.223341e-01,0.000000e+00,4.066495e-03,0.000000e+00,3.305726e+00,0.000000e+00,0.000000e+00
1.025000e-03,4.816990e-01,5.183431e-01,0.000000e+00,3.219761e-01,0.000000e+00,2.000000e-01,2.500000e-05,0.000000e+00,0.000000e+00,4.816990e-01,0.000000e+00,0.000000e+00,0.000000e+00,0.000000e+00,0.000000e+00,0.000000e+00,0.000000e+00,0.000000e+00,0.000000e+00,0.000000e+00,0.000000e+00,0.000000e+00,1.000000e+00,0.000000e+00,2.322720e+02,0.000000e+00,4.147715e-03,4.816990e-01,0.000000e+00,0.000000e+00,0.000000e+00,0.000000e+00,0.000000e+00,-1.281409e-01,0.000000e+00,4.147715e-03,0.000000e+00,3.248795e+00,0.000000e+00,0.000000e+00
1.050000e-03,5.004051e-01,4.996386e-01,0.000000e+00,3.161135e-01,0.000000e+00,2.000000e-01,2.500000e-05,0.000000e+00,0.000000e+00,5.004051e-01,0.000000e+00,0.000000e+00,0.000000e+00,0.000000e+00,0.000000e+00,0.000000e+00,0.000000e+00,0.000000e+00,0.000000e+00,0.000000e+00,0.000000e+00,0.000000e+00,1.000000e+00,0.000000e+00,2.367390e+02,0.000000e+00,4.227483e-03,5.004051e-01,0.000000e+00,0.000000e+00,0.000000e+00,0.000000e+00,0.000000e+00,-1.340594e-01,0.000000e+00,4.227483e-03,0.000000e+00,3.190727e+00,0.000000e+00,0.000000e+00
1.075000e-03,5.191107e-01,4.809347e-01,0.000000e+00,3.101402e-01,0.000000e+00,2.000000e-01,2.500000e-05,0.000000e+00,0.000000e+00,5.191107e-01,0.000000e+00,0.000000e+00,0.000000e+00,0.000000e+00,0.000000e+00,0.000000e+00,0.000000e+00,0.000000e+00,0.000000e+00,0.000000e+00,0.000000e+00,0.000000e+00,1.000000e+00,0.000000e+00,2.411232e+02,0.000000e+00,4.305772e-03,5.191107e-01,0.000000e+00,0.000000e+00,0.000000e+00,0.000000e+00,0.000000e+00,-1.400874e-01,0.000000e+00,4.305772e-03,0.000000e+00,3.131542e+00,0.000000e+00,0.000000e+00
1.100000e-03,5.377896e-01,4.622575e-01,0.000000e+00,3.040584e-01,0.000000e+00,2.000000e-01,2.500000e-05,0.000000e+00,0.000000e+00,5.377896e-01,0.000000e+00,0.000000e+00,0.000000e+00,0.000000e+00,0.000000e+00,0.000000e+00,0.000000e+00,0.000000e+00,0.000000e+00,0.000000e+00,0.000000e+00,0.000000e+00,1.000000e+00,0.000000e+00,2.454230e+02,0.000000e+00,4.382553e-03,5.377896e-01,0.000000e+00,0.000000e+00,0.000000e+00,0.000000e+00,0.000000e+00,-1.462230e-01,0.000000e+00,4.382553e-03,0.000000e+00,3.071262e+00,0.000000e+00,0.000000e+00
1.125000e-03,5.564156e-01,4.436330e-01,0.000000e+00,2.978701e-01,0.000000e+00,2.000000e-01,2.500000e-05,0.000000e+00,0.000000e+00,5.564156e-01,0.000000e+00,0.000000e+00,0.000000e+00,0.000000e+00,0.000000e+00,0.000000e+00,0.000000e+00,0.000000e+00,0.000000e+00,0.000000e+00,0.000000e+00,0.000000e+00,1.000000e+00,0.000000e+00,2.496368e+02,0.000000e+00,4.457801e-03,5.564156e-01,0.000000e+00,0.000000e+00,0.000000e+00,0.000000e+00,0.000000e+00,-1.524639e-01,0.000000e+00,4.457801e-03,0.000000e+00,3.009906e+00,0.000000e+00,0.000000e+00
1.150000e-03,5.749627e-01,4.250875e-01,0.000000e+00,2.915776e-01,0.000000e+00,2.000000e-01,2.500000e-05,0.000000e+00,0.000000e+00,5.749627e-01,0.000000e+00,0.000000e+00,0.000000e+00,0.000000e+00,0.000000e+00,0.000000e+00,0.000000e+00,0.000000e+00,0.000000e+00,0.000000e+00,0.000000e+00,0.000000e+00,1.000000e+00,0.000000e+00,2.537633e+02,0.000000e+00,4.531488e-03,5.749627e-01,0.000000e+00,0.000000e+00,0.000000e+00,0.000000e+00,0.000000e+00,-1.588080e-01,0.000000e+00,4.531488e-03,0.000000e+00,2.947497e+00,0.000000e+00,0.000000e+00
1.175000e-03,5.934050e-01,4.066469e-01,0.000000e+00,2.851831e-01,0.000000e+00,2.000000e-01,2.500000e-05,0.000000e+00,0.000000e+00,5.934050e-01,0.000000e+00,0.000000e+00,0.000000e+00,0.000000e+00,0.000000e+00,0.000000e+00,0.000000e+00,0.000000e+00,0.000000e+00,0.000000e+00,0.000000e+00,0.000000e+00,1.000000e+00,0.000000e+00,2.578010e+02,0.000000e+00,4.603589e-03,5.934050e-01,0.000000e+00,0.000000e+00,0.000000e+00,0.000000e+00,0.000000e+00,-1.652530e-01,0.000000e+00,4.603589e-03,0.000000e+00,2.884056e+00,0.000000e+00,0.000000e+00
1.200000e-03,6.117166e-01,3.883370e-01,0.000000e+00,2.786887e-01,0.000000e+00,2.000000e-01,2.500000e-05,0.000000e+00,0.000000e+00,6.117166e-01,0.000000e+00,0.000000e+00,0.000000e+00,0.000000e+00,0.000000e+00,0.000000e+00,0.000000e+00,0.000000e+00,0.000000e+00,0.000000e+00,0.000000e+00,0.000000e+00,1.000000e+00,0.000000e+00,2.617484e+02,0.000000e+00,4.674080e-03,6.117166e-01,0.000000e+00,0.000000e+00,0.000000e+00,0.000000e+00,0.000000e+00,-1.717968e-01,0.000000e+00,4.674080e-03,0.000000e+00,2.819606e+00,0.000000e+00,0.000000e+00
1.225000e-03,6.298718e-01,3.701833e-01,0.000000e+00,2.720968e-01,0.000000e+00,2.000000e-01,2.500000e-05,0.000000e+00,0.000000e+00,6.298718e-01,0.000000e+00,0.000000e+00,0.000000e+00,0.000000e+00,0.000000e+00,0.000000e+00,0.000000e+00,0.000000e+00,0.000000e+00,0.000000e+00,0.000000e+00,0.000000e+00,1.000000e+00,0.000000e+00,2.656043e+02,0.000000e+00,4.742934e-03,6.298718e-01,0.000000e+00,0.000000e+00,0.000000e+00,0.000000e+00,0.000000e+00,-1.784369e-01,0.000000e+00,4.742934e-03,0.000000e+00,2.754169e+00,0.000000e+00,0.000000e+00
1.250000e-03,6.478453e-01,3.522114e-01,0.000000e+00,2.654096e-01,0.000000e+00,2.000000e-01,2.500000e-05,0.000000e+00,0.000000e+00,6.478453e-01,0.000000e+00,0.000000e+00,0.000000e+00,0.000000e+00,0.000000e+00,0.000000e+00,0.000000e+00,0.000000e+00,0.000000e+00,0.000000e+00,0.000000e+00,0.000000e+00,1.000000e+00,0.000000e+00,2.693672e+02,0.000000e+00,4.810128e-03,6.478453e-01,0.000000e+00,0.000000e+00,0.000000e+00,0.000000e+00,0.000000e+00,-1.851710e-01,0.000000e+00,4.810128e-03,0.000000e+00,2.687767e+00,0.000000e+00,0.000000e+00
1.275000e-03,6.656119e-01,3.344464e-01,0.000000e+00,2.586296e-01,0.000000e+00,2.000000e-01,2.500000e-05,0.000000e+00,0.000000e+00,6.656119e-01,0.000000e+00,0.000000e+00,0.000000e+00,0.000000e+00,0.000000e+00,0.000000e+00,0.000000e+00,0.000000e+00,0.000000e+00,0.000000e+00,0.000000e+00,0.000000e+00,1.000000e+00,0.000000e+00,2.730358e+02,0.000000e+00,4.875639e-03,6.656119e-01,0.000000e+00,0.000000e+00,0.000000e+00,0.000000e+00,0.000000e+00,-1.919969e-01,0.000000e+00,4.875639e-03,0.000000e+00,2.620425e+00,0.000000e+00,0.000000e+00
1.300000e-03,6.831467e-01,3.169131e-01,0.000000e+00,2.517591e-01,0.000000e+00,2.000000e-01,2.500000e-05,0.000000e+00,0.000000e+00,6.831467e-01,0.000000e+00,0.000000e+00,0.000000e+00,0.000000e+00,0.000000e+00,0.000000e+00,0.000000e+00,0.000000e+00,0.000000e+00,0.000000e+00,0.000000e+00,0.000000e+00,1.000000e+00,0.000000e+00,2.766088e+02,0.000000e+00,4.939443e-03,6.831467e-01,0.000000e+00,0.000000e+00,0.000000e+00,0.000000e+00,0.000000e+00,-1.989122e-01,0.000000e+00,4.939443e-03,0.000000e+00,2.552167e+00,0.000000e+00,0.000000e+00
1.325000e-03,7.004251e-01,2.996361e-01,0.000000e+00,2.448004e-01,0.000000e+00,2.000000e-01,2.500000e-05,0.000000e+00,0.000000e+00,7.004251e-01,0.000000e+00,0.000000e+00,0.000000e+00,0.000000e+00,0.000000e+00,0.000000e+00,0.000000e+00,0.000000e+00,0.000000e+00,0.000000e+00,0.000000e+00,0.000000e+00,1.000000e+00,0.000000e+00,2.800850e+02,0.000000e+00,5.001518e-03,7.004251e-01,0.000000e+00,0.000000e+00,0.000000e+00,0.000000e+00,0.000000e+00,-2.059143e-01,0.000000e+00,5.001518e-03,0.000000e+00,2.483014e+00,0.000000e+00,0.000000e+00
1.350000e-03,7.174231e-01,2.826397e-01,0.000000e+00,2.377560e-01,0.000000e+00,2.000000e-01,2.500000e-05,0.000000e+00,0.000000e+00,7.174231e-01,0.000000e+00,0.000000e+00,0.000000e+00,0.000000e+00,0.000000e+00,0.000000e+00,0.000000e+00,0.000000e+00,0.000000e+00,0.000000e+00,0.000000e+00,0.000000e+00,1.000000e+00,0.000000e+00,2.834632e+02,0.000000e+00,5.061843e-03,7.174231e-01,0.000000e+00,0.000000e+00,0.000000e+00,0.000000e+00,0.000000e+00,-2.130009e-01,0.000000e+00,5.061843e-03,0.000000e+00,2.412993e+00,0.000000e+00,0.000000e+00
1.375000e-03,7.341168e-01,2.659474e-01,0.000000e+00,2.306285e-01,0.000000e+00,2.000000e-01,2.500000e-05,0.000000e+00,0.000000e+00,7.341168e-01,0.000000e+00,0.000000e+00,0.000000e+00,0.000000e+00,0.000000e+00,0.000000e+00,0.000000e+00,0.000000e+00,0.000000e+00,0.000000e+00,0.000000e+00,0.000000e+00,1.000000e+00,0.000000e+00,2.867422e+02,0.000000e+00,5.120396e-03,7.341168e-01,0.000000e+00,0.000000e+00,0.000000e+00,0.000000e+00,0.000000e+00,-2.201694e-01,0.000000e+00,5.120396e-03,0.000000e+00,2.342127e+00,0.000000e+00,0.000000e+00
1.400000e-03,7.504828e-01,2.495829e-01,0.000000e+00,2.234202e-01,0.000000e+00,2.000000e-01,2.500000e-05,0.000000e+00,0.000000e+00,7.504828e-01,0.000000e+00,0.000000e+00,0.000000e+00,0.000000e+00,0.000000e+00,0.000000e+00,0.000000e+00,0.000000e+00,0.000000e+00,0.000000e+00,0.000000e+00,0.000000e+00,1.000000e+00,0.000000e+00,2.899208e+02,0.000000e+00,5.177157e-03,7.504828e-01,0.000000e+00,0.000000e+00,0.000000e+00,0.000000e+00,0.000000e+00,-2.274174e-01,0.000000e+00,5.177157e-03,0.000000e+00,2.270442e+00,0.000000e+00,0.000000e+00
1.425000e-03,7.664982e-01,2.335689e-01,0.000000e+00,2.161337e-01,0.000000e+00,2.000000e-01,2.500000e-05,0.000000e+00,0.000000e+00,7.664982e-01,0.000000e+00,0.000000e+00,0.000000e+00,0.000000e+00,0.000000e+00,0.000000e+00,0.000000e+00,0.000000e+00,0.000000e+00,0.000000e+00,0.000000e+00,0.000000e+00,1.000000e+00,0.000000e+00,2.929980e+02,0.000000e+00,5.232106e-03,7.664982e-01,0.000000e+00,0.000000e+00,0.000000e+00,0.000000e+00,0.000000e+00,-2.347424e-01,0.000000e+00,5.232106e-03,0.000000e+00,2.197962e+00,0.000000e+00,0.000000e+00
1.450000e-03,7.821406e-01,2.179278e-01,0.000000e+00,2.087716e-01,0.000000e+00,2.000000e-01,2.500000e-05,0.000000e+00,0.000000e+00,7.821406e-01,0.000000e+00,0.000000e+00,0.000000e+00,0.000000e+00,0.000000e+00,0.000000e+00,0.000000e+00,0.000000e+00,0.000000e+00,0.000000e+00,0.000000e+00,0.000000e+00,1.000000e+00,0.000000e+00,2.959725e+02,0.000000e+00,5.285224e-03,7.821406e-01,0.000000e+00,0.000000e+00,0.000000e+00,0.000000e+00,0.000000e+00,-2.421417e-01,0.000000e+00,5.285224e-03,0.000000e+00,2.124712e+00,0.000000e+00,0.000000e+00
1.475000e-03,7.973881e-01,2.026816e-01,0.000000e+00,2.013364e-01,0.000000e+00,2.000000e-01,2.500000e-05,0.000000e+00,0.000000e+00,7.973881e-01,0.000000e+00,0.000000e+00,0.000000e+00,0.000000e+00,0.000000e+00,0.000000e+00,0.000000e+00,0.000000e+00,0.000000e+00,0.000000e+00,0.000000e+00,0.000000e+00,1.000000e+00,0.000000e+00,2.988436e+02,0.000000e+00,5.336492e-03,7.973881e-01,0.000000e+00,0.000000e+00,0.000000e+00,0.000000e+00,0.000000e+00,-2.496128e-01,0.000000e+00,5.336492e-03,0.000000e+00,2.050719e+00,0.000000e+00,0.000000e+00
1.500000e-03,8.122194e-01,1.878517e-01,0.000000e+00,1.938307e-01,0.000000e+00,2.000000e-01,2.500000e-05,0.000000e+00,0.000000e+00,8.122194e-01,0.000000e+00,0.000000e+00,0.000000e+00,0.000000e+00,0.000000e+00,0.000000e+00,0.000000e+00,0.000000e+00,0.000000e+00,0.000000e+00,0.000000e+00,0.000000e+00,1.000000e+00,0.000000e+00,3.016100e+02,0.000000e+00,5.385892e-03,8.122194e-01,0.000000e+00,0.000000e+00,0.000000e+00,0.000000e+00,0.000000e+00,-2.571530e-01,0.000000e+00,5.385892e-03,0.000000e+00,1.976008e+00,0.000000e+00,0.000000e+00
1.525000e-03,8.266137e-01,1.734587e-01,0.000000e+00,1.862572e-01,0.000000e+00,2.000000e-01,2.500000e-05,0.000000e+00,0.000000e+00,8.266137e-01,0.000000e+00,0.000000e+00,0.000000e+00,0.000000e+00,0.000000e+00,0.000000e+00,0.000000e+00,0.000000e+00,0.000000e+00,0.000000e+00,0.000000e+00,0.000000e+00,1.000000e+00,0.000000e+00,3.042708e+02,0.000000e+00,5.433408e-03,8.266137e-01,0.000000e+00,0.000000e+00,0.000000e+00,0.000000e+00,0.000000e+00,-2.647598e-01,0.000000e+00,5.433408e-03,0.000000e+00,1.900606e+00,0.000000e+00,0.000000e+00
1.550000e-03,8.405507e-01,1.595228e-01,0.000000e+00,1.786185e-01,0.000000e+00,2.000000e-01,2.500000e-05,0.000000e+00,0.000000e+00,8.405507e-01,0.000000e+00,0.000000e+00,0.000000e+00,0.000000e+00,0.000000e+00,0.000000e+00,0.000000e+00,0.000000e+00,0.000000e+00,0.000000e+00,0.000000e+00,0.000000e+00,1.000000e+00,0.000000e+00,3.068252e+02,0.000000e+00,5.479021e-03,8.405507e-01,0.000000e+00,0.000000e+00,0.000000e+00,0.000000e+00,0.000000e+00,-2.724304e-01,0.000000e+00,5.479021e-03,0.000000e+00,1.824538e+00,0.000000e+00,0.000000e+00
1.575000e-03,8.540112e-01,1.460636e-01,0.000000e+00,1.709173e-01,0.000000e+00,2.000000e-01,2.500000e-05,0.000000e+00,0.000000e+00,8.540112e-01,0.000000e+00,0.000000e+00,0.000000e+00,0.000000e+00,0.000000e+00,0.000000e+00,0.000000e+00,0.000000e+00,0.000000e+00,0.000000e+00,0.000000e+00,0.000000e+00,1.000000e+00,0.000000e+00,3.092721e+02,0.000000e+00,5.522717e-03,8.540112e-01,0.000000e+00,0.000000e+00,0.000000e+00,0.000000e+00,0.000000e+00,-2.801622e-01,0.000000e+00,5.522717e-03,0.000000e+00,1.747832e+00,0.000000e+00,0.000000e+00
1.600000e-03,8.669761e-01,1.330998e-01,0.000000e+00,1.631562e-01,0.000000e+00,2.000000e-01,2.500000e-05,0.000000e+00,0.000000e+00,8.669761e-01,0.000000e+00,0.000000e+00,0.000000e+00,0.000000e+00,0.000000e+00,0.000000e+00,0.000000e+00,0.000000e+00,0.000000e+00,0.000000e+00,0.000000e+00,0.000000e+00,1.000000e+00,0.000000e+00,3.116108e+02,0.000000e+00,5.564480e-03,8.669761e-01,0.000000e+00,0.000000e+00,0.000000e+00,0.000000e+00,0.000000e+00,-2.879525e-01,0.000000e+00,5.564480e-03,0.000000e+00,1.670514e+00,0.000000e+00,0.000000e+00
1.625000e-03,8.794274e-01,1.206496e-01,0.000000e+00,1.553381e-01,0.000000e+00,2.000000e-01,2.500000e-05,0.000000e+00,0.000000e+00,8.794274e-01,0.000000e+00,0.000000e+00,0.000000e+00,0.000000e+00,0.000000e+00,0.000000e+00,0.000000e+00,0.000000e+00,0.000000e+00,0.000000e+00,0.000000e+00,0.000000e+00,1.000000e+00,0.000000e+00,3.138405e+02,0.000000e+00,5.604295e-03,8.794274e-01,0.000000e+00,0.000000e+00,0.000000e+00,0.000000e+00,0.000000e+00,-2.957985e-01,0.000000e+00,5.604295e-03,0.000000e+00,1.592611e+00,0.000000e+00,0.000000e+00
1.650000e-03,8.913475e-01,1.087305e-01,0.000000e+00,1.474656e-01,0.000000e+00,2.000000e-01,2.500000e-05,0.000000e+00,0.000000e+00,8.913475e-01,0.000000e+00,0.000000e+00,0.000000e+00,0.000000e+00,0.000000e+00,0.000000e+00,0.000000e+00,0.000000e+00,0.000000e+00,0.000000e+00,0.000000e+00,0.000000e+00,1.000000e+00,0.000000e+00,3.159603e+02,0.000000e+00,5.642149e-03,8.913475e-01,0.000000e+00,0.000000e+00,0.000000e+00,0.000000e+00,0.000000e+00,-3.036975e-01,0.000000e+00,5.642149e-03,0.000000e+00,1.514151e+00,0.000000e+00,0.000000e+00
1.675000e-03,9.027199e-01,9.735908e-02,0.000000e+00,1.395414e-01,0.000000e+00,2.000000e-01,2.500000e-05,0.000000e+00,0.000000e+00,9.027199e-01,0.000000e+00,0.000000e+00,0.000000e+00,0.000000e+00,0.000000e+00,0.000000e+00,0.000000e+00,0.000000e+00,0.000000e+00,0.000000e+00,0.000000e+00,0.000000e+00,1.000000e+00,0.000000e+00,3.179695e+02,0.000000e+00,5.678027e-03,9.027199e-01,0.000000e+00,0.000000e+00,0.000000e+00,0.000000e+00,0.000000e+00,-3.116468e-01,0.000000e+00,5.678027e-03,0.000000e+00,1.435161e+00,0.000000e+00,0.000000e+00
1.700000e-03,9.135286e-01,8.655133e-02,0.000000e+00,1.315685e-01,0.000000e+00,2.000000e-01,2.500000e-05,0.000000e+00,0.000000e+00,9.135286e-01,0.000000e+00,0.000000e+00,0.000000e+00,0.000000e+00,0.000000e+00,0.000000e+00,0.000000e+00,0.000000e+00,0.000000e+00,0.000000e+00,0.000000e+00,0.000000e+00,1.000000e+00,0.000000e+00,3.198675e+02,0.000000e+00,5.711919e-03,9.135286e-01,0.000000e+00,0.000000e+00,0.000000e+00,0.000000e+00,0.000000e+00,-3.196435e-01,0.000000e+00,5.711919e-03,0.000000e+00,1.355668e+00,0.000000e+00,0.000000e+00
1.725000e-03,9.237584e-01,7.632236e-02,0.000000e+00,1.235495e-01,0.000000e+00,2.000000e-01,2.500000e-05,0.000000e+00,0.000000e+00,9.237584e-01,0.000000e+00,0.000000e+00,0.000000e+00,0.000000e+00,0.000000e+00,0.000000e+00,0.000000e+00,0.000000e+00,0.000000e+00,0.000000e+00,0.000000e+00,0.000000e+00,1.000000e+00,0.000000e+00,3.216535e+02,0.000000e+00,5.743812e-03,9.237584e-01,0.000000e+00,0.000000e+00,0.000000e+00,0.000000e+00,0.000000e+00,-3.276848e-01,0.000000e+00,5.743812e-03,0.000000e+00,1.275701e+00,0.000000e+00,0.000000e+00
1.750000e-03,9.333952e-01,6.668649e-02,0.000000e+00,1.154872e-01,0.000000e+00,2.000000e-01,2.500000e-05,0.000000e+00,0.000000e+00,9.333952e-01,0.000000e+00,0.000000e+00,0.000000e+00,0.000000e+00,0.000000e+00,0.000000e+00,0.000000e+00,0.000000e+00,0.000000e+00,0.000000e+00,0.000000e+00,0.000000e+00,1.000000e+00,0.000000e+00,3.233269e+02,0.000000e+00,5.773694e-03,9.333952e-01,0.000000e+00,0.000000e+00,0.000000e+00,0.000000e+00,0.000000e+00,-3.357680e-01,0.000000e+00,5.773694e-03,0.000000e+00,1.195288e+00,0.000000e+00,0.000000e+00
1.775000e-03,9.424253e-01,5.765720e-02,0.000000e+00,1.073845e-01,0.000000e+00,2.000000e-01,2.500000e-05,0.000000e+00,0.000000e+00,9.424253e-01,0.000000e+00,0.000000e+00,0.000000e+00,0.000000e+00,0.000000e+00,0.000000e+00,0.000000e+00,0.000000e+00,0.000000e+00,0.000000e+00,0.000000e+00,0.000000e+00,1.000000e+00,0.000000e+00,3.248871e+02,0.000000e+00,5.801555e-03,9.424253e-01,0.000000e+00,0.000000e+00,0.000000e+00,0.000000e+00,0.000000e+00,-3.438901e-01,0.000000e+00,5.801555e-03,0.000000e+00,1.114456e+00,0.000000e+00,0.000000e+00
1.800000e-03,9.508361e-01,4.924714e-02,0.000000e+00,9.924429e-02,0.000000e+00,2.000000e-01,2.500000e-05,0.000000e+00,0.000000e+00,9.508361e-01,0.000000e+00,0.000000e+00,0.000000e+00,0.000000e+00,0.000000e+00,0.000000e+00,0.000000e+00,0.000000e+00,0.000000e+00,0.000000e+00,0.000000e+00,0.000000e+00,1.000000e+00,0.000000e+00,3.263336e+02,0.000000e+00,5.827386e-03,9.508361e-01,0.000000e+00,0.000000e+00,0.000000e+00,0.000000e+00,0.000000e+00,-3.520485e-01,0.000000e+00,5.827386e-03,0.000000e+00,1.033235e+00,0.000000e+00,0.000000e+00
1.825000e-03,9.586158e-01,4.146808e-02,0.000000e+00,9.106929e-02,0.000000e+00,2.000000e-01,2.500000e-05,0.000000e+00,0.000000e+00,9.586158e-01,0.000000e+00,0.000000e+00,0.000000e+00,0.000000e+00,0.000000e+00,0.000000e+00,0.000000e+00,0.000000e+00,0.000000e+00,0.000000e+00,0.000000e+00,0.000000e+00,1.000000e+00,0.000000e+00,3.276660e+02,0.000000e+00,5.851177e-03,9.586158e-01,0.000000e+00,0.000000e+00,0.000000e+00,0.000000e+00,0.000000e+00,-3.602401e-01,0.000000e+00,5.851177e-03,0.000000e+00,9.516512e-01,0.000000e+00,0.000000e+00
1.850000e-03,9.657536e-01,3.433090e-02,0.000000e+00,8.286242e-02,0.000000e+00,2.000000e-01,2.500000e-05,0.000000e+00,0.000000e+00,9.657536e-01,0.000000e+00,0.000000e+00,0.000000e+00,0.000000e+00,0.000000e+00,0.000000e+00,0.000000e+00,0.000000e+00,0.000000e+00,0.000000e+00,0.000000e+00,0.000000e+00,1.000000e+00,0.000000e+00,3.288836e+02,0.000000e+00,5.872921e-03,9.657536e-01,0.000000e+00,0.000000e+00,0.000000e+00,0.000000e+00,0.000000e+00,-3.684622e-01,0.000000e+00,5.872921e-03,0.000000e+00,8.697346e-01,0.000000e+00,0.000000e+00
1.875000e-03,9.722394e-01,2.784561e-02,0.000000e+00,7.462655e-02,0.000000e+00,2.000000e-01,2.500000e-05,0.000000e+00,0.000000e+00,9.722394e-01,0.000000e+00,0.000000e+00,0.000000e+00,0.000000e+00,0.000000e+00,0.000000e+00,0.000000e+00,0.000000e+00,0.000000e+00,0.000000e+00,0.000000e+00,0.000000e+00,1.000000e+00,0.000000e+00,3.299861e+02,0.000000e+00,5.892609e-03,9.722394e-01,0.000000e+00,0.000000e+00,0.000000e+00,0.000000e+00,0.000000e+00,-3.767119e-01,0.000000e+00,5.892609e-03,0.000000e+00,7.875138e-01,0.000000e+00,0.000000e+00
1.900000e-03,9.780643e-01,2.202128e-02,0.000000e+00,6.636456e-02,0.000000e+00,2.000000e-01,2.500000e-05,0.000000e+00,0.000000e+00,9.780643e-01,0.000000e+00,0.000000e+00,0.000000e+00,0.000000e+00,0.000000e+00,0.000000e+00,0.000000e+00,0.000000e+00,0.000000e+00,0.000000e+00,0.000000e+00,0.000000e+00,1.000000e+00,0.000000e+00,3.309731e+02,0.000000e+00,5.910234e-03,9.780643e-01,0.000000e+00,0.000000e+00,0.000000e+00,0.000000e+00,0.000000e+00,-3.849862e-01,0.000000e+00,5.910234e-03,0.000000e+00,7.050173e-01,0.000000e+00,0.000000e+00
1.925000e-03,9.832200e-01,1.686605e-02,0.000000e+00,5.807934e-02,0.000000e+00,2.000000e-01,2.500000e-05,0.000000e+00,0.000000e+00,9.832200e-01,0.000000e+00,0.000000e+00,0.000000e+00,0.000000e+00,0.000000e+00,0.000000e+00,0.000000e+00,0.000000e+00,0.000000e+00,0.000000e+00,0.000000e+00,0.000000e+00,1.000000e+00,0.000000e+00,3.318443e+02,0.000000e+00,5.925791e-03,9.832200e-01,0.000000e+00,0.000000e+00,0.000000e+00,0.000000e+00,0.000000e+00,-3.932823e-01,0.000000e+00,5.925791e-03,0.000000e+00,6.222740e-01,0.000000e+00,0.000000e+00
1.950000e-03,9.876993e-01,1.238716e-02,0.000000e+00,4.977380e-02,0.000000e+00,2.000000e-01,2.500000e-05,0.000000e+00,0.000000e+00,9.876993e-01,0.000000e+00,0.000000e+00,0.000000e+00,0.000000e+00,0.000000e+00,0.000000e+00,0.000000e+00,0.000000e+00,0.000000e+00,0.000000e+00,0.000000e+00,0.000000e+00,1.000000e+00,0.000000e+00,3.325993e+02,0.000000e+00,5.939274e-03,9.876993e-01,0.000000e+00,0.000000e+00,0.000000e+00,0.000000e+00,0.000000e+00,-4.015973e-01,0.000000e+00,5.939274e-03,0.000000e+00,5.393129e-01,0.000000e+00,0.000000e+00
1.975000e-03,9.914959e-01,8.590857e-03,0.000000e+00,4.145083e-02,0.000000e+00,2.000000e-01,2.500000e-05,0.000000e+00,0.000000e+00,9.914959e-01,0.000000e+00,0.000000e+00,0.000000e+00,0.000000e+00,0.000000e+00,0.000000e+00,0.000000e+00,0.000000e+00,0.000000e+00,0.000000e+00,0.000000e+00,0.000000e+00,1.000000e+00,0.000000e+00,3.332380e+02,0.000000e+00,5.950678e-03,9.914959e-01,0.000000e+00,0.000000e+00,0.000000e+00,0.000000e+00,0.000000e+00,-4.099282e-01,0.000000e+00,5.950678e-03,0.000000e+00,4.561631e-01,0.000000e+00,0.000000e+00
2.000000e-03,9.946045e-01,5.482472e-03,0.000000e+00,3.311336e-02,0.000000e+00,2.000000e-01,2.500000e-05,0.000000e+00,0.000000e+00,9.946045e-01,0.000000e+00,0.000000e+00,0.000000e+00,0.000000e+00,0.000000e+00,0.000000e+00,0.000000e+00,0.000000e+00,0.000000e+00,0.000000e+00,0.000000e+00,0.000000e+00,1.000000e+00,0.000000e+00,3.337599e+02,0.000000e+00,5.959999e-03,9.946045e-01,0.000000e+00,0.000000e+00,0.000000e+00,0.000000e+00,0.000000e+00,-4.182722e-01,0.000000e+00,5.959999e-03,0.000000e+00,3.728536e-01,0.000000e+00,0.000000e+00
2.025000e-03,9.970209e-01,3.066351e-03,0.000000e+00,2.476429e-02,0.000000e+00,2.000000e-01,2.500000e-05,0.000000e+00,0.000000e+00,9.970209e-01,0.000000e+00,0.000000e+00,0.000000e+00,0.000000e+00,0.000000e+00,0.000000e+00,0.000000e+00,0.000000e+00,0.000000e+00,0.000000e+00,0.000000e+00,0.000000e+00,1.000000e+00,0.000000e+00,3.341651e+02,0.000000e+00,5.967235e-03,9.970209e-01,0.000000e+00,0.000000e+00,0.000000e+00,0.000000e+00,0.000000e+00,-4.266264e-01,0.000000e+00,5.967235e-03,0.000000e+00,2.894136e-01,0.000000e+00,0.000000e+00
2.050000e-03,9.987415e-01,1.345877e-03,0.000000e+00,1.640656e-02,0.000000e+00,2.000000e-01,2.500000e-05,0.000000e+00,0.000000e+00,9.987415e-01,0.000000e+00,0.000000e+00,0.000000e+00,0.000000e+00,0.000000e+00,0.000000e+00,0.000000e+00,0.000000e+00,0.000000e+00,0.000000e+00,0.000000e+00,0.000000e+00,1.000000e+00,0.000000e+00,3.344534e+02,0.000000e+00,5.972381e-03,9.987415e-01,0.000000e+00,0.000000e+00,0.000000e+00,0.000000e+00,0.000000e+00,-4.349877e-01,0.000000e+00,5.972381e-03,0.000000e+00,2.058723e-01,0.000000e+00,0.000000e+00
2.075000e-03,9.997640e-01,3.234565e-04,0.000000e+00,8.043090e-03,0.000000e+00,2.000000e-01,2.500000e-05,0.000000e+00,0.000000e+00,9.997640e-01,0.000000e+00,0.000000e+00,0.000000e+00,0.000000e+00,0.000000e+00,0.000000e+00,0.000000e+00,0.000000e+00,0.000000e+00,0.000000e+00,0.000000e+00,0.000000e+00,1.000000e+00,0.000000e+00,3.346245e+02,0.000000e+00,5.975438e-03,9.997640e-01,0.000000e+00,0.000000e+00,0.000000e+00,0.000000e+00,0.000000e+00,-4.433533e-01,0.000000e+00,5.975438e-03,0.000000e+00,1.222590e-01,0.000000e+00,0.000000e+00
2.100000e-03,1.000087e+00,5.222868e-07,0.000000e+00,-3.231986e-04,0.000000e+00,2.000000e-01,2.500000e-05,0.000000e+00,0.000000e+00,1.000087e+00,0.000000e+00,0.000000e+00,0.000000e+00,0.000000e+00,0.000000e+00,0.000000e+00,0.000000e+00,0.000000e+00,0.000000e+00,0.000000e+00,0.000000e+00,0.000000e+00,1.000000e+00,0.000000e+00,3.346786e+02,0.000000e+00,5.976403e-03,1.000087e+00,0.000000e+00,0.000000e+00,0.000000e+00,0.000000e+00,0.000000e+00,-4.517203e-01,0.000000e+00,5.976403e-03,0.000000e+00,3.860283e-02,0.000000e+00,0.000000e+00
2.125000e-03,9.997100e-01,3.775261e-04,0.000000e+00,-8.689374e-03,0.000000e+00,2.000000e-01,2.500000e-05,0.000000e+00,0.000000e+00,9.997100e-01,0.000000e+00,0.000000e+00,0.000000e+00,0.000000e+00,0.000000e+00,0.000000e+00,0.000000e+00,0.000000e+00,0.000000e+00,0.000000e+00,0.000000e+00,0.000000e+00,1.000000e+00,0.000000e+00,3.346155e+02,0.000000e+00,5.975276e-03,9.997100e-01,0.000000e+00,0.000000e+00,0.000000e+00,0.000000e+00,0.000000e+00,-4.600857e-01,0.000000e+00,5.975276e-03,0.000000e+00,-4.506681e-02,0.000000e+00,0.000000e+00
2.150000e-03,9.986334e-01,1.453940e-03,0.000000e+00,-1.705251e-02,0.000000e+00,2.000000e-01,2.500000e-05,0.000000e+00,0.000000e+00,9.986334e-01,0.000000e+00,0.000000e+00,0.000000e+00,0.000000e+00,0.000000e+00,0.000000e+00,0.000000e+00,0.000000e+00,0.000000e+00,0.000000e+00,0.000000e+00,0.000000e+00,1.000000e+00,0.000000e+00,3.344353e+02,0.000000e+00,5.972058e-03,9.986334e-01,0.000000e+00,0.000000e+00,0.000000e+00,0.000000e+00,0.000000e+00,-4.684466e-01,0.000000e+00,5.972058e-03,0.000000e+00,-1.287207e-01,0.000000e+00,0.000000e+00
2.175000e-03,9.968590e-01,3.228258e-03,0.000000e+00,-2.540967e-02,0.000000e+00,2.000000e-01,2.500000e-05,0.000000e+00,0.000000e+00,9.968590e-01,0.000000e+00,0.000000e+00,0.000000e+00,0.000000e+00,0.000000e+00,0.000000e+00,0.000000e+00,0.000000e+00,0.000000e+00,0.000000e+00,0.000000e+00,0.000000e+00,1.000000e+00,0.000000e+00,3.341380e+02,0.000000e+00,5.966750e-03,9.968590e-01,0.000000e+00,0.000000e+00,0.000000e+00,0.000000e+00,0.000000e+00,-4.768000e-01,0.000000e+00,5.966750e-03,0.000000e+00,-2.123295e-01,0.000000e+00,0.000000e+00
2.200000e-03,9.943890e-01,5.697995e-03,0.000000e+00,-3.375795e-02,0.000000e+00,2.000000e-01,2.500000e-05,0.000000e+00,0.000000e+00,9.943890e-01,0.000000e+00,0.000000e+00,0.000000e+00,0.000000e+00,0.000000e+00,0.000000e+00,0.000000e+00,0.000000e+00,0.000000e+00,0.000000e+00,0.000000e+00,0.000000e+00,1.000000e+00,0.000000e+00,3.337238e+02,0.000000e+00,5.959353e-03,9.943890e-01,0.000000e+00,0.000000e+00,0.000000e+00,0.000000e+00,0.000000e+00,-4.851431e-01,0.000000e+00,5.959353e-03,0.000000e+00,-2.958640e-01,0.000000e+00,0.000000e+00
2.225000e-03,9.912270e-01,8.859694e-03,0.000000e+00,-4.209440e-02,0.000000e+00,2.000000e-01,2.500000e-05,0.000000e+00,0.000000e+00,9.912270e-01,0.000000e+00,0.000000e+00,0.000000e+00,0.000000e+00,0.000000e+00,0.000000e+00,0.000000e+00,0.000000e+00,0.000000e+00,0.000000e+00,0.000000e+00,0.000000e+00,1.000000e+00,0.000000e+00,3.331928e+02,0.000000e+00,5.949871e-03,9.912270e-01,0.000000e+00,0.000000e+00,0.000000e+00,0.000000e+00,0.000000e+00,-4.934729e-01,0.000000e+00,5.949871e-03,0.000000e+00,-3.792949e-01,0.000000e+00,0.000000e+00
2.250000e-03,9.873775e-01,1.270893e-02,0.000000e+00,-5.041613e-02,0.000000e+00,2.000000e-01,2.500000e-05,0.000000e+00,0.000000e+00,9.873775e-01,0.000000e+00,0.000000e+00,0.000000e+00,0.000000e+00,0.000000e+00,0.000000e+00,0.000000e+00,0.000000e+00,0.000000e+00,0.000000e+00,0.000000e+00,0.000000e+00,1.000000e+00,0.000000e+00,3.325451e+02,0.000000e+00,5.938306e-03,9.873775e-01,0.000000e+00,0.000000e+00,0.000000e+00,0.000000e+00,0.000000e+00,-5.017865e-01,0.000000e+00,5.938306e-03,0.000000e+00,-4.625931e-01,0.000000e+00,0.000000e+00
2.275000e-03,9.828457e-01,1.724031e-02,0.000000e+00,-5.872020e-02,0.000000e+00,2.000000e-01,2.500000e-05,0.000000e+00,0.000000e+00,9.828457e-01,0.000000e+00,0.000000e+00,0.000000e+00,0.000000e+00,0.000000e+00,0.000000e+00,0.000000e+00,0.000000e+00,0.000000e+00,0.000000e+00,0.000000e+00,0.000000e+00,1.000000e+00,0.000000e+00,3.317811e+02,0.000000e+00,5.924663e-03,9.828457e-01,0.000000e+00,0.000000e+00,0.000000e+00,0.000000e+00,0.000000e+00,-5.100811e-01,0.000000e+00,5.924663e-03,0.000000e+00,-5.457294e-01,0.000000e+00,0.000000e+00
2.300000e-03,9.776381e-01,2.244750e-02,0.000000e+00,-6.700373e-02,0.000000e+00,2.000000e-01,2.500000e-05,0.000000e+00,0.000000e+00,9.776381e-01,0.000000e+00,0.000000e+00,0.000000e+00,0.000000e+00,0.000000e+00,0.000000e+00,0.000000e+00,0.000000e+00,0.000000e+00,0.000000e+00,0.000000e+00,0.000000e+00,1.000000e+00,0.000000e+00,3.309010e+02,0.000000e+00,5.908946e-03,9.776381e-01,0.000000e+00,0.000000e+00,0.000000e+00,0.000000e+00,0.000000e+00,-5.183536e-01,0.000000e+00,5.908946e-03,0.000000e+00,-6.286747e-01,0.000000e+00,0.000000e+00
2.325000e-03,9.717618e-01,2.832320e-02,0.000000e+00,-7.526381e-02,0.000000e+00,2.000000e-01,2.500000e-05,0.000000e+00,0.000000e+00,9.717618e-01,0.000000e+00,0.000000e+00,0.000000e+00,0.000000e+00,0.000000e+00,0.000000e+00,0.000000e+00,0.000000e+00,0.000000e+00,0.000000e+00,0.000000e+00,0.000000e+00,1.000000e+00,0.000000e+00,3.299050e+02,0.000000e+00,5.891161e-03,9.717618e-01,0.000000e+00,0.000000e+00,0.000000e+00,0.000000e+00,0.000000e+00,-5.266012e-01,0.000000e+00,5.891161e-03,0.000000e+00,-7.114000e-01,0.000000e+00,0.000000e+00
2.350000e-03,9.652253e-01,3.485920e-02,0.000000e+00,-8.349754e-02,0.000000e+00,2.000000e-01,2.500000e-05,0.000000e+00,0.000000e+00,9.652253e-01,0.000000e+00,0.000000e+00,0.000000e+00,0.000000e+00,0.000000e+00,0.000000e+00,0.000000e+00,0.000000e+00,0.000000e+00,0.000000e+00,0.000000e+00,0.000000e+00,1.000000e+00,0.000000e+00,3.287936e+02,0.000000e+00,5.871314e-03,9.652253e-01,0.000000e+00,0.000000e+00,0.000000e+00,0.000000e+00,0.000000e+00,-5.348210e-01,0.000000e+00,5.871314e-03,0.000000e+00,-7.938762e-01,0.000000e+00,0.000000e+00
2.375000e-03,9.580375e-01,4.204633e-02,0.000000e+00,-9.170205e-02,0.000000e+00,2.000000e-01,2.500000e-05,0.000000e+00,0.000000e+00,9.580375e-01,0.000000e+00,0.000000e+00,0.000000e+00,0.000000e+00,0.000000e+00,0.000000e+00,0.000000e+00,0.000000e+00,0.000000e+00,0.000000e+00,0.000000e+00,0.000000e+00,1.000000e+00,0.000000e+00,3.275671e+02,0.000000e+00,5.849412e-03,9.580375e-01,0.000000e+00,0.000000e+00,0.000000e+00,0.000000e+00,0.000000e+00,-5.430102e-01,0.000000e+00,5.849412e-03,0.000000e+00,-8.760746e-01,0.000000e+00,0.000000e+00
2.400000e-03,9.502086e-01,4.987454e-02,0.000000e+00,-9.987446e-02,0.000000e+00,2.000000e-01,2.500000e-05,0.000000e+00,0.000000e+00,9.502086e-01,0.000000e+00,0.000000e+00,0.000000e+00,0.000000e+00,0.000000e+00,0.000000e+00,0.000000e+00,0.000000e+00,0.000000e+00,0.000000e+00,0.000000e+00,0.000000e+00,1.000000e+00,0.000000e+00,3.262260e+02,0.000000e+00,5.825463e-03,9.502086e-01,0.000000e+00,0.000000e+00,0.000000e+00,0.000000e+00,0.000000e+00,-5.511659e-01,0.000000e+00,5.825463e-03,0.000000e+00,-9.579664e-01,0.000000e+00,0.000000e+00
2.425000e-03,9.417495e-01,5.833287e-02,0.000000e+00,-1.080119e-01,0.000000e+00,2.000000e-01,2.500000e-05,0.000000e+00,0.000000e+00,9.417495e-01,0.000000e+00,0.000000e+00,0.000000e+00,0.000000e+00,0.000000e+00,0.000000e+00,0.000000e+00,0.000000e+00,0.000000e+00,0.000000e+00,0.000000e+00,0.000000e+00,1.000000e+00,0.000000e+00,3.247706e+02,0.000000e+00,5.799475e-03,9.417495e-01,0.000000e+00,0.000000e+00,0.000000e+00,0.000000e+00,0.000000e+00,-5.592852e-01,0.000000e+00,5.799475e-03,0.000000e+00,-1.039523e+00,0.000000e+00,0.000000e+00
2.450000e-03,9.326721e-01,6.740949e-02,0.000000e+00,-1.161116e-01,0.000000e+00,2.000000e-01,2.500000e-05,0.000000e+00,0.000000e+00,9.326721e-01,0.000000e+00,0.000000e+00,0.000000e+00,0.000000e+00,0.000000e+00,0.000000e+00,0.000000e+00,0.000000e+00,0.000000e+00,0.000000e+00,0.000000e+00,0.000000e+00,1.000000e+00,0.000000e+00,3.232016e+02,0.000000e+00,5.771457e-03,9.326721e-01,0.000000e+00,0.000000e+00,0.000000e+00,0.000000e+00,0.000000e+00,-5.673652e-01,0.000000e+00,5.771457e-03,0.000000e+00,-1.120715e+00,0.000000e+00,0.000000e+00
2.475000e-03,9.229891e-01,7.709167e-02,0.000000e+00,-1.241706e-01,0.000000e+00,2.000000e-01,2.500000e-05,0.000000e+00,0.000000e+00,9.229891e-01,0.000000e+00,0.000000e+00,0.000000e+00,0.000000e+00,0.000000e+00,0.000000e+00,0.000000e+00,0.000000e+00,0.000000e+00,0.000000e+00,0.000000e+00,0.000000e+00,1.000000e+00,0.000000e+00,3.215195e+02,0.000000e+00,5.741419e-03,9.229891e-01,0.000000e+00,0.000000e+00,0.000000e+00,0.000000e+00,0.000000e+00,-5.754032e-01,0.000000e+00,5.741419e-03,0.000000e+00,-1.201516e+00,0.000000e+00,0.000000e+00
2.500000e-03,9.127140e-01,8.736587e-02,0.000000e+00,-1.321861e-01,0.000000e+00,2.000000e-01,2.500000e-05,0.000000e+00,0.000000e+00,9.127140e-01,0.000000e+00,0.000000e+00,0.000000e+00,0.000000e+00,0.000000e+00,0.000000e+00,0.000000e+00,0.000000e+00,0.000000e+00,0.000000e+00,0.000000e+00,0.000000e+00,1.000000e+00,0.000000e+00,3.197248e+02,0.000000e+00,5.709372e-03,9.127140e-01,0.000000e+00,0.000000e+00,0.000000e+00,0.000000e+00,0.000000e+00,-5.833963e-01,0.000000e+00,5.709372e-03,0.000000e+00,-1.281896e+00,0.000000e+00,0.000000e+00
2.525000e-03,9.018612e-01,9.821772e-02,0.000000e+00,-1.401554e-01,0.000000e+00,2.000000e-01,2.500000e-05,0.000000e+00,0.000000e+00,9.018612e-01,0.000000e+00,0.000000e+00,0.000000e+00,0.000000e+00,0.000000e+00,0.000000e+00,0.000000e+00,0.000000e+00,0.000000e+00,0.000000e+00,0.000000e+00,0.000000e+00,1.000000e+00,0.000000e+00,3.178183e+02,0.000000e+00,5.675326e-03,9.018612e-01,0.000000e+00,0.000000e+00,0.000000e+00,0.000000e+00,0.000000e+00,-5.913417e-01,0.000000e+00,5.675326e-03,0.000000e+00,-1.361827e+00,0.000000e+00,0.000000e+00
2.550000e-03,8.904459e-01,1.096320e-01,0.000000e+00,-1.480757e-01,0.000000e+00,2.000000e-01,2.500000e-05,0.000000e+00,0.000000e+00,8.904459e-01,0.000000e+00,0.000000e+00,0.000000e+00,0.000000e+00,0.000000e+00,0.000000e+00,0.000000e+00,0.000000e+00,0.000000e+00,0.000000e+00,0.000000e+00,0.000000e+00,1.000000e+00,0.000000e+00,3.158005e+02,0.000000e+00,5.639294e-03,8.904459e-01,0.000000e+00,0.000000e+00,0.000000e+00,0.000000e+00,0.000000e+00,-5.992368e-01,0.000000e+00,5.639294e-03,0.000000e+00,-1.441282e+00,0.000000e+00,0.000000e+00
2.575000e-03,8.784841e-01,1.215928e-01,0.000000e+00,-1.559441e-01,0.000000e+00,2.000000e-01,2.500000e-05,0.000000e+00,0.000000e+00,8.784841e-01,0.000000e+00,0.000000e+00,0.000000e+00,0.000000e+00,0.000000e+00,0.000000e+00,0.000000e+00,0.000000e+00,0.000000e+00,0.000000e+00,0.000000e+00,0.000000e+00,1.000000e+00,0.000000e+00,3.136721e+02,0.000000e+00,5.601288e-03,8.784841e-01,0.000000e+00,0.000000e+00,0.000000e+00,0.000000e+00,0.000000e+00,-6.070786e-01,0.000000e+00,5.601288e-03,0.000000e+00,-1.520232e+00,0.000000e+00,0.000000e+00
2.600000e-03,8.659925e-01,1.340832e-01,0.000000e+00,-1.637579e-01,0.000000e+00,2.000000e-01,2.500000e-05,0.000000e+00,0.000000e+00,8.659925e-01,0.000000e+00,0.000000e+00,0.000000e+00,0.000000e+00,0.000000e+00,0.000000e+00,0.000000e+00,0.000000e+00,0.000000e+00,0.000000e+00,0.000000e+00,0.000000e+00,1.000000e+00,0.000000e+00,3.114341e+02,0.000000e+00,5.561322e-03,8.659925e-01,0.000000e+00,0.000000e+00,0.000000e+00,0.000000e+00,0.000000e+00,-6.148644e-01,0.000000e+00,5.561322e-03,0.000000e+00,-1.598650e+00,0.000000e+00,0.000000e+00
2.625000e-03,8.529887e-01,1.470860e-01,0.000000e+00,-1.715144e-01,0.000000e+00,2.000000e-01,2.500000e-05,0.000000e+00,0.000000e+00,8.529887e-01,0.000000e+00,0.000000e+00,0.000000e+00,0.000000e+00,0.000000e+00,0.000000e+00,0.000000e+00,0.000000e+00,0.000000e+00,0.000000e+00,0.000000e+00,0.000000e+00,1.000000e+00,0.000000e+00,3.090869e+02,0.000000e+00,5.519410e-03,8.529887e-01,0.000000e+00,0.000000e+00,0.000000e+00,0.000000e+00,0.000000e+00,-6.225916e-01,0.000000e+00,5.519410e-03,0.000000e+00,-1.676508e+00,0.000000e+00,0.000000e+00
2.650000e-03,8.394907e-01,1.605827e-01,0.000000e+00,-1.792109e-01,0.000000e+00,2.000000e-01,2.500000e-05,0.000000e+00,0.000000e+00,8.394907e-01,0.000000e+00,0.000000e+00,0.000000e+00,0.000000e+00,0.000000e+00,0.000000e+00,0.000000e+00,0.000000e+00,0.000000e+00,0.000000e+00,0.000000e+00,0.000000e+00,1.000000e+00,0.000000e+00,3.066317e+02,0.000000e+00,5.475565e-03,8.394907e-01,0.000000e+00,0.000000e+00,0.000000e+00,0.000000e+00,0.000000e+00,-6.302574e-01,0.000000e+00,5.475565e-03,0.000000e+00,-1.753780e+00,0.000000e+00,0.000000e+00
2.675000e-03,8.255176e-01,1.745546e-01,0.000000e+00,-1.868446e-01,0.000000e+00,2.000000e-01,2.500000e-05,0.000000e+00,0.000000e+00,8.255176e-01,0.000000e+00,0.000000e+00,0.000000e+00,0.000000e+00,0.000000e+00,0.000000e+00,0.000000e+00,0.000000e+00,0.000000e+00,0.000000e+00,0.000000e+00,0.000000e+00,1.000000e+00,0.000000e+00,3.040690e+02,0.000000e+00,5.429804e-03,8.255176e-01,0.000000e+00,0.000000e+00,0.000000e+00,0.000000e+00,0.000000e+00,-6.378591e-01,0.000000e+00,5.429804e-03,0.000000e+00,-1.830438e+00,0.000000e+00,0.000000e+00
2.700000e-03,8.110889e-01,1.889821e-01,0.000000e+00,-1.944130e-01,0.000000e+00,2.000000e-01,2.500000e-05,0.000000e+00,0.000000e+00,8.110889e-01,0.000000e+00,0.000000e+00,0.000000e+00,0.000000e+00,0.000000e+00,0.000000e+00,0.000000e+00,0.000000e+00,0.000000e+00,0.000000e+00,0.000000e+00,0.000000e+00,1.000000e+00,0.000000e+00,3.014000e+02,0.000000e+00,5.382142e-03,8.110889e-01,0.000000e+00,0.000000e+00,0.000000e+00,0.000000e+00,0.000000e+00,-6.453941e-01,0.000000e+00,5.382142e-03,0.000000e+00,-1.906455e+00,0.000000e+00,0.000000e+00
2.725000e-03,7.962247e-01,2.038450e-01,0.000000e+00,-2.019133e-01,0.000000e+00,2.000000e-01,2.500000e-05,0.000000e+00,0.000000e+00,7.962247e-01,0.000000e+00,0.000000e+00,0.000000e+00,0.000000e+00,0.000000e+00,0.000000e+00,0.000000e+00,0.000000e+00,0.000000e+00,0.000000e+00,0.000000e+00,0.000000e+00,1.000000e+00,0.000000e+00,2.986255e+02,0.000000e+00,5.332598e-03,7.962247e-01,0.000000e+00,0.000000e+00,0.000000e+00,0.000000e+00,0.000000e+00,-6.528597e-01,0.000000e+00,5.332598e-03,0.000000e+00,-1.981805e+00,0.000000e+00,0.000000e+00
2.750000e-03,7.809459e-01,2.191224e-01,0.000000e+00,-2.093430e-01,0.000000e+00,2.000000e-01,2.500000e-05,0.000000e+00,0.000000e+00,7.809459e-01,0.000000e+00,0.000000e+00,0.000000e+00,0.000000e+00,0.000000e+00,0.000000e+00,0.000000e+00,0.000000e+00,0.000000e+00,0.000000e+00,0.000000e+00,0.000000e+00,1.000000e+00,0.000000e+00,2.957464e+02,0.000000e+00,5.281186e-03,7.809459e-01,0.000000e+00,0.000000e+00,0.000000e+00,0.000000e+00,0.000000e+00,-6.602534e-01,0.000000e+00,5.281186e-03,0.000000e+00,-2.056462e+00,0.000000e+00,0.000000e+00
2.775000e-03,7.652739e-01,2.347931e-01,0.000000e+00,-2.166994e-01,0.000000e+00,2.000000e-01,2.500000e-05,0.000000e+00,0.000000e+00,7.652739e-01,0.000000e+00,0.000000e+00,0.000000e+00,0.000000e+00,0.000000e+00,0.000000e+00,0.000000e+00,0.000000e+00,0.000000e+00,0.000000e+00,0.000000e+00,0.000000e+00,1.000000e+00,0.000000e+00,2.927639e+02,0.000000e+00,5.227926e-03,7.652739e-01,0.000000e+00,0.000000e+00,0.000000e+00,0.000000e+00,0.000000e+00,-6.675725e-01,0.000000e+00,5.227926e-03,0.000000e+00,-2.130398e+00,0.000000e+00,0.000000e+00
2.800000e-03,7.492306e-01,2.508350e-01,0.000000e+00,-2.239799e-01,0.000000e+00,2.000000e-01,2.500000e-05,0.000000e+00,0.000000e+00,7.492306e-01,0.000000e+00,0.000000e+00,0.000000e+00,0.000000e+00,0.000000e+00,0.000000e+00,0.000000e+00,0.000000e+00,0.000000e+00,0.000000e+00,0.000000e+00,0.000000e+00,1.000000e+00,0.000000e+00,2.896788e+02,0.000000e+00,5.172836e-03,7.492306e-01,0.000000e+00,0.000000e+00,0.000000e+00,0.000000e+00,0.000000e+00,-6.748145e-01,0.000000e+00,5.172836e-03,0.000000e+00,-2.203589e+00,0.000000e+00,0.000000e+00
2.825000e-03,7.328385e-01,2.672257e-01,0.000000e+00,-2.311820e-01,0.000000e+00,2.000000e-01,2.500000e-05,0.000000e+00,0.000000e+00,7.328385e-01,0.000000e+00,0.000000e+00,0.000000e+00,0.000000e+00,0.000000e+00,0.000000e+00,0.000000e+00,0.000000e+00,0.000000e+00,0.000000e+00,0.000000e+00,0.000000e+00,1.000000e+00,0.000000e+00,2.864924e+02,0.000000e+00,5.115936e-03,7.328385e-01,0.000000e+00,0.000000e+00,0.000000e+00,0.000000e+00,0.000000e+00,-6.819768e-01,0.000000e+00,5.115936e-03,0.000000e+00,-2.276009e+00,0.000000e+00,0.000000e+00
2.850000e-03,7.161204e-01,2.839422e-01,0.000000e+00,-2.383033e-01,0.000000e+00,2.000000e-01,2.500000e-05,0.000000e+00,0.000000e+00,7.161204e-01,0.000000e+00,0.000000e+00,0.000000e+00,0.000000e+00,0.000000e+00,0.000000e+00,0.000000e+00,0.000000e+00,0.000000e+00,0.000000e+00,0.000000e+00,0.000000e+00,1.000000e+00,0.000000e+00,2.832057e+02,0.000000e+00,5.057245e-03,7.161204e-01,0.000000e+00,0.000000e+00,0.000000e+00,0.000000e+00,0.000000e+00,-6.890569e-01,0.000000e+00,5.057245e-03,0.000000e+00,-2.347632e+00,0.000000e+00,0.000000e+00
2.875000e-03,6.991000e-01,3.009612e-01,0.000000e+00,-2.453411e-01,0.000000e+00,2.000000e-01,2.500000e-05,0.000000e+00,0.000000e+00,6.991000e-01,0.000000e+00,0.000000e+00,0.000000e+00,0.000000e+00,0.000000e+00,0.000000e+00,0.000000e+00,0.000000e+00,0.000000e+00,0.000000e+00,0.000000e+00,0.000000e+00,1.000000e+00,0.000000e+00,2.798199e+02,0.000000e+00,4.996784e-03,6.991000e-01,0.000000e+00,0.000000e+00,0.000000e+00,0.000000e+00,0.000000e+00,-6.960524e-01,0.000000e+00,4.996784e-03,0.000000e+00,-2.418433e+00,0.000000e+00,0.000000e+00
2.900000e-03,6.818008e-01,3.182589e-01,0.000000e+00,-2.522930e-01,0.000000e+00,2.000000e-01,2.500000e-05,0.000000e+00,0.000000e+00,6.818008e-01,0.000000e+00,0.000000e+00,0.000000e+00,0.000000e+00,0.000000e+00,0.000000e+00,0.000000e+00,0.000000e+00,0.000000e+00,0.000000e+00,0.000000e+00,0.000000e+00,1.000000e+00,0.000000e+00,2.763362e+02,0.000000e+00,4.934575e-03,6.818008e-01,0.000000e+00,0.000000e+00,0.000000e+00,0.000000e+00,0.000000e+00,-7.029608e-01,0.000000e+00,4.934575e-03,0.000000e+00,-2.488388e+00,0.000000e+00,0.000000e+00
2.925000e-03,6.642472e-01,3.358109e-01,0.000000e+00,-2.591567e-01,0.000000e+00,2.000000e-01,2.500000e-05,0.000000e+00,0.000000e+00,6.642472e-01,0.000000e+00,0.000000e+00,0.000000e+00,0.000000e+00,0.000000e+00,0.000000e+00,0.000000e+00,0.000000e+00,0.000000e+00,0.000000e+00,0.000000e+00,0.000000e+00,1.000000e+00,0.000000e+00,2.727557e+02,0.000000e+00,4.870638e-03,6.642472e-01,0.000000e+00,0.000000e+00,0.000000e+00,0.000000e+00,0.000000e+00,-7.097797e-01,0.000000e+00,4.870638e-03,0.000000e+00,-2.557472e+00,0.000000e+00,0.000000e+00
2.950000e-03,6.464638e-01,3.535928e-01,0.000000e+00,-2.659296e-01,0.000000e+00,2.000000e-01,2.500000e-05,0.000000e+00,0.000000e+00,6.464638e-01,0.000000e+00,0.000000e+00,0.000000e+00,0.000000e+00,0.000000e+00,0.000000e+00,0.000000e+00,0.000000e+00,0.000000e+00,0.000000e+00,0.000000e+00,0.000000e+00,1.000000e+00,0.000000e+00,2.690798e+02,0.000000e+00,4.804996e-03,6.464638e-01,0.000000e+00,0.000000e+00,0.000000e+00,0.000000e+00,0.000000e+00,-7.165067e-01,0.000000e+00,4.804996e-03,0.000000e+00,-2.625661e+00,0.000000e+00,0.000000e+00
2.975000e-03,6.284753e-01,3.715797e-01,0.000000e+00,-2.726095e-01,0.000000e+00,2.000000e-01,2.500000e-05,0.000000e+00,0.000000e+00,6.284753e-01,0.000000e+00,0.000000e+00,0.000000e+00,0.000000e+00,0.000000e+00,0.000000e+00,0.000000e+00,0.000000e+00,0.000000e+00,0.000000e+00,0.000000e+00,0.000000e+00,1.000000e+00,0.000000e+00,2.653097e+02,0.000000e+00,4.737673e-03,6.284753e-01,0.000000e+00,0.000000e+00,0.000000e+00,0.000000e+00,0.000000e+00,-7.231395e-01,0.000000e+00,4.737673e-03,0.000000e+00,-2.692931e+00,0.000000e+00,0.000000e+00
3.000000e-03,6.103071e-01,3.897463e-01,0.000000e+00,-2.791939e-01,0.000000e+00,2.000000e-01,2.500000e-05,0.000000e+00,0.000000e+00,6.103071e-01,0.000000e+00,0.000000e+00,0.000000e+00,0.000000e+00,0.000000e+00,0.000000e+00,0.000000e+00,0.000000e+00,0.000000e+00,0.000000e+00,0.000000e+00,0.000000e+00,1.000000e+00,0.000000e+00,2.614467e+02,0.000000e+00,4.668692e-03,6.103071e-01,0.000000e+00,0.000000e+00,0.000000e+00,0.000000e+00,0.000000e+00,-7.296757e-01,0.000000e+00,4.668692e-03,0.000000e+00,-2.759259e+00,0.000000e+00,0.000000e+00
3.025000e-03,5.919845e-01,4.080673e-01,0.000000e+00,-2.856807e-01,0.000000e+00,2.000000e-01,2.500000e-05,0.000000e+00,0.000000e+00,5.919845e-01,0.000000e+00,0.000000e+00,0.000000e+00,0.000000e+00,0.000000e+00,0.000000e+00,0.000000e+00,0.000000e+00,0.000000e+00,0.000000e+00,0.000000e+00,0.000000e+00,1.000000e+00,0.000000e+00,2.574923e+02,0.000000e+00,4.598076e-03,5.919845e-01,0.000000e+00,0.000000e+00,0.000000e+00,0.000000e+00,0.000000e+00,-7.361130e-01,0.000000e+00,4.598076e-03,0.000000e+00,-2.824620e+00,0.000000e+00,0.000000e+00
3.050000e-03,5.735332e-01,4.265169e-01,0.000000e+00,-2.920674e-01,0.000000e+00,2.000000e-01,2.500000e-05,0.000000e+00,0.000000e+00,5.735332e-01,0.000000e+00,0.000000e+00,0.000000e+00,0.000000e+00,0.000000e+00,0.000000e+00,0.000000e+00,0.000000e+00,0.000000e+00,0.000000e+00,0.000000e+00,0.000000e+00,1.000000e+00,0.000000e+00,2.534477e+02,0.000000e+00,4.525851e-03,5.735332e-01,0.000000e+00,0.000000e+00,0.000000e+00,0.000000e+00,0.000000e+00,-7.424491e-01,0.000000e+00,4.525851e-03,0.000000e+00,-2.888994e+00,0.000000e+00,0.000000e+00
3.075000e-03,5.549791e-01,4.450695e-01,0.000000e+00,-2.983520e-01,0.000000e+00,2.000000e-01,2.500000e-05,0.000000e+00,0.000000e+00,5.549791e-01,0.000000e+00,0.000000e+00,0.000000e+00,0.000000e+00,0.000000e+00,0.000000e+00,0.000000e+00,0.000000e+00,0.000000e+00,0.000000e+00,0.000000e+00,0.000000e+00,1.000000e+00,0.000000e+00,2.493144e+02,0.000000e+00,4.452042e-03,5.549791e-01,0.000000e+00,0.000000e+00,0.000000e+00,0.000000e+00,0.000000e+00,-7.486820e-01,0.000000e+00,4.452042e-03,0.000000e+00,-2.952355e+00,0.000000e+00,0.000000e+00
3.100000e-03,5.363480e-01,4.636989e-01,0.000000e+00,-3.045321e-01,0.000000e+00,2.000000e-01,2.500000e-05,0.000000e+00,0.000000e+00,5.363480e-01,0.000000e+00,0.000000e+00,0.000000e+00,0.000000e+00,0.000000e+00,0.000000e+00,0.000000e+00,0.000000e+00,0.000000e+00,0.000000e+00,0.000000e+00,0.000000e+00,1.000000e+00,0.000000e+00,2.450938e+02,0.000000e+00,4.376675e-03,5.363480e-01,0.000000e+00,0.000000e+00,0.000000e+00,0.000000e+00,0.000000e+00,-7.548093e-01,0.000000e+00,4.376675e-03,0.000000e+00,-3.014684e+00,0.000000e+00,0.000000e+00
3.125000e-03,5.176662e-01,4.823791e-01,0.000000e+00,-3.106056e-01,0.000000e+00,2.000000e-01,2.500000e-05,0.000000e+00,0.000000e+00,5.176662e-01,0.000000e+00,0.000000e+00,0.000000e+00,0.000000e+00,0.000000e+00,0.000000e+00,0.000000e+00,0.000000e+00,0.000000e+00,0.000000e+00,0.000000e+00,0.000000e+00,1.000000e+00,0.000000e+00,2.407875e+02,0.000000e+00,4.299777e-03,5.176662e-01,0.000000e+00,0.000000e+00,0.000000e+00,0.000000e+00,0.000000e+00,-7.608290e-01,0.000000e+00,4.299777e-03,0.000000e+00,-3.075957e+00,0.000000e+00,0.000000e+00
3.150000e-03,4.989596e-01,5.010840e-01,0.000000e+00,-3.165704e-01,0.000000e+00,2.000000e-01,2.500000e-05,0.000000e+00,0.000000e+00,4.989596e-01,0.000000e+00,0.000000e+00,0.000000e+00,0.000000e+00,0.000000e+00,0.000000e+00,0.000000e+00,0.000000e+00,0.000000e+00,0.000000e+00,0.000000e+00,0.000000e+00,1.000000e+00,0.000000e+00,2.363969e+02,0.000000e+00,4.221373e-03,4.989596e-01,0.000000e+00,0.000000e+00,0.000000e+00,0.000000e+00,0.000000e+00,-7.667390e-01,0.000000e+00,4.221373e-03,0.000000e+00,-3.136154e+00,0.000000e+00,0.000000e+00
3.175000e-03,4.802546e-01,5.197874e-01,0.000000e+00,-3.224244e-01,0.000000e+00,2.000000e-01,2.500000e-05,0.000000e+00,0.000000e+00,4.802546e-01,0.000000e+00,0.000000e+00,0.000000e+00,0.000000e+00,0.000000e+00,0.000000e+00,0.000000e+00,0.000000e+00,0.000000e+00,0.000000e+00,0.000000e+00,0.000000e+00,1.000000e+00,0.000000e+00,2.319235e+02,0.000000e+00,4.141491e-03,4.802546e-01,0.000000e+00,0.000000e+00,0.000000e+00,0.000000e+00,0.000000e+00,-7.725371e-01,0.000000e+00,4.141491e-03,0.000000e+00,-3.195253e+00,0.000000e+00,0.000000e+00
3.200000e-03,4.615773e-01,5.384631e-01,0.000000e+00,-3.281655e-01,0.000000e+00,2.000000e-01,2.500000e-05,0.000000e+00,0.000000e+00,4.615773e-01,0.000000e+00,0.000000e+00,0.000000e+00,0.000000e+00,0.000000e+00,0.000000e+00,0.000000e+00,0.000000e+00,0.000000e+00,0.000000e+00,0.000000e+00,0.000000e+00,1.000000e+00,0.000000e+00,2.273690e+02,0.000000e+00,4.060160e-03,4.615773e-01,0.000000e+00,0.000000e+00,0.000000e+00,0.000000e+00,0.000000e+00,-7.782212e-01,0.000000e+00,4.060160e-03,0.000000e+00,-3.253234e+00,0.000000e+00,0.000000e+00
3.225000e-03,4.429538e-01,5.570850e-01,0.000000e+00,-3.337919e-01,0.000000e+00,2.000000e-01,2.500000e-05,0.000000e+00,0.000000e+00,4.429538e-01,0.000000e+00,0.000000e+00,0.000000e+00,0.000000e+00,0.000000e+00,0.000000e+00,0.000000e+00,0.000000e+00,0.000000e+00,0.000000e+00,0.000000e+00,0.000000e+00,1.000000e+00,0.000000e+00,2.227349e+02,0.000000e+00,3.977409e-03,4.429538e-01,0.000000e+00,0.000000e+00,0.000000e+00,0.000000e+00,0.000000e+00,-7.837896e-01,0.000000e+00,3.977409e-03,0.000000e+00,-3.310076e+00,0.000000e+00,0.000000e+00
3.250000e-03,4.244102e-01,5.756269e-01,0.000000e+00,-3.393013e-01,0.000000e+00,2.000000e-01,2.500000e-05,0.000000e+00,0.000000e+00,4.244102e-01,0.000000e+00,0.000000e+00,0.000000e+00,0.000000e+00,0.000000e+00,0.000000e+00,0.000000e+00,0.000000e+00,0.000000e+00,0.000000e+00,0.000000e+00,0.000000e+00,1.000000e+00,0.000000e+00,2.180228e+02,0.000000e+00,3.893265e-03,4.244102e-01,0.000000e+00,0.000000e+00,0.000000e+00,0.000000e+00,0.000000e+00,-7.892402e-01,0.000000e+00,3.893265e-03,0.000000e+00,-3.365760e+00,0.000000e+00,0.000000e+00
3.275000e-03,4.059725e-01,5.940630e-01,0.000000e+00,-3.446920e-01,0.000000e+00,2.000000e-01,2.500000e-05,0.000000e+00,0.000000e+00,4.059725e-01,0.000000e+00,0.000000e+00,0.000000e+00,0.000000e+00,0.000000e+00,0.000000e+00,0.000000e+00,0.000000e+00,0.000000e+00,0.000000e+00,0.000000e+00,0.000000e+00,1.000000e+00,0.000000e+00,2.132344e+02,0.000000e+00,3.807758e-03,4.059725e-01,0.000000e+00,0.000000e+00,0.000000e+00,0.000000e+00,0.000000e+00,-7.945710e-01,0.000000e+00,3.807758e-03,0.000000e+00,-3.420266e+00,0.000000e+00,0.000000e+00
3.300000e-03,3.876666e-01,6.123674e-01,0.000000e+00,-3.499621e-01,0.000000e+00,2.000000e-01,2.500000e-05,0.000000e+00,0.000000e+00,3.876666e-01,0.000000e+00,0.000000e+00,0.000000e+00,0.000000e+00,0.000000e+00,0.000000e+00,0.000000e+00,0.000000e+00,0.000000e+00,0.000000e+00,0.000000e+00,0.000000e+00,1.000000e+00,0.000000e+00,2.083714e+02,0.000000e+00,3.720918e-03,3.876666e-01,0.000000e+00,0.000000e+00,0.000000e+00,0.000000e+00,0.000000e+00,-7.997804e-01,0.000000e+00,3.720918e-03,0.000000e+00,-3.473575e+00,0.000000e+00,0.000000e+00
3.325000e-03,3.695179e-01,6.305144e-01,0.000000e+00,-3.551097e-01,0.000000e+00,2.000000e-01,2.500000e-05,0.000000e+00,0.000000e+00,3.695179e-01,0.000000e+00,0.000000e+00,0.000000e+00,0.000000e+00,0.000000e+00,0.000000e+00,0.000000e+00,0.000000e+00,0.000000e+00,0.000000e+00,0.000000e+00,0.000000e+00,1.000000e+00,0.000000e+00,2.034355e+02,0.000000e+00,3.632777e-03,3.695179e-01,0.000000e+00,0.000000e+00,0.000000e+00,0.000000e+00,0.000000e+00,-8.048663e-01,0.000000e+00,3.632777e-03,0.000000e+00,-3.525667e+00,0.000000e+00,0.000000e+00
3.350000e-03,3.515519e-01,6.484789e-01,0.000000e+00,-3.601330e-01,0.000000e+00,2.000000e-01,2.500000e-05,0.000000e+00,0.000000e+00,3.515519e-01,0.000000e+00,0.000000e+00,0.000000e+00,0.000000e+00,0.000000e+00,0.000000e+00,0.000000e+00,0.000000e+00,0.000000e+00,0.000000e+00,0.000000e+00,0.000000e+00,1.000000e+00,0.000000e+00,1.984284e+02,0.000000e+00,3.543364e-03,3.515519e-01,0.000000e+00,0.000000e+00,0.000000e+00,0.000000e+00,0.000000e+00,-8.098269e-01,0.000000e+00,3.543364e-03,0.000000e+00,-3.576526e+00,0.000000e+00,0.000000e+00
3.375000e-03,3.337938e-01,6.662354e-01,0.000000e+00,-3.650302e-01,0.000000e+00,2.000000e-01,2.500000e-05,0.000000e+00,0.000000e+00,3.337938e-01,0.000000e+00,0.000000e+00,0.000000e+00,0.000000e+00,0.000000e+00,0.000000e+00,0.000000e+00,0.000000e+00,0.000000e+00,0.000000e+00,0.000000e+00,0.000000e+00,1.000000e+00,0.000000e+00,1.933518e+02,0.000000e+00,3.452710e-03,3.337938e-01,0.000000e+00,0.000000e+00,0.000000e+00,0.000000e+00,0.000000e+00,-8.146607e-01,0.000000e+00,3.452710e-03,0.000000e+00,-3.626133e+00,0.000000e+00,0.000000e+00
3.400000e-03,3.162685e-01,6.837592e-01,0.000000e+00,-3.697997e-01,0.000000e+00,2.000000e-01,2.500000e-05,0.000000e+00,0.000000e+00,3.162685e-01,0.000000e+00,0.000000e+00,0.000000e+00,0.000000e+00,0.000000e+00,0.000000e+00,0.000000e+00,0.000000e+00,0.000000e+00,0.000000e+00,0.000000e+00,0.000000e+00,1.000000e+00,0.000000e+00,1.882075e+02,0.000000e+00,3.360848e-03,3.162685e-01,0.000000e+00,0.000000e+00,0.000000e+00,0.000000e+00,0.000000e+00,-8.193659e-01,0.000000e+00,3.360848e-03,0.000000e+00,-3.674471e+00,0.000000e+00,0.000000e+00
3.425000e-03,2.990004e-01,7.010258e-01,0.000000e+00,-3.744398e-01,0.000000e+00,2.000000e-01,2.500000e-05,0.000000e+00,0.000000e+00,2.990004e-01,0.000000e+00,0.000000e+00,0.000000e+00,0.000000e+00,0.000000e+00,0.000000e+00,0.000000e+00,0.000000e+00,0.000000e+00,0.000000e+00,0.000000e+00,0.000000e+00,1.000000e+00,0.000000e+00,1.829974e+02,0.000000e+00,3.267810e-03,2.990004e-01,0.000000e+00,0.000000e+00,0.000000e+00,0.000000e+00,0.000000e+00,-8.239409e-01,0.000000e+00,3.267810e-03,0.000000e+00,-3.721523e+00,0.000000e+00,0.000000e+00
3.450000e-03,2.820137e-01,7.180110e-01,0.000000e+00,-3.789488e-01,0.000000e+00,2.000000e-01,2.500000e-05,0.000000e+00,0.000000e+00,2.820137e-01,0.000000e+00,0.000000e+00,0.000000e+00,0.000000e+00,0.000000e+00,0.000000e+00,0.000000e+00,0.000000e+00,0.000000e+00,0.000000e+00,0.000000e+00,0.000000e+00,1.000000e+00,0.000000e+00,1.777232e+02,0.000000e+00,3.173629e-03,2.820137e-01,0.000000e+00,0.000000e+00,0.000000e+00,0.000000e+00,0.000000e+00,-8.283839e-01,0.000000e+00,3.173629e-03,0.000000e+00,-3.767273e+00,0.000000e+00,0.000000e+00
3.475000e-03,2.653323e-01,7.346910e-01,0.000000e+00,-3.833252e-01,0.000000e+00,2.000000e-01,2.500000e-05,0.000000e+00,0.000000e+00,2.653323e-01,0.000000e+00,0.000000e+00,0.000000e+00,0.000000e+00,0.000000e+00,0.000000e+00,0.000000e+00,0.000000e+00,0.000000e+00,0.000000e+00,0.000000e+00,0.000000e+00,1.000000e+00,0.000000e+00,1.723868e+02,0.000000e+00,3.078336e-03,2.653323e-01,0.000000e+00,0.000000e+00,0.000000e+00,0.000000e+00,0.000000e+00,-8.326936e-01,0.000000e+00,3.078336e-03,0.000000e+00,-3.811703e+00,0.000000e+00,0.000000e+00
3.500000e-03,2.489794e-01,7.510424e-01,0.000000e+00,-3.875674e-01,0.000000e+00,2.000000e-01,2.500000e-05,0.000000e+00,0.000000e+00,2.489794e-01,0.000000e+00,0.000000e+00,0.000000e+00,0.000000e+00,0.000000e+00,0.000000e+00,0.000000e+00,0.000000e+00,0.000000e+00,0.000000e+00,0.000000e+00,0.000000e+00,1.000000e+00,0.000000e+00,1.669901e+02,0.000000e+00,2.981966e-03,2.489794e-01,0.000000e+00,0.000000e+00,0.000000e+00,0.000000e+00,0.000000e+00,-8.368683e-01,0.000000e+00,2.981966e-03,0.000000e+00,-3.854800e+00,0.000000e+00,0.000000e+00
3.525000e-03,2.329780e-01,7.670424e-01,0.000000e+00,-3.916740e-01,0.000000e+00,2.000000e-01,2.500000e-05,0.000000e+00,0.000000e+00,2.329780e-01,0.000000e+00,0.000000e+00,0.000000e+00,0.000000e+00,0.000000e+00,0.000000e+00,0.000000e+00,0.000000e+00,0.000000e+00,0.000000e+00,0.000000e+00,0.000000e+00,1.000000e+00,0.000000e+00,1.615349e+02,0.000000e+00,2.884552e-03,2.329780e-01,0.000000e+00,0.000000e+00,0.000000e+00,0.000000e+00,0.000000e+00,-8.409067e-01,0.000000e+00,2.884552e-03,0.000000e+00,-3.896548e+00,0.000000e+00,0.000000e+00
3.550000e-03,2.173504e-01,7.826686e-01,0.000000e+00,-3.956434e-01,0.000000e+00,2.000000e-01,2.500000e-05,0.000000e+00,0.000000e+00,2.173504e-01,0.000000e+00,0.000000e+00,0.000000e+00,0.000000e+00,0.000000e+00,0.000000e+00,0.000000e+00,0.000000e+00,0.000000e+00,0.000000e+00,0.000000e+00,0.000000e+00,1.000000e+00,0.000000e+00,1.560232e+02,0.000000e+00,2.786129e-03,2.173504e-01,0.000000e+00,0.000000e+00,0.000000e+00,0.000000e+00,0.000000e+00,-8.448073e-01,0.000000e+00,2.786129e-03,0.000000e+00,-3.936931e+00,0.000000e+00,0.000000e+00
3.575000e-03,2.021186e-01,7.978991e-01,0.000000e+00,-3.994744e-01,0.000000e+00,2.000000e-01,2.500000e-05,0.000000e+00,0.000000e+00,2.021186e-01,0.000000e+00,0.000000e+00,0.000000e+00,0.000000e+00,0.000000e+00,0.000000e+00,0.000000e+00,0.000000e+00,0.000000e+00,0.000000e+00,0.000000e+00,0.000000e+00,1.000000e+00,0.000000e+00,1.504569e+02,0.000000e+00,2.686731e-03,2.021186e-01,0.000000e+00,0.000000e+00,0.000000e+00,0.000000e+00,0.000000e+00,-8.485687e-01,0.000000e+00,2.686731e-03,0.000000e+00,-3.975937e+00,0.000000e+00,0.000000e+00
3.600000e-03,1.873038e-01,8.127126e-01,0.000000e+00,-4.031656e-01,0.000000e+00,2.000000e-01,2.500000e-05,0.000000e+00,0.000000e+00,1.873038e-01,0.000000e+00,0.000000e+00,0.000000e+00,0.000000e+00,0.000000e+00,0.000000e+00,0.000000e+00,0.000000e+00,0.000000e+00,0.000000e+00,0.000000e+00,0.000000e+00,1.000000e+00,0.000000e+00,1.448379e+02,0.000000e+00,2.586392e-03,1.873038e-01,0.000000e+00,0.000000e+00,0.000000e+00,0.000000e+00,0.000000e+00,-8.521897e-01,0.000000e+00,2.586392e-03,0.000000e+00,-4.013551e+00,0.000000e+00,0.000000e+00
3.625000e-03,1.729269e-01,8.270882e-01,0.000000e+00,-4.067157e-01,0.000000e+00,2.000000e-01,2.500000e-05,0.000000e+00,0.000000e+00,1.729269e-01,0.000000e+00,0.000000e+00,0.000000e+00,0.000000e+00,0.000000e+00,0.000000e+00,0.000000e+00,0.000000e+00,0.000000e+00,0.000000e+00,0.000000e+00,0.000000e+00,1.000000e+00,0.000000e+00,1.391683e+02,0.000000e+00,2.485148e-03,1.729269e-01,0.000000e+00,0.000000e+00,0.000000e+00,0.000000e+00,0.000000e+00,-8.556689e-01,0.000000e+00,2.485148e-03,0.000000e+00,-4.049761e+00,0.000000e+00,0.000000e+00
3.650000e-03,1.590078e-01,8.410061e-01,0.000000e+00,-4.101234e-01,0.000000e+00,2.000000e-01,2.500000e-05,0.000000e+00,0.000000e+00,1.590078e-01,0.000000e+00,0.000000e+00,0.000000e+00,0.000000e+00,0.000000e+00,0.000000e+00,0.000000e+00,0.000000e+00,0.000000e+00,0.000000e+00,0.000000e+00,0.000000e+00,1.000000e+00,0.000000e+00,1.334499e+02,0.000000e+00,2.383034e-03,1.590078e-01,0.000000e+00,0.000000e+00,0.000000e+00,0.000000e+00,0.000000e+00,-8.590052e-01,0.000000e+00,2.383034e-03,0.000000e+00,-4.084553e+00,0.000000e+00,0.000000e+00
3.675000e-03,1.455662e-01,8.544465e-01,0.000000e+00,-4.133876e-01,0.000000e+00,2.000000e-01,2.500000e-05,0.000000e+00,0.000000e+00,1.455662e-01,0.000000e+00,0.000000e+00,0.000000e+00,0.000000e+00,0.000000e+00,0.000000e+00,0.000000e+00,0.000000e+00,0.000000e+00,0.000000e+00,0.000000e+00,0.000000e+00,1.000000e+00,0.000000e+00,1.276848e+02,0.000000e+00,2.280086e-03,1.455662e-01,0.000000e+00,0.000000e+00,0.000000e+00,0.000000e+00,0.000000e+00,-8.621973e-01,0.000000e+00,2.280086e-03,0.000000e+00,-4.117916e+00,0.000000e+00,0.000000e+00
3.700000e-03,1.326208e-01,8.673908e-01,0.000000e+00,-4.165071e-01,0.000000e+00,2.000000e-01,2.500000e-05,0.000000e+00,0.000000e+00,1.326208e-01,0.000000e+00,0.000000e+00,0.000000e+00,0.000000e+00,0.000000e+00,0.000000e+00,0.000000e+00,0.000000e+00,0.000000e+00,0.000000e+00,0.000000e+00,0.000000e+00,1.000000e+00,0.000000e+00,1.218750e+02,0.000000e+00,2.176340e-03,1.326208e-01,0.000000e+00,0.000000e+00,0.000000e+00,0.000000e+00,0.000000e+00,-8.652442e-01,0.000000e+00,2.176340e-03,0.000000e+00,-4.149837e+00,0.000000e+00,0.000000e+00
3.725000e-03,1.201897e-01,8.798208e-01,0.000000e+00,-4.194808e-01,0.000000e+00,2.000000e-01,2.500000e-05,0.000000e+00,0.000000e+00,1.201897e-01,0.000000e+00,0.000000e+00,0.000000e+00,0.000000e+00,0.000000e+00,0.000000e+00,0.000000e+00,0.000000e+00,0.000000e+00,0.000000e+00,0.000000e+00,0.000000e+00,1.000000e+00,0.000000e+00,1.160226e+02,0.000000e+00,2.071833e-03,1.201897e-01,0.000000e+00,0.000000e+00,0.000000e+00,0.000000e+00,0.000000e+00,-8.681447e-01,0.000000e+00,2.071833e-03,0.000000e+00,-4.180305e+00,0.000000e+00,0.000000e+00
3.750000e-03,1.082904e-01,8.917190e-01,0.000000e+00,-4.223077e-01,0.000000e+00,2.000000e-01,2.500000e-05,0.000000e+00,0.000000e+00,1.082904e-01,0.000000e+00,0.000000e+00,0.000000e+00,0.000000e+00,0.000000e+00,0.000000e+00,0.000000e+00,0.000000e+00,0.000000e+00,0.000000e+00,0.000000e+00,0.000000e+00,1.000000e+00,0.000000e+00,1.101296e+02,0.000000e+00,1.966600e-03,1.082904e-01,0.000000e+00,0.000000e+00,0.000000e+00,0.000000e+00,0.000000e+00,-8.708979e-01,0.000000e+00,1.966600e-03,0.000000e+00,-4.209311e+00,0.000000e+00,0.000000e+00
3.775000e-03,9.693950e-02,9.030690e-01,0.000000e+00,-4.249868e-01,0.000000e+00,2.000000e-01,2.500000e-05,0.000000e+00,0.000000e+00,9.693950e-02,0.000000e+00,0.000000e+00,0.000000e+00,0.000000e+00,0.000000e+00,0.000000e+00,0.000000e+00,0.000000e+00,0.000000e+00,0.000000e+00,0.000000e+00,0.000000e+00,1.000000e+00,0.000000e+00,1.041980e+02,0.000000e+00,1.860679e-03,9.693950e-02,0.000000e+00,0.000000e+00,0.000000e+00,0.000000e+00,0.000000e+00,-8.735029e-01,0.000000e+00,1.860679e-03,0.000000e+00,-4.236844e+00,0.000000e+00,0.000000e+00
3.800000e-03,8.615290e-02,9.138547e-01,0.000000e+00,-4.275172e-01,0.000000e+00,2.000000e-01,2.500000e-05,0.000000e+00,0.000000e+00,8.615290e-02,0.000000e+00,0.000000e+00,0.000000e+00,0.000000e+00,0.000000e+00,0.000000e+00,0.000000e+00,0.000000e+00,0.000000e+00,0.000000e+00,0.000000e+00,0.000000e+00,1.000000e+00,0.000000e+00,9.822996e+01,0.000000e+00,1.754106e-03,8.615290e-02,0.000000e+00,0.000000e+00,0.000000e+00,0.000000e+00,0.000000e+00,-8.759586e-01,0.000000e+00,1.754106e-03,0.000000e+00,-4.262893e+00,0.000000e+00,0.000000e+00
3.825000e-03,7.594568e-02,9.240609e-01,0.000000e+00,-4.298979e-01,0.000000e+00,2.000000e-01,2.500000e-05,0.000000e+00,0.000000e+00,7.594568e-02,0.000000e+00,0.000000e+00,0.000000e+00,0.000000e+00,0.000000e+00,0.000000e+00,0.000000e+00,0.000000e+00,0.000000e+00,0.000000e+00,0.000000e+00,0.000000e+00,1.000000e+00,0.000000e+00,9.222752e+01,0.000000e+00,1.646920e-03,7.594568e-02,0.000000e+00,0.000000e+00,0.000000e+00,0.000000e+00,0.000000e+00,-8.782643e-01,0.000000e+00,1.646920e-03,0.000000e+00,-4.287450e+00,0.000000e+00,0.000000e+00
3.850000e-03,6.633215e-02,9.336737e-01,0.000000e+00,-4.321281e-01,0.000000e+00,2.000000e-01,2.500000e-05,0.000000e+00,0.000000e+00,6.633215e-02,0.000000e+00,0.000000e+00,0.000000e+00,0.000000e+00,0.000000e+00,0.000000e+00,0.000000e+00,0.000000e+00,0.000000e+00,0.000000e+00,0.000000e+00,0.000000e+00,1.000000e+00,0.000000e+00,8.619282e+01,0.000000e+00,1.539157e-03,6.633215e-02,0.000000e+00,0.000000e+00,0.000000e+00,0.000000e+00,0.000000e+00,-8.804191e-01,0.000000e+00,1.539157e-03,0.000000e+00,-4.310507e+00,0.000000e+00,0.000000e+00
3.875000e-03,5.732577e-02,9.426792e-01,0.000000e+00,-4.342071e-01,0.000000e+00,2.000000e-01,2.500000e-05,0.000000e+00,0.000000e+00,5.732577e-02,0.000000e+00,0.000000e+00,0.000000e+00,0.000000e+00,0.000000e+00,0.000000e+00,0.000000e+00,0.000000e+00,0.000000e+00,0.000000e+00,0.000000e+00,0.000000e+00,1.000000e+00,0.000000e+00,8.012794e+01,0.000000e+00,1.430856e-03,5.732577e-02,0.000000e+00,0.000000e+00,0.000000e+00,0.000000e+00,0.000000e+00,-8.824223e-01,0.000000e+00,1.430856e-03,0.000000e+00,-4.332056e+00,0.000000e+00,0.000000e+00
3.900000e-03,4.893913e-02,9.510651e-01,0.000000e+00,-4.361342e-01,0.000000e+00,2.000000e-01,2.500000e-05,0.000000e+00,0.000000e+00,4.893913e-02,0.000000e+00,0.000000e+00,0.000000e+00,0.000000e+00,0.000000e+00,0.000000e+00,0.000000e+00,0.000000e+00,0.000000e+00,0.000000e+00,0.000000e+00,0.000000e+00,1.000000e+00,0.000000e+00,7.403501e+01,0.000000e+00,1.322054e-03,4.893913e-02,0.000000e+00,0.000000e+00,0.000000e+00,0.000000e+00,0.000000e+00,-8.842732e-01,0.000000e+00,1.322054e-03,0.000000e+00,-4.352087e+00,0.000000e+00,0.000000e+00
3.925000e-03,4.118399e-02,9.588196e-01,0.000000e+00,-4.379086e-01,0.000000e+00,2.000000e-01,2.500000e-05,0.000000e+00,0.000000e+00,4.118399e-02,0.000000e+00,0.000000e+00,0.000000e+00,0.000000e+00,0.000000e+00,0.000000e+00,0.000000e+00,0.000000e+00,0.000000e+00,0.000000e+00,0.000000e+00,0.000000e+00,1.000000e+00,0.000000e+00,6.791618e+01,0.000000e+00,1.212789e-03,4.118399e-02,0.000000e+00,0.000000e+00,0.000000e+00,0.000000e+00,0.000000e+00,-8.859711e-01,0.000000e+00,1.212789e-03,0.000000e+00,-4.370596e+00,0.000000e+00,0.000000e+00
3.950000e-03,3.407120e-02,9.659318e-01,0.000000e+00,-4.395297e-01,0.000000e+00,2.000000e-01,2.500000e-05,0.000000e+00,0.000000e+00,3.407120e-02,0.000000e+00,0.000000e+00,0.000000e+00,0.000000e+00,0.000000e+00,0.000000e+00,0.000000e+00,0.000000e+00,0.000000e+00,0.000000e+00,0.000000e+00,0.000000e+00,1.000000e+00,0.000000e+00,6.177357e+01,0.000000e+00,1.103100e-03,3.407120e-02,0.000000e+00,0.000000e+00,0.000000e+00,0.000000e+00,0.000000e+00,-8.875155e-01,0.000000e+00,1.103100e-03,0.000000e+00,-4.387575e+00,0.000000e+00,0.000000e+00
3.975000e-03,2.761071e-02,9.723917e-01,0.000000e+00,-4.409970e-01,0.000000e+00,2.000000e-01,2.500000e-05,0.000000e+00,0.000000e+00,2.761071e-02,0.000000e+00,0.000000e+00,0.000000e+00,0.000000e+00,0.000000e+00,0.000000e+00,0.000000e+00,0.000000e+00,0.000000e+00,0.000000e+00,0.000000e+00,0.000000e+00,1.000000e+00,0.000000e+00,5.560935e+01,0.000000e+00,9.930241e-04,2.761071e-02,0.000000e+00,0.000000e+00,0.000000e+00,0.000000e+00,0.000000e+00,-8.889057e-01,0.000000e+00,9.930241e-04,0.000000e+00,-4.403018e+00,0.000000e+00,0.000000e+00
4.000000e-03,2.181157e-02,9.781904e-01,0.000000e+00,-4.423099e-01,0.000000e+00,2.000000e-01,2.500000e-05,0.000000e+00,0.000000e+00,2.181157e-02,0.000000e+00,0.000000e+00,0.000000e+00,0.000000e+00,0.000000e+00,0.000000e+00,0.000000e+00,0.000000e+00,0.000000e+00,0.000000e+00,0.000000e+00,0.000000e+00,1.000000e+00,0.000000e+00,4.942566e+01,0.000000e+00,8.826010e-04,2.181157e-02,0.000000e+00,0.000000e+00,0.000000e+00,0.000000e+00,0.000000e+00,-8.901414e-01,0.000000e+00,8.826010e-04,0.000000e+00,-4.416921e+00,0.000000e+00,0.000000e+00
