concrete_temperature_c,step,gap_m,contact_force_N,tie_force_N,pullout_capacity_N,tie_broken,state,stored_contact_energy_J,stored_tie_energy_J,global_energy_credit_J
20.0,0,-0.000667233242289075,-667233.242289075,0.0,66723.3242289075,False,PRESCRIBED_GAP_COUPON,222.60009980779574,0.0,0.0
20.0,1,0.0,0.0,0.0,66723.3242289075,False,PRESCRIBED_GAP_COUPON,0.0,0.0,0.0
20.0,2,0.0003336166211445375,0.0,33361.66211445375,66723.3242289075,False,PRESCRIBED_GAP_COUPON,0.0,5.565002495194893,0.0
20.0,3,0.000667233242289075,0.0,66723.3242289075,66723.3242289075,False,CAPACITY_POINT_BEFORE_REMOVAL,0.0,22.26000998077957,0.0
20.0,3,0.000667233242289075,0.0,0.0,66723.3242289075,True,SAME_GAP_AFTER_TENSION_TIE_REMOVAL,0.0,0.0,0.0
20.0,4,0.0007339565665179826,0.0,0.0,66723.3242289075,True,PRESCRIBED_GAP_COUPON,0.0,0.0,0.0
20.0,5,0.0,0.0,0.0,66723.3242289075,True,PRESCRIBED_GAP_COUPON,0.0,0.0,0.0
20.0,6,-0.000667233242289075,-667233.242289075,0.0,66723.3242289075,True,PRESCRIBED_GAP_COUPON,222.60009980779574,0.0,0.0
450.0,0,-0.00053378659383126,-533786.59383126,0.0,53378.659383125996,False,PRESCRIBED_GAP_COUPON,142.46406387698923,0.0,0.0
450.0,1,0.0,0.0,0.0,53378.659383125996,False,PRESCRIBED_GAP_COUPON,0.0,0.0,0.0
450.0,2,0.00026689329691563,0.0,26689.329691562998,53378.659383125996,False,PRESCRIBED_GAP_COUPON,0.0,3.561601596924731,0.0
450.0,3,0.00053378659383126,0.0,53378.659383125996,53378.659383125996,False,CAPACITY_POINT_BEFORE_REMOVAL,0.0,14.246406387698924,0.0
450.0,3,0.00053378659383126,0.0,0.0,53378.659383125996,True,SAME_GAP_AFTER_TENSION_TIE_REMOVAL,0.0,0.0,0.0
450.0,4,0.000587165253214386,0.0,0.0,53378.659383125996,True,PRESCRIBED_GAP_COUPON,0.0,0.0,0.0
450.0,5,0.0,0.0,0.0,53378.659383125996,True,PRESCRIBED_GAP_COUPON,0.0,0.0,0.0
450.0,6,-0.00053378659383126,-533786.59383126,0.0,53378.659383125996,True,PRESCRIBED_GAP_COUPON,142.46406387698923,0.0,0.0
600.0,0,-0.00044482216152604996,-444822.16152604995,0.0,44482.216152605,False,PRESCRIBED_GAP_COUPON,98.93337769235363,0.0,0.0
600.0,1,0.0,0.0,0.0,44482.216152605,False,PRESCRIBED_GAP_COUPON,0.0,0.0,0.0
600.0,2,0.00022241108076302498,0.0,22241.1080763025,44482.216152605,False,PRESCRIBED_GAP_COUPON,0.0,2.473334442308841,0.0
600.0,3,0.00044482216152604996,0.0,44482.216152605,44482.216152605,False,CAPACITY_POINT_BEFORE_REMOVAL,0.0,9.893337769235364,0.0
600.0,3,0.00044482216152604996,0.0,0.0,44482.216152605,True,SAME_GAP_AFTER_TENSION_TIE_REMOVAL,0.0,0.0,0.0
600.0,4,0.000489304377678655,0.0,0.0,44482.216152605,True,PRESCRIBED_GAP_COUPON,0.0,0.0,0.0
600.0,5,0.0,0.0,0.0,44482.216152605,True,PRESCRIBED_GAP_COUPON,0.0,0.0,0.0
600.0,6,-0.00044482216152604996,-444822.16152604995,0.0,44482.216152605,True,PRESCRIBED_GAP_COUPON,98.93337769235363,0.0,0.0
