path_kind,path_id,parameter,state,gravity_factor,steel_c,slab_top_c,slab_bottom_c,subdivisions,eccentricity_m,governing_id,governing_kind,max_DCR,max_slab_nodal_down_m,max_truss_nodal_down_m,max_opening_m,max_contact_overlap_m,compressed_contact_count,tension_tie_count,strain_energy_J,slab_bubble_strain_energy_J,recovered_total_strain_energy_J,equilibrium_residual,energy_identity_residual,recovered_energy_identity_residual,total_seat_vertical_reaction_N,actuator_vertical_reaction_N,total_gravity_load_N,support_horizontal_compression_capacity_unchecked,support_uplift_unchecked,global_energy_credit_J,first_event_bracket,point_count
COLD_LOAD,COLD_E0_FT05,1.25,PARAMETER_END_WITHIN_CHECKED_DOMAIN_NOT_SAFETY_PROOF,1.25,20.0,20.0,20.0,2,0.0,SLAB-024,slab_first_cracking,0.8249975323467204,0.05851921416050598,0.058513784156916056,0.0,6.207738961763027e-06,17,0,3344.6678957636773,0.031020146601063777,3344.698915910278,1.0679437172504002e-12,2.349421368044046e-13,2.349399578520655e-13,176199.00064896472,0,176199.00064892977,False,False,0.0,,26
COLD_LOAD,COLD_E0_FT10,1.25,PARAMETER_END_WITHIN_CHECKED_DOMAIN_NOT_SAFETY_PROOF,1.25,20.0,20.0,20.0,2,0.0,STEEL-062,web,0.7630955338646958,0.05851921416050598,0.058513784156916056,0.0,6.207738961763027e-06,17,0,3344.6678957636773,0.031020146601063777,3344.698915910278,1.0679437172504002e-12,2.349421368044046e-13,2.349399578520655e-13,176199.00064896472,0,176199.00064892977,False,False,0.0,,26
COLD_LOAD,COLD_E0_FT20,1.25,PARAMETER_END_WITHIN_CHECKED_DOMAIN_NOT_SAFETY_PROOF,1.25,20.0,20.0,20.0,2,0.0,STEEL-062,web,0.7630955338646958,0.05851921416050598,0.058513784156916056,0.0,6.207738961763027e-06,17,0,3344.6678957636773,0.031020146601063777,3344.698915910278,1.0679437172504002e-12,2.349421368044046e-13,2.349399578520655e-13,176199.00064896472,0,176199.00064892977,False,False,0.0,,26
COLD_LOAD,COLD_E05_FT05,1.25,PARAMETER_END_WITHIN_CHECKED_DOMAIN_NOT_SAFETY_PROOF,1.25,20.0,20.0,20.0,2,0.055244999999999995,SLAB-028,slab_first_cracking,0.977191811191177,0.05402278688873331,0.05401761654166363,0.0,9.120235981586317e-06,17,0,3091.720372564136,0.031020146601063777,3091.751392710737,7.713237942429532e-13,2.4269113585468686e-14,2.4268870088704012e-14,176199.0006489341,0,176199.00064892977,False,False,0.0,,26
COLD_LOAD,COLD_E05_FT10,1.25,PARAMETER_END_WITHIN_CHECKED_DOMAIN_NOT_SAFETY_PROOF,1.25,20.0,20.0,20.0,2,0.055244999999999995,STEEL-062,web,0.7359558871987546,0.05402278688873331,0.05401761654166363,0.0,9.120235981586317e-06,17,0,3091.720372564136,0.031020146601063777,3091.751392710737,7.713237942429532e-13,2.4269113585468686e-14,2.4268870088704012e-14,176199.0006489341,0,176199.00064892977,False,False,0.0,,26
COLD_LOAD,COLD_E05_FT20,1.25,PARAMETER_END_WITHIN_CHECKED_DOMAIN_NOT_SAFETY_PROOF,1.25,20.0,20.0,20.0,2,0.055244999999999995,STEEL-062,web,0.7359558871987546,0.05402278688873331,0.05401761654166363,0.0,9.120235981586317e-06,17,0,3091.720372564136,0.031020146601063777,3091.751392710737,7.713237942429532e-13,2.4269113585468686e-14,2.4268870088704012e-14,176199.0006489341,0,176199.00064892977,False,False,0.0,,26
COLD_LOAD,COLD_TIE_SOFT,1.25,PARAMETER_END_WITHIN_CHECKED_DOMAIN_NOT_SAFETY_PROOF,1.25,20.0,20.0,20.0,2,0.055244999999999995,STEEL-062,web,0.7359558871987546,0.05402278688873331,0.05401761654166363,0.0,9.120235981586317e-06,17,0,3091.720372564136,0.031020146601063777,3091.751392710737,7.713237942429532e-13,2.4269113585468686e-14,2.4268870088704012e-14,176199.0006489341,0,176199.00064892977,False,False,0.0,,26
COLD_LOAD,COLD_TIE_STIFF,1.25,PARAMETER_END_WITHIN_CHECKED_DOMAIN_NOT_SAFETY_PROOF,1.25,20.0,20.0,20.0,2,0.055244999999999995,STEEL-062,web,0.7359558871987546,0.05402278688873331,0.05401761654166363,0.0,9.120235981586317e-06,17,0,3091.720372564136,0.031020146601063777,3091.751392710737,7.713237942429532e-13,2.4269113585468686e-14,2.4268870088704012e-14,176199.0006489341,0,176199.00064892977,False,False,0.0,,26
PRESCRIBED_AFTER_COLD_PRELOAD,HEAT_UNIFORM_ROLLER,0.452406120300293,FIRST_LIMIT_ENDS_PREDICTOR_NOT_FLOOR_FAILURE,0.25,282.3955497741699,282.3955497741699,282.3955497741699,2,0.055244999999999995,SLAB-016,slab_first_cracking,1.000000043701565,0.028228952160876713,0.030482733515758895,0.0,1.397344319025752e-06,17,0,556.3626929250682,0.0019808311643095973,556.3646737562326,1.3936118917544955e-12,1.2193751379216603e-11,1.2193707965671709e-11,35239.80012973886,0,35239.80012978594,False,False,0.0,"[0.4524060249328613, 0.452406120300293]",20
PRESCRIBED_AFTER_COLD_PRELOAD,HEAT_UNIFORM_RESTRAINED,0.10757980346679688,FIRST_LIMIT_ENDS_PREDICTOR_NOT_FLOOR_FAILURE,0.25,82.39628601074219,82.39628601074219,82.39628601074219,2,0.055244999999999995,SLAB-001,slab_first_cracking,1.0000000137405967,0.028437437485974233,0.028938154004049556,8.835200357182674e-06,6.528210601833149e-06,15,2,2017.1572371436798,0.0013585388937222907,2017.1585956825736,4.574409116197888e-12,9.715324480199277e-13,9.715317937012143e-13,35239.800129630385,0,35239.80012978594,True,False,0.0,"[0.10757970809936523, 0.10757980346679688]",6
PRESCRIBED_AFTER_COLD_PRELOAD,HEAT_FROM_BELOW,0.039144420623779305,FIRST_LIMIT_ENDS_PREDICTOR_NOT_FLOOR_FAILURE,0.25,42.70376396179199,20.0,30.960437774658203,2,0.055244999999999995,SLAB-001,slab_first_cracking,1.000000013240567,0.018263116563198272,0.018403142797757493,2.6128715841690792e-05,3.4524348703967797e-06,15,2,225.32936996149235,0.0012503225882976102,225.33062028408065,4.565744873669004e-12,3.3897268667667185e-12,3.3897080577292946e-12,35239.80012967534,0,35239.80012978594,False,False,0.0,"[0.03914432525634766, 0.039144420623779305]",3
PRESCRIBED_AFTER_COLD_PRELOAD,LOCAL_TRUSS_LOWERING_COLD,1.0,PARAMETER_END_WITHIN_CHECKED_DOMAIN_NOT_SAFETY_PROOF,0.25,20.0,20.0,20.0,2,0.055244999999999995,SLAB-016,slab_first_cracking,0.6332276442327507,0.03078877626821438,0.030803523308332713,1.474704011833125e-05,3.0370808748010018e-06,16,1,955.0719487155233,0.0012408058640425506,955.0731895213873,7.452418404122093e-13,3.5341444343466617e-13,3.5341398428795503e-13,75204.99477530131,-39965.194645525706,35239.80012978594,False,False,0.0,,41
