case_id,step,time_s,bottom_inward_flux_w_m2,top_inward_flux_w_m2,net_inward_flux_w_m2,enthalpy_j_m2,enthalpy_change_j_m2,cumulative_inward_heat_j_m2,total_energy_residual_j_m2
UNIFORM_ADIABATIC_CONTROL,0,0.0,0.0,0.0,0.0,9546336.0,0.0,0.0,0.0
UNIFORM_ADIABATIC_CONTROL,40,90.0,0.0,0.0,0.0,9546336.0,0.0,0.0,0.0
UNIFORM_ADIABATIC_CONTROL,80,180.0,0.0,0.0,0.0,9546336.0,0.0,0.0,0.0
UNIFORM_ADIABATIC_CONTROL,120,270.0,0.0,0.0,0.0,9546336.0,0.0,0.0,0.0
UNIFORM_ADIABATIC_CONTROL,160,360.0,0.0,0.0,0.0,9546336.0,0.0,0.0,0.0
UNIFORM_ADIABATIC_CONTROL,200,450.0,0.0,0.0,0.0,9546336.0,0.0,0.0,0.0
UNIFORM_ADIABATIC_CONTROL,240,540.0,0.0,0.0,0.0,9546336.0,0.0,0.0,0.0
UNIFORM_ADIABATIC_CONTROL,280,630.0,0.0,0.0,0.0,9546336.0,0.0,0.0,0.0
UNIFORM_ADIABATIC_CONTROL,320,720.0,0.0,0.0,0.0,9546336.0,0.0,0.0,0.0
UNIFORM_ADIABATIC_CONTROL,360,810.0,0.0,0.0,0.0,9546336.0,0.0,0.0,0.0
UNIFORM_ADIABATIC_CONTROL,400,900.0,0.0,0.0,0.0,9546336.0,0.0,0.0,0.0
UNIFORM_ADIABATIC_CONTROL,440,990.0,0.0,0.0,0.0,9546336.0,0.0,0.0,0.0
UNIFORM_ADIABATIC_CONTROL,480,1080.0,0.0,0.0,0.0,9546336.0,0.0,0.0,0.0
UNIFORM_ADIABATIC_CONTROL,520,1170.0,0.0,0.0,0.0,9546336.0,0.0,0.0,0.0
UNIFORM_ADIABATIC_CONTROL,560,1260.0,0.0,0.0,0.0,9546336.0,0.0,0.0,0.0
UNIFORM_ADIABATIC_CONTROL,600,1350.0,0.0,0.0,0.0,9546336.0,0.0,0.0,0.0
UNIFORM_ADIABATIC_CONTROL,640,1440.0,0.0,0.0,0.0,9546336.0,0.0,0.0,0.0
UNIFORM_ADIABATIC_CONTROL,680,1530.0,0.0,0.0,0.0,9546336.0,0.0,0.0,0.0
UNIFORM_ADIABATIC_CONTROL,720,1620.0,0.0,0.0,0.0,9546336.0,0.0,0.0,0.0
UNIFORM_ADIABATIC_CONTROL,760,1710.0,0.0,0.0,0.0,9546336.0,0.0,0.0,0.0
UNIFORM_ADIABATIC_CONTROL,800,1800.0,0.0,0.0,0.0,9546336.0,0.0,0.0,0.0
UNIFORM_ADIABATIC_CONTROL,840,1890.0,0.0,0.0,0.0,9546336.0,0.0,0.0,0.0
UNIFORM_ADIABATIC_CONTROL,880,1980.0,0.0,0.0,0.0,9546336.0,0.0,0.0,0.0
UNIFORM_ADIABATIC_CONTROL,920,2070.0,0.0,0.0,0.0,9546336.0,0.0,0.0,0.0
UNIFORM_ADIABATIC_CONTROL,960,2160.0,0.0,0.0,0.0,9546336.0,0.0,0.0,0.0
UNIFORM_ADIABATIC_CONTROL,1000,2250.0,0.0,0.0,0.0,9546336.0,0.0,0.0,0.0
UNIFORM_ADIABATIC_CONTROL,1040,2340.0,0.0,0.0,0.0,9546336.0,0.0,0.0,0.0
UNIFORM_ADIABATIC_CONTROL,1080,2430.0,0.0,0.0,0.0,9546336.0,0.0,0.0,0.0
UNIFORM_ADIABATIC_CONTROL,1120,2520.0,0.0,0.0,0.0,9546336.0,0.0,0.0,0.0
UNIFORM_ADIABATIC_CONTROL,1160,2610.0,0.0,0.0,0.0,9546336.0,0.0,0.0,0.0
UNIFORM_ADIABATIC_CONTROL,1200,2700.0,0.0,0.0,0.0,9546336.0,0.0,0.0,0.0
UNIFORM_ADIABATIC_CONTROL,1240,2790.0,0.0,0.0,0.0,9546336.0,0.0,0.0,0.0
UNIFORM_ADIABATIC_CONTROL,1280,2880.0,0.0,0.0,0.0,9546336.0,0.0,0.0,0.0
UNIFORM_ADIABATIC_CONTROL,1320,2970.0,0.0,0.0,0.0,9546336.0,0.0,0.0,0.0
UNIFORM_ADIABATIC_CONTROL,1360,3060.0,0.0,0.0,0.0,9546336.0,0.0,0.0,0.0
UNIFORM_ADIABATIC_CONTROL,1400,3150.0,0.0,0.0,0.0,9546336.0,0.0,0.0,0.0
UNIFORM_ADIABATIC_CONTROL,1440,3240.0,0.0,0.0,0.0,9546336.0,0.0,0.0,0.0
UNIFORM_ADIABATIC_CONTROL,1480,3330.0,0.0,0.0,0.0,9546336.0,0.0,0.0,0.0
UNIFORM_ADIABATIC_CONTROL,1520,3420.0,0.0,0.0,0.0,9546336.0,0.0,0.0,0.0
UNIFORM_ADIABATIC_CONTROL,1560,3510.0,0.0,0.0,0.0,9546336.0,0.0,0.0,0.0
UNIFORM_ADIABATIC_CONTROL,1600,3600.0,0.0,0.0,0.0,9546336.0,0.0,0.0,0.0
LINEAR_DIRICHLET_STEADY_CONTROL,0,0.0,-905.0592813829305,905.059281382947,1.6484591469634324e-11,11932920.000000002,0.0,0.0,0.0
LINEAR_DIRICHLET_STEADY_CONTROL,40,90.0,-905.0592813829264,905.059281382947,2.05773176276125e-11,11932920.000000002,0.0,1.8519585864851251e-09,-1.8519585864851251e-09
LINEAR_DIRICHLET_STEADY_CONTROL,80,180.0,-905.0592813829264,905.059281382947,2.05773176276125e-11,11932920.000000002,0.0,3.7039171729702502e-09,-3.7039171729702502e-09
LINEAR_DIRICHLET_STEADY_CONTROL,120,270.0,-905.0592813829264,905.059281382947,2.05773176276125e-11,11932920.000000002,0.0,5.555875759455375e-09,-5.555875759455375e-09
LINEAR_DIRICHLET_STEADY_CONTROL,160,360.0,-905.0592813829264,905.059281382947,2.05773176276125e-11,11932920.000000002,0.0,7.4078343459405005e-09,-7.4078343459405005e-09
LINEAR_DIRICHLET_STEADY_CONTROL,200,450.0,-905.0592813829264,905.059281382947,2.05773176276125e-11,11932920.000000002,0.0,9.259792932425626e-09,-9.259792932425626e-09
LINEAR_DIRICHLET_STEADY_CONTROL,240,540.0,-905.0592813829264,905.059281382947,2.05773176276125e-11,11932920.000000002,0.0,1.111175151891075e-08,-1.111175151891075e-08
LINEAR_DIRICHLET_STEADY_CONTROL,280,630.0,-905.0592813829264,905.059281382947,2.05773176276125e-11,11932920.000000002,0.0,1.2963710105395876e-08,-1.2963710105395876e-08
LINEAR_DIRICHLET_STEADY_CONTROL,320,720.0,-905.0592813829264,905.059281382947,2.05773176276125e-11,11932920.000000002,0.0,1.4815668691881001e-08,-1.4815668691881001e-08
LINEAR_DIRICHLET_STEADY_CONTROL,360,810.0,-905.0592813829264,905.059281382947,2.05773176276125e-11,11932920.000000002,0.0,1.6667627278366126e-08,-1.6667627278366126e-08
LINEAR_DIRICHLET_STEADY_CONTROL,400,900.0,-905.0592813829264,905.059281382947,2.05773176276125e-11,11932920.000000002,0.0,1.851958586485125e-08,-1.851958586485125e-08
LINEAR_DIRICHLET_STEADY_CONTROL,440,990.0,-905.0592813829264,905.059281382947,2.05773176276125e-11,11932920.000000002,0.0,2.0371544451336376e-08,-2.0371544451336376e-08
LINEAR_DIRICHLET_STEADY_CONTROL,480,1080.0,-905.0592813829264,905.059281382947,2.05773176276125e-11,11932920.000000002,0.0,2.22235030378215e-08,-2.22235030378215e-08
LINEAR_DIRICHLET_STEADY_CONTROL,520,1170.0,-905.0592813829264,905.059281382947,2.05773176276125e-11,11932920.000000002,0.0,2.4075461624306627e-08,-2.4075461624306627e-08
LINEAR_DIRICHLET_STEADY_CONTROL,560,1260.0,-905.0592813829264,905.059281382947,2.05773176276125e-11,11932920.000000002,0.0,2.5927420210791752e-08,-2.5927420210791752e-08
LINEAR_DIRICHLET_STEADY_CONTROL,600,1350.0,-905.0592813829264,905.059281382947,2.05773176276125e-11,11932920.000000002,0.0,2.7779378797276877e-08,-2.7779378797276877e-08
LINEAR_DIRICHLET_STEADY_CONTROL,640,1440.0,-905.0592813829264,905.059281382947,2.05773176276125e-11,11932920.000000002,0.0,2.9631337383762002e-08,-2.9631337383762002e-08
LINEAR_DIRICHLET_STEADY_CONTROL,680,1530.0,-905.0592813829264,905.059281382947,2.05773176276125e-11,11932920.000000002,0.0,3.148329597024713e-08,-3.148329597024713e-08
LINEAR_DIRICHLET_STEADY_CONTROL,720,1620.0,-905.0592813829264,905.059281382947,2.05773176276125e-11,11932920.000000002,0.0,3.333525455673225e-08,-3.333525455673225e-08
LINEAR_DIRICHLET_STEADY_CONTROL,760,1710.0,-905.0592813829264,905.059281382947,2.05773176276125e-11,11932920.000000002,0.0,3.518721314321738e-08,-3.518721314321738e-08
LINEAR_DIRICHLET_STEADY_CONTROL,800,1800.0,-905.0592813829264,905.059281382947,2.05773176276125e-11,11932920.000000002,0.0,3.70391717297025e-08,-3.70391717297025e-08
LINEAR_DIRICHLET_STEADY_CONTROL,840,1890.0,-905.0592813829264,905.059281382947,2.05773176276125e-11,11932920.000000002,0.0,3.889113031618763e-08,-3.889113031618763e-08
LINEAR_DIRICHLET_STEADY_CONTROL,880,1980.0,-905.0592813829264,905.059281382947,2.05773176276125e-11,11932920.000000002,0.0,4.074308890267275e-08,-4.074308890267275e-08
LINEAR_DIRICHLET_STEADY_CONTROL,920,2070.0,-905.0592813829264,905.059281382947,2.05773176276125e-11,11932920.000000002,0.0,4.259504748915788e-08,-4.259504748915788e-08
LINEAR_DIRICHLET_STEADY_CONTROL,960,2160.0,-905.0592813829264,905.059281382947,2.05773176276125e-11,11932920.000000002,0.0,4.4447006075643e-08,-4.4447006075643e-08
LINEAR_DIRICHLET_STEADY_CONTROL,1000,2250.0,-905.0592813829264,905.059281382947,2.05773176276125e-11,11932920.000000002,0.0,4.629896466212813e-08,-4.629896466212813e-08
LINEAR_DIRICHLET_STEADY_CONTROL,1040,2340.0,-905.0592813829264,905.059281382947,2.05773176276125e-11,11932920.000000002,0.0,4.815092324861325e-08,-4.815092324861325e-08
LINEAR_DIRICHLET_STEADY_CONTROL,1080,2430.0,-905.0592813829264,905.059281382947,2.05773176276125e-11,11932920.000000002,0.0,5.000288183509838e-08,-5.000288183509838e-08
LINEAR_DIRICHLET_STEADY_CONTROL,1120,2520.0,-905.0592813829264,905.059281382947,2.05773176276125e-11,11932920.000000002,0.0,5.1854840421583503e-08,-5.1854840421583503e-08
LINEAR_DIRICHLET_STEADY_CONTROL,1160,2610.0,-905.0592813829264,905.059281382947,2.05773176276125e-11,11932920.000000002,0.0,5.370679900806863e-08,-5.370679900806863e-08
LINEAR_DIRICHLET_STEADY_CONTROL,1200,2700.0,-905.0592813829264,905.059281382947,2.05773176276125e-11,11932920.000000002,0.0,5.5558757594553754e-08,-5.5558757594553754e-08
LINEAR_DIRICHLET_STEADY_CONTROL,1240,2790.0,-905.0592813829264,905.059281382947,2.05773176276125e-11,11932920.000000002,0.0,5.741071618103888e-08,-5.741071618103888e-08
LINEAR_DIRICHLET_STEADY_CONTROL,1280,2880.0,-905.0592813829264,905.059281382947,2.05773176276125e-11,11932920.000000002,0.0,5.9262674767524004e-08,-5.9262674767524004e-08
LINEAR_DIRICHLET_STEADY_CONTROL,1320,2970.0,-905.0592813829264,905.059281382947,2.05773176276125e-11,11932920.000000002,0.0,6.111463335400913e-08,-6.111463335400913e-08
LINEAR_DIRICHLET_STEADY_CONTROL,1360,3060.0,-905.0592813829264,905.059281382947,2.05773176276125e-11,11932920.000000002,0.0,6.296659194049425e-08,-6.296659194049425e-08
LINEAR_DIRICHLET_STEADY_CONTROL,1400,3150.0,-905.0592813829264,905.059281382947,2.05773176276125e-11,11932920.000000002,0.0,6.481855052697938e-08,-6.481855052697938e-08
LINEAR_DIRICHLET_STEADY_CONTROL,1440,3240.0,-905.0592813829264,905.059281382947,2.05773176276125e-11,11932920.000000002,0.0,6.66705091134645e-08,-6.66705091134645e-08
LINEAR_DIRICHLET_STEADY_CONTROL,1480,3330.0,-905.0592813829264,905.059281382947,2.05773176276125e-11,11932920.000000002,0.0,6.852246769994963e-08,-6.852246769994963e-08
LINEAR_DIRICHLET_STEADY_CONTROL,1520,3420.0,-905.0592813829264,905.059281382947,2.05773176276125e-11,11932920.000000002,0.0,7.037442628643475e-08,-7.037442628643475e-08
LINEAR_DIRICHLET_STEADY_CONTROL,1560,3510.0,-905.0592813829264,905.059281382947,2.05773176276125e-11,11932920.000000002,0.0,7.222638487291988e-08,-7.222638487291988e-08
LINEAR_DIRICHLET_STEADY_CONTROL,1600,3600.0,-905.0592813829264,905.059281382947,2.05773176276125e-11,11932920.000000002,0.0,7.4078343459405e-08,-7.4078343459405e-08
SINE_DIRICHLET_TRANSIENT,0,0.0,-2274.433705083011,-2274.4337050830563,-4548.867410166067,12155992.912965968,0.0,0.0,0.0
SINE_DIRICHLET_TRANSIENT,40,45.0,-2236.4623132079205,-2236.4623132079328,-4472.924626415854,11953050.101532334,-202942.8114336338,-202942.8114336399,6.111804395914078e-09
SINE_DIRICHLET_TRANSIENT,80,90.0,-2199.1248490651383,-2199.1248490651546,-4398.249698130293,11753495.395456074,-402497.51750989445,-402497.5175099082,1.3737007975578308e-08
SINE_DIRICHLET_TRANSIENT,120,135.0,-2162.4107293088705,-2162.4107293089032,-4324.821458617774,11557272.230733601,-598720.6822323669,-598720.6822323857,1.885928213596344e-08
SINE_DIRICHLET_TRANSIENT,160,180.0,-2126.309547281025,-2126.309547281058,-4252.619094562083,11364324.987690445,-791667.9252755232,-791667.9252755481,2.491287887096405e-08
SINE_DIRICHLET_TRANSIENT,200,225.0,-2090.811070061351,-2090.8110700613925,-4181.622140122743,11174598.975215776,-981393.9377501924,-981393.9377502244,3.2014213502407074e-08
SINE_DIRICHLET_TRANSIENT,240,270.0,-2055.905235566974,-2055.905235567007,-4111.810471133981,10988040.415260155,-1167952.4977058135,-1167952.4977058524,3.888271749019623e-08
SINE_DIRICHLET_TRANSIENT,280,315.0,-2021.5821497002466,-2021.5821497002837,-4043.1642994005306,10804596.42759209,-1351396.4853738789,-1351396.4853739284,4.959292709827423e-08
SINE_DIRICHLET_TRANSIENT,320,360.0,-1987.8320835442591,-1987.8320835443085,-3975.6641670885674,10624215.014809059,-1531777.8981569093,-1531777.8981569656,5.634501576423645e-08
SINE_DIRICHLET_TRANSIENT,360,405.0,-1954.6454706052168,-1954.6454706052498,-3909.2909412104664,10446845.047598815,-1709147.8653671537,-1709147.865367218,6.426125764846802e-08
SINE_DIRICHLET_TRANSIENT,400,450.0,-1922.0129041007056,-1922.0129041007467,-3844.0258082014525,10272436.250246702,-1883556.6627192665,-1883556.6627193387,7.217749953269958e-08
SINE_DIRICHLET_TRANSIENT,440,495.0,-1889.925134293455,-1889.9251342934879,-3779.8502685869425,10100939.186384961,-2055053.7265810072,-2055053.7265810876,8.032657206058502e-08
SINE_DIRICHLET_TRANSIENT,480,540.0,-1858.3730658693692,-1858.3730658694021,-3716.7461317387715,9932305.24497993,-2223687.667986039,-2223687.667986128,8.89413058757782e-08
SINE_DIRICHLET_TRANSIENT,520,585.0,-1827.3477553595387,-1827.3477553595715,-3654.69551071911,9766486.626553193,-2389506.2864127755,-2389506.286412872,9.639188647270203e-08
SINE_DIRICHLET_TRANSIENT,560,630.0,-1796.8404086051587,-1796.8404086051958,-3593.6808172103547,9603436.329632772,-2552556.583333196,-2552556.583333302,1.0570511221885681e-07
SINE_DIRICHLET_TRANSIENT,600,675.0,-1766.8423782648351,-1766.8423782648763,-3533.684756529711,9443108.13743049,-2712884.7755354773,-2712884.7755355877,1.103617250919342e-07
SINE_DIRICHLET_TRANSIENT,640,720.0,-1737.345161363481,-1737.3451613635182,-3474.6903227269995,9285456.6047418,-2870536.3082241677,-2870536.308224284,1.1641532182693481e-07
SINE_DIRICHLET_TRANSIENT,680,765.0,-1708.3403968821174,-1708.3403968821463,-3416.6807937642634,9130437.045064261,-3025555.867901707,-3025555.867901828,1.210719347000122e-07
SINE_DIRICHLET_TRANSIENT,720,810.0,-1679.8198633879651,-1679.819863387998,-3359.639726775963,8978005.517931113,-3177987.395034855,-3177987.3950349814,1.2619420886039734e-07
SINE_DIRICHLET_TRANSIENT,760,855.0,-1651.7754767040592,-1651.7754767041004,-3303.5509534081593,8828118.816456303,-3327874.0965096653,-3327874.0965097947,1.2945383787155151e-07
SINE_DIRICHLET_TRANSIENT,800,900.0,-1624.1992876177721,-1624.1992876178215,-3248.398575235594,8680734.455087453,-3475258.457878515,-3475258.4578786525,1.3737007975578308e-07
SINE_DIRICHLET_TRANSIENT,840,945.0,-1597.0834796276245,-1597.0834796276615,-3194.166959255286,8535810.657563258,-3620182.2554027103,-3620182.255402855,1.448206603527069e-07
SINE_DIRICHLET_TRANSIENT,880,990.0,-1570.4203667276404,-1570.4203667276734,-3140.840733455314,8393306.345071979,-3762686.5678939894,-3762686.567894137,1.4761462807655334e-07
SINE_DIRICHLET_TRANSIENT,920,1035.0,-1544.2023912287877,-1544.2023912288248,-3088.404782457613,8253181.124607613,-3902811.788358355,-3902811.78835851,1.5506520867347717e-07
SINE_DIRICHLET_TRANSIENT,960,1080.0,-1518.4221216167311,-1518.4221216167723,-3036.844243233503,8115395.277520427,-4040597.6354455417,-4040597.6354457014,1.5972182154655457e-07
SINE_DIRICHLET_TRANSIENT,1000,1125.0,-1493.0722504453493,-1493.0722504453904,-2986.1445008907394,7979909.748258685,-4176083.1647072835,-4176083.16470745,1.6670674085617065e-07
SINE_DIRICHLET_TRANSIENT,1040,1170.0,-1468.1455922654357,-1468.1455922654768,-2936.2911845309127,7846686.13329829,-4309306.779667678,-4309306.77966785,1.7136335372924805e-07
SINE_DIRICHLET_TRANSIENT,1080,1215.0,-1443.6350815879866,-1443.6350815880278,-2887.2701631760146,7715686.670257283,-4440306.242708685,-4440306.242708862,1.7695128917694092e-07
SINE_DIRICHLET_TRANSIENT,1120,1260.0,-1419.533770881473,-1419.5337708814977,-2839.067541762971,7586874.227192032,-4569118.685773936,-4569118.68577412,1.8347054719924927e-07
SINE_DIRICHLET_TRANSIENT,1160,1305.0,-1395.8348286025196,-1395.8348286025566,-2791.669657205076,7460212.292072162,-4695780.620893806,-4695780.6208939925,1.862645149230957e-07
SINE_DIRICHLET_TRANSIENT,1200,1350.0,-1372.5315372595765,-1372.5315372596094,-2745.0630745191856,7335664.962431161,-4820327.9505348075,-4820327.950534999,1.9185245037078857e-07
SINE_DIRICHLET_TRANSIENT,1240,1395.0,-1349.6172915087745,-1349.6172915088075,-2699.234583017582,7213196.935189797,-4942795.977776172,-4942795.977776371,1.993030309677124e-07
SINE_DIRICHLET_TRANSIENT,1280,1440.0,-1327.0855962816215,-1327.0855962816627,-2654.1711925632844,7092773.496649416,-5063219.416316552,-5063219.416316758,2.0582228899002075e-07
SINE_DIRICHLET_TRANSIENT,1320,1485.0,-1304.9300649440586,-1304.9300649440956,-2609.860129888154,6974360.512652311,-5181632.400313658,-5181632.40031387,2.123415470123291e-07
SINE_DIRICHLET_TRANSIENT,1360,1530.0,-1283.1444174860408,-1283.1444174860778,-2566.288834972119,6857924.418906348,-5298068.49405962,-5298068.49405984,2.1979212760925293e-07
SINE_DIRICHLET_TRANSIENT,1400,1575.0,-1261.7224787415594,-1261.7224787415964,-2523.444957483156,6743432.211471141,-5412560.701494827,-5412560.701495053,2.2631138563156128e-07
SINE_DIRICHLET_TRANSIENT,1440,1620.0,-1240.6581766382058,-1240.658176638247,-2481.316353276453,6630851.437403039,-5525141.475562929,-5525141.47556316,2.3096799850463867e-07
SINE_DIRICHLET_TRANSIENT,1480,1665.0,-1219.9455404761347,-1219.9455404761718,-2439.8910809523068,6520150.185556311,-5635842.727409657,-5635842.727409896,2.39349901676178e-07
SINE_DIRICHLET_TRANSIENT,1520,1710.0,-1199.5786992355447,-1199.5786992355777,-2399.157398471122,6411297.077537886,-5744695.835428082,-5744695.835428326,2.4400651454925537e-07
SINE_DIRICHLET_TRANSIENT,1560,1755.0,-1179.5518799126123,-1179.5518799126453,-2359.103759825258,6304261.25881312,-5851731.654152848,-5851731.654153097,2.4959444999694824e-07
SINE_DIRICHLET_TRANSIENT,1600,1800.0,-1159.8594058831095,-1159.8594058831547,-2319.7188117662645,6199012.389960045,-5956980.523005923,-5956980.523006175,2.514570951461792e-07
CONSTANT_TOP_FLUX_BOTTOM_ADIABATIC,0,0.0,0.0,1000.0,1000.0,0.0,0.0,0.0,0.0
CONSTANT_TOP_FLUX_BOTTOM_ADIABATIC,40,45.0,0.0,1000.0,1000.0,44999.99999999976,44999.99999999976,45000.0,-2.4010660126805305e-10
CONSTANT_TOP_FLUX_BOTTOM_ADIABATIC,80,90.0,0.0,1000.0,1000.0,90000.0000000011,90000.0000000011,90000.0,1.1059455573558807e-09
CONSTANT_TOP_FLUX_BOTTOM_ADIABATIC,120,135.0,0.0,1000.0,1000.0,135000.00000000204,135000.00000000204,135000.0,2.0372681319713593e-09
CONSTANT_TOP_FLUX_BOTTOM_ADIABATIC,160,180.0,0.0,1000.0,1000.0,180000.00000000218,180000.00000000218,180000.0,2.1827872842550278e-09
CONSTANT_TOP_FLUX_BOTTOM_ADIABATIC,200,225.0,0.0,1000.0,1000.0,225000.00000000288,225000.00000000288,225000.0,2.8812792152166367e-09
CONSTANT_TOP_FLUX_BOTTOM_ADIABATIC,240,270.0,0.0,1000.0,1000.0,270000.00000000256,270000.00000000256,270000.0,2.561137080192566e-09
CONSTANT_TOP_FLUX_BOTTOM_ADIABATIC,280,315.0,0.0,1000.0,1000.0,315000.00000000244,315000.00000000244,315000.0,2.444721758365631e-09
CONSTANT_TOP_FLUX_BOTTOM_ADIABATIC,320,360.0,0.0,1000.0,1000.0,360000.00000000244,360000.00000000244,360000.0,2.444721758365631e-09
CONSTANT_TOP_FLUX_BOTTOM_ADIABATIC,360,405.0,0.0,1000.0,1000.0,405000.00000000186,405000.00000000186,405000.0,1.862645149230957e-09
CONSTANT_TOP_FLUX_BOTTOM_ADIABATIC,400,450.0,0.0,1000.0,1000.0,450000.00000000227,450000.00000000227,450000.0,2.270098775625229e-09
CONSTANT_TOP_FLUX_BOTTOM_ADIABATIC,440,495.0,0.0,1000.0,1000.0,495000.0000000023,495000.0000000023,495000.0,2.3283064365386963e-09
CONSTANT_TOP_FLUX_BOTTOM_ADIABATIC,480,540.0,0.0,1000.0,1000.0,540000.0000000019,540000.0000000019,540000.0,1.862645149230957e-09
CONSTANT_TOP_FLUX_BOTTOM_ADIABATIC,520,585.0,0.0,1000.0,1000.0,585000.0000000026,585000.0000000026,585000.0,2.561137080192566e-09
CONSTANT_TOP_FLUX_BOTTOM_ADIABATIC,560,630.0,0.0,1000.0,1000.0,630000.000000003,630000.000000003,630000.0,3.026798367500305e-09
CONSTANT_TOP_FLUX_BOTTOM_ADIABATIC,600,675.0,0.0,1000.0,1000.0,675000.0000000033,675000.0000000033,675000.0,3.259629011154175e-09
CONSTANT_TOP_FLUX_BOTTOM_ADIABATIC,640,720.0,0.0,1000.0,1000.0,720000.0000000033,720000.0000000033,720000.0,3.259629011154175e-09
CONSTANT_TOP_FLUX_BOTTOM_ADIABATIC,680,765.0,0.0,1000.0,1000.0,765000.0000000031,765000.0000000031,765000.0,3.14321368932724e-09
CONSTANT_TOP_FLUX_BOTTOM_ADIABATIC,720,810.0,0.0,1000.0,1000.0,810000.0000000024,810000.0000000024,810000.0,2.444721758365631e-09
CONSTANT_TOP_FLUX_BOTTOM_ADIABATIC,760,855.0,0.0,1000.0,1000.0,855000.0000000022,855000.0000000022,855000.0,2.2118911147117615e-09
CONSTANT_TOP_FLUX_BOTTOM_ADIABATIC,800,900.0,0.0,1000.0,1000.0,900000.0000000028,900000.0000000028,900000.0,2.7939677238464355e-09
CONSTANT_TOP_FLUX_BOTTOM_ADIABATIC,840,945.0,0.0,1000.0,1000.0,945000.000000004,945000.000000004,945000.0,3.958120942115784e-09
CONSTANT_TOP_FLUX_BOTTOM_ADIABATIC,880,990.0,0.0,1000.0,1000.0,990000.0000000041,990000.0000000041,990000.0,4.0745362639427185e-09
CONSTANT_TOP_FLUX_BOTTOM_ADIABATIC,920,1035.0,0.0,1000.0,1000.0,1035000.0000000038,1035000.0000000038,1035000.0,3.841705620288849e-09
CONSTANT_TOP_FLUX_BOTTOM_ADIABATIC,960,1080.0,0.0,1000.0,1000.0,1080000.0000000037,1080000.0000000037,1080000.0,3.725290298461914e-09
CONSTANT_TOP_FLUX_BOTTOM_ADIABATIC,1000,1125.0,0.0,1000.0,1000.0,1125000.0000000042,1125000.0000000042,1125000.0,4.190951585769653e-09
CONSTANT_TOP_FLUX_BOTTOM_ADIABATIC,1040,1170.0,0.0,1000.0,1000.0,1170000.000000005,1170000.000000005,1170000.0,4.889443516731262e-09
CONSTANT_TOP_FLUX_BOTTOM_ADIABATIC,1080,1215.0,0.0,1000.0,1000.0,1215000.0000000054,1215000.0000000054,1215000.0,5.3551048040390015e-09
CONSTANT_TOP_FLUX_BOTTOM_ADIABATIC,1120,1260.0,0.0,1000.0,1000.0,1260000.0000000058,1260000.0000000058,1260000.0,5.820766091346741e-09
CONSTANT_TOP_FLUX_BOTTOM_ADIABATIC,1160,1305.0,0.0,1000.0,1000.0,1305000.0000000054,1305000.0000000054,1305000.0,5.3551048040390015e-09
CONSTANT_TOP_FLUX_BOTTOM_ADIABATIC,1200,1350.0,0.0,1000.0,1000.0,1350000.0000000058,1350000.0000000058,1350000.0,5.820766091346741e-09
CONSTANT_TOP_FLUX_BOTTOM_ADIABATIC,1240,1395.0,0.0,1000.0,1000.0,1395000.0000000065,1395000.0000000065,1395000.0,6.51925802230835e-09
CONSTANT_TOP_FLUX_BOTTOM_ADIABATIC,1280,1440.0,0.0,1000.0,1000.0,1440000.0000000065,1440000.0000000065,1440000.0,6.51925802230835e-09
CONSTANT_TOP_FLUX_BOTTOM_ADIABATIC,1320,1485.0,0.0,1000.0,1000.0,1485000.0000000077,1485000.0000000077,1485000.0,7.683411240577698e-09
CONSTANT_TOP_FLUX_BOTTOM_ADIABATIC,1360,1530.0,0.0,1000.0,1000.0,1530000.0000000077,1530000.0000000077,1530000.0,7.683411240577698e-09
CONSTANT_TOP_FLUX_BOTTOM_ADIABATIC,1400,1575.0,0.0,1000.0,1000.0,1575000.000000008,1575000.000000008,1575000.0,7.916241884231567e-09
CONSTANT_TOP_FLUX_BOTTOM_ADIABATIC,1440,1620.0,0.0,1000.0,1000.0,1620000.000000007,1620000.000000007,1620000.0,6.984919309616089e-09
CONSTANT_TOP_FLUX_BOTTOM_ADIABATIC,1480,1665.0,0.0,1000.0,1000.0,1665000.000000007,1665000.000000007,1665000.0,6.984919309616089e-09
CONSTANT_TOP_FLUX_BOTTOM_ADIABATIC,1520,1710.0,0.0,1000.0,1000.0,1710000.000000007,1710000.000000007,1710000.0,6.984919309616089e-09
CONSTANT_TOP_FLUX_BOTTOM_ADIABATIC,1560,1755.0,0.0,1000.0,1000.0,1755000.0000000077,1755000.0000000077,1755000.0,7.683411240577698e-09
CONSTANT_TOP_FLUX_BOTTOM_ADIABATIC,1600,1800.0,0.0,1000.0,1000.0,1800000.0000000086,1800000.0000000086,1800000.0,8.614733815193176e-09
TOP_STEP_DIRICHLET_BOTTOM_ADIABATIC,0,0.0,0.0,115847.5880170151,115847.5880170151,0.0,0.0,0.0,0.0
TOP_STEP_DIRICHLET_BOTTOM_ADIABATIC,40,45.0,0.0,12599.548083183274,12599.548083183274,1098809.930181026,1098809.930181026,1098809.930181022,3.958120942115784e-09
TOP_STEP_DIRICHLET_BOTTOM_ADIABATIC,80,90.0,0.0,8822.502193077045,8822.502193077045,1563697.15099329,1563697.15099329,1563697.1509932806,9.313225746154785e-09
TOP_STEP_DIRICHLET_BOTTOM_ADIABATIC,120,135.0,0.0,7180.806094699321,7180.806094699321,1919060.4948068657,1919060.4948068657,1919060.4948068508,1.4901161193847656e-08
TOP_STEP_DIRICHLET_BOTTOM_ADIABATIC,160,180.0,0.0,6209.044392055884,6209.044392055884,2218199.5490774764,2218199.5490774764,2218199.5490774577,1.862645149230957e-08
TOP_STEP_DIRICHLET_BOTTOM_ADIABATIC,200,225.0,0.0,5548.359769740471,5548.359769740471,2481534.6531887837,2481534.6531887837,2481534.6531887585,2.514570951461792e-08
TOP_STEP_DIRICHLET_BOTTOM_ADIABATIC,240,270.0,0.0,5061.798292389983,5061.798292389983,2719487.777788516,2719487.777788516,2719487.7777884863,2.9802322387695312e-08
TOP_STEP_DIRICHLET_BOTTOM_ADIABATIC,280,315.0,0.0,4684.24542488978,4684.24542488978,2938232.499372714,2938232.499372714,2938232.4993726793,3.4924596548080444e-08
TOP_STEP_DIRICHLET_BOTTOM_ADIABATIC,320,360.0,0.0,4380.261776040581,4380.261776040581,3141783.6886518635,3141783.6886518635,3141783.688651824,3.958120942115784e-08
TOP_STEP_DIRICHLET_BOTTOM_ADIABATIC,360,405.0,0.0,4128.689853258189,4128.689853258189,3332926.341393128,3332926.341393128,3332926.341393085,4.284083843231201e-08
TOP_STEP_DIRICHLET_BOTTOM_ADIABATIC,400,450.0,0.0,3916.0152131032287,3916.0152131032287,3513686.149685108,3513686.149685108,3513686.149685059,4.889443516731262e-08
TOP_STEP_DIRICHLET_BOTTOM_ADIABATIC,440,495.0,0.0,3733.1475173380236,3733.1475173380236,3685591.143169361,3685591.143169361,3685591.143169307,5.4016709327697754e-08
TOP_STEP_DIRICHLET_BOTTOM_ADIABATIC,480,540.0,0.0,3573.7172004210433,3573.7172004210433,3849827.698463915,3849827.698463915,3849827.6984638567,5.820766091346741e-08
TOP_STEP_DIRICHLET_BOTTOM_ADIABATIC,520,585.0,0.0,3433.110693039904,3433.110693039904,4007338.789064357,4007338.789064357,4007338.7890642923,6.472691893577576e-08
TOP_STEP_DIRICHLET_BOTTOM_ADIABATIC,560,630.0,0.0,3307.893320904484,3307.893320904484,4158888.642647061,4158888.642647061,4158888.642646988,7.310882210731506e-08
TOP_STEP_DIRICHLET_BOTTOM_ADIABATIC,600,675.0,0.0,3195.448277538459,3195.448277538459,4305106.860593943,4305106.860593943,4305106.860593865,7.82310962677002e-08
TOP_STEP_DIRICHLET_BOTTOM_ADIABATIC,640,720.0,0.0,3093.7421395300717,3093.7421395300717,4446519.451403439,4446519.451403439,4446519.451403353,8.568167686462402e-08
TOP_STEP_DIRICHLET_BOTTOM_ADIABATIC,680,765.0,0.0,3001.167638860058,3001.167638860058,4583571.230722154,4583571.230722154,4583571.230722063,9.033828973770142e-08
TOP_STEP_DIRICHLET_BOTTOM_ADIABATIC,720,810.0,0.0,2916.435306296251,2916.435306296251,4716642.353760925,4716642.353760925,4716642.353760831,9.406358003616333e-08
TOP_STEP_DIRICHLET_BOTTOM_ADIABATIC,760,855.0,0.0,2838.496991590596,2838.496991590596,4846060.755990972,4846060.755990972,4846060.755990872,9.96515154838562e-08
TOP_STEP_DIRICHLET_BOTTOM_ADIABATIC,800,900.0,0.0,2766.4907393438198,2766.4907393438198,4972111.675723693,4972111.675723693,4972111.675723589,1.043081283569336e-07
TOP_STEP_DIRICHLET_BOTTOM_ADIABATIC,840,945.0,0.0,2699.7003129594746,2699.7003129594746,5095045.053958592,5095045.053958592,5095045.053958482,1.0989606380462646e-07
TOP_STEP_DIRICHLET_BOTTOM_ADIABATIC,880,990.0,0.0,2637.5249781633124,2637.5249781633124,5215081.362699687,5215081.362699687,5215081.36269957,1.1641532182693481e-07
TOP_STEP_DIRICHLET_BOTTOM_ADIABATIC,920,1035.0,0.0,2579.456607900072,2579.456607900072,5332416.2513745045,5332416.2513745045,5332416.251374384,1.2014061212539673e-07
TOP_STEP_DIRICHLET_BOTTOM_ADIABATIC,960,1080.0,0.0,2525.0621004254635,2525.0621004254635,5447224.291721366,5447224.291721366,5447224.291721242,1.2479722499847412e-07
TOP_STEP_DIRICHLET_BOTTOM_ADIABATIC,1000,1125.0,0.0,2473.9697122817274,2473.9697122817274,5559662.0261443695,5559662.0261443695,5559662.026144238,1.3131648302078247e-07
TOP_STEP_DIRICHLET_BOTTOM_ADIABATIC,1040,1170.0,0.0,2425.858315962897,2425.858315962897,5669870.4716215655,5669870.4716215655,5669870.471621424,1.4156103134155273e-07
TOP_STEP_DIRICHLET_BOTTOM_ADIABATIC,1080,1215.0,0.0,2380.4488702450744,2380.4488702450744,5777977.193497602,5777977.193497602,5777977.193497457,1.4528632164001465e-07
TOP_STEP_DIRICHLET_BOTTOM_ADIABATIC,1120,1260.0,0.0,2337.4975839512704,2337.4975839512704,5884098.036155852,5884098.036155852,5884098.036155698,1.5366822481155396e-07
TOP_STEP_DIRICHLET_BOTTOM_ADIABATIC,1160,1305.0,0.0,2296.7903896132198,2296.7903896132198,5988338.577503472,5988338.577503472,5988338.57750331,1.6205012798309326e-07
TOP_STEP_DIRICHLET_BOTTOM_ADIABATIC,1200,1350.0,0.0,2258.138440341719,2258.138440341719,6090795.3592969375,6090795.3592969375,6090795.359296765,1.7229467630386353e-07
TOP_STEP_DIRICHLET_BOTTOM_ADIABATIC,1240,1395.0,0.0,2221.374413256361,2221.374413256361,6191556.934133181,6191556.934133181,6191556.934133002,1.7974525690078735e-07
TOP_STEP_DIRICHLET_BOTTOM_ADIABATIC,1280,1440.0,0.0,2186.3494540805136,2186.3494540805136,6290704.761423014,6290704.761423014,6290704.761422831,1.8347054719924927e-07
TOP_STEP_DIRICHLET_BOTTOM_ADIABATIC,1320,1485.0,0.0,2152.93063544061,2152.93063544061,6388313.978137622,6388313.978137622,6388313.978137431,1.909211277961731e-07
TOP_STEP_DIRICHLET_BOTTOM_ADIABATIC,1360,1530.0,0.0,2120.9988297780683,2120.9988297780683,6484454.065067687,6484454.065067687,6484454.065067487,2.0023435354232788e-07
TOP_STEP_DIRICHLET_BOTTOM_ADIABATIC,1400,1575.0,0.0,2090.446919200048,2090.446919200048,6579189.425391754,6579189.425391754,6579189.4253915455,2.086162567138672e-07
TOP_STEP_DIRICHLET_BOTTOM_ADIABATIC,1440,1620.0,0.0,2061.1782809164847,2061.1782809164847,6672579.88924776,6672579.88924776,6672579.889247543,2.169981598854065e-07
TOP_STEP_DIRICHLET_BOTTOM_ADIABATIC,1480,1665.0,0.0,2033.1054994534927,2033.1054994534927,6764681.155542327,6764681.155542327,6764681.155542108,2.1886080503463745e-07
TOP_STEP_DIRICHLET_BOTTOM_ADIABATIC,1520,1710.0,0.0,2006.1492665461901,2006.1492665461901,6855545.1802690495,6855545.1802690495,6855545.180268825,2.2444874048233032e-07
TOP_STEP_DIRICHLET_BOTTOM_ADIABATIC,1560,1755.0,0.0,1980.2374371972842,1980.2374371972842,6945220.519029505,6945220.519029505,6945220.519029273,2.3189932107925415e-07
TOP_STEP_DIRICHLET_BOTTOM_ADIABATIC,1600,1800.0,0.0,1955.304216343694,1955.304216343694,7033752.630175244,7033752.630175244,7033752.630175006,2.384185791015625e-07
