"time","INTERNAL ENERGY","KINETIC ENERGY","X-MOMENTUM","Y-MOMENTUM","Z-MOMENTUM","MASS","TIME STEP","ROTATION ENERGY","EXTERNAL WORK","SPRING ENERGY","CONTACT ENERGY","HOURGLASS ENERGY","ELASTIC CONTACT ENERGY","FRICTIONAL CONTACT ENERGY","DAMPING CONTACT ENERGY ","PLASTIC WORK","ADDED MASS","PERCENTAGE ADDED MASS","INLET MASS","OUTLET MASS","INLET ENERGY","OUTLET ENERGY","COLUMNS                                   IE ","COLUMNS                                   KE ","COLUMNS                                   ZMOM ","COLUMNS                                   MASS ","COLUMNS                                   HE ","COLUMNS                                   ERODED ","COLUMNS                                   VZ ","SPANDREL                                  IE ","SPANDREL                                  KE ","SPANDREL                                  ZMOM ","SPANDREL                                  MASS ","SPANDREL                                  HE ","SPANDREL                                  ERODED ","SPANDREL                                  VZ ","WING_BOX_SURROGATE                        IE ","WING_BOX_SURROGATE                        KE ","WING_BOX_SURROGATE                        ZMOM ","WING_BOX_SURROGATE                        MASS ","WING_BOX_SURROGATE                        HE ","WING_BOX_SURROGATE                        ERODED ","WING_BOX_SURROGATE                        VZ ","CONTACT_IMPULSE                          1 BOX_TO_FACADE                            var 44"
0.000000e+00,0.000000e+00,3.388286e+09,0.000000e+00,0.000000e+00,-3.421976e+07,1.442920e+06,1.361951e-02,0.000000e+00,0.000000e+00,0.000000e+00,0.000000e+00,0.000000e+00,0.000000e+00,0.000000e+00,0.000000e+00,0.000000e+00,9.313226e-10,6.454431e-14,0.000000e+00,0.000000e+00,0.000000e+00,0.000000e+00,0.000000e+00,0.000000e+00,0.000000e+00,9.737456e+05,0.000000e+00,0.000000e+00,0.000000e+00,0.000000e+00,0.000000e+00,0.000000e+00,2.963742e+05,0.000000e+00,0.000000e+00,0.000000e+00,0.000000e+00,3.388286e+09,-3.421976e+07,1.728000e+05,0.000000e+00,0.000000e+00,-1.980310e+02,0.000000e+00
1.361951e-02,0.000000e+00,3.388286e+09,0.000000e+00,0.000000e+00,-3.421976e+07,1.442920e+06,1.361951e-02,0.000000e+00,0.000000e+00,0.000000e+00,0.000000e+00,0.000000e+00,0.000000e+00,0.000000e+00,0.000000e+00,0.000000e+00,9.313226e-10,6.454431e-14,0.000000e+00,0.000000e+00,0.000000e+00,0.000000e+00,0.000000e+00,0.000000e+00,0.000000e+00,9.737456e+05,0.000000e+00,0.000000e+00,0.000000e+00,0.000000e+00,0.000000e+00,0.000000e+00,2.963742e+05,0.000000e+00,0.000000e+00,0.000000e+00,0.000000e+00,3.388286e+09,-3.421976e+07,1.728000e+05,0.000000e+00,0.000000e+00,-1.980310e+02,0.000000e+00
2.723903e-02,0.000000e+00,3.388286e+09,0.000000e+00,0.000000e+00,-3.421976e+07,1.442920e+06,1.361951e-02,0.000000e+00,0.000000e+00,0.000000e+00,0.000000e+00,0.000000e+00,0.000000e+00,0.000000e+00,0.000000e+00,0.000000e+00,9.313226e-10,6.454431e-14,0.000000e+00,0.000000e+00,0.000000e+00,0.000000e+00,0.000000e+00,0.000000e+00,0.000000e+00,9.737456e+05,0.000000e+00,0.000000e+00,0.000000e+00,0.000000e+00,0.000000e+00,0.000000e+00,2.963742e+05,0.000000e+00,0.000000e+00,0.000000e+00,0.000000e+00,3.388286e+09,-3.421976e+07,1.728000e+05,0.000000e+00,0.000000e+00,-1.980310e+02,0.000000e+00
4.085854e-02,0.000000e+00,3.388286e+09,0.000000e+00,0.000000e+00,-3.421976e+07,1.442920e+06,1.361951e-02,0.000000e+00,0.000000e+00,0.000000e+00,0.000000e+00,0.000000e+00,0.000000e+00,0.000000e+00,0.000000e+00,0.000000e+00,9.313226e-10,6.454431e-14,0.000000e+00,0.000000e+00,0.000000e+00,0.000000e+00,0.000000e+00,0.000000e+00,0.000000e+00,9.737456e+05,0.000000e+00,0.000000e+00,0.000000e+00,0.000000e+00,0.000000e+00,0.000000e+00,2.963742e+05,0.000000e+00,0.000000e+00,0.000000e+00,0.000000e+00,3.388286e+09,-3.421976e+07,1.728000e+05,0.000000e+00,0.000000e+00,-1.980310e+02,0.000000e+00
5.447806e-02,0.000000e+00,3.388286e+09,0.000000e+00,0.000000e+00,-3.421976e+07,1.442920e+06,1.361951e-02,0.000000e+00,0.000000e+00,0.000000e+00,0.000000e+00,0.000000e+00,0.000000e+00,0.000000e+00,0.000000e+00,0.000000e+00,9.313226e-10,6.454431e-14,0.000000e+00,0.000000e+00,0.000000e+00,0.000000e+00,0.000000e+00,0.000000e+00,0.000000e+00,9.737456e+05,0.000000e+00,0.000000e+00,0.000000e+00,0.000000e+00,0.000000e+00,0.000000e+00,2.963742e+05,0.000000e+00,0.000000e+00,0.000000e+00,0.000000e+00,3.388286e+09,-3.421976e+07,1.728000e+05,0.000000e+00,0.000000e+00,-1.980310e+02,0.000000e+00
6.809758e-02,0.000000e+00,3.388286e+09,0.000000e+00,0.000000e+00,-3.421976e+07,1.442920e+06,1.361951e-02,0.000000e+00,0.000000e+00,0.000000e+00,0.000000e+00,0.000000e+00,0.000000e+00,0.000000e+00,0.000000e+00,0.000000e+00,9.313226e-10,6.454431e-14,0.000000e+00,0.000000e+00,0.000000e+00,0.000000e+00,0.000000e+00,0.000000e+00,0.000000e+00,9.737456e+05,0.000000e+00,0.000000e+00,0.000000e+00,0.000000e+00,0.000000e+00,0.000000e+00,2.963742e+05,0.000000e+00,0.000000e+00,0.000000e+00,0.000000e+00,3.388286e+09,-3.421976e+07,1.728000e+05,0.000000e+00,0.000000e+00,-1.980310e+02,0.000000e+00
8.171709e-02,0.000000e+00,3.388286e+09,0.000000e+00,0.000000e+00,-3.421976e+07,1.442920e+06,1.361951e-02,0.000000e+00,0.000000e+00,0.000000e+00,0.000000e+00,0.000000e+00,0.000000e+00,0.000000e+00,0.000000e+00,0.000000e+00,9.313226e-10,6.454431e-14,0.000000e+00,0.000000e+00,0.000000e+00,0.000000e+00,0.000000e+00,0.000000e+00,0.000000e+00,9.737456e+05,0.000000e+00,0.000000e+00,0.000000e+00,0.000000e+00,0.000000e+00,0.000000e+00,2.963742e+05,0.000000e+00,0.000000e+00,0.000000e+00,0.000000e+00,3.388286e+09,-3.421976e+07,1.728000e+05,0.000000e+00,0.000000e+00,-1.980310e+02,0.000000e+00
9.533660e-02,0.000000e+00,3.388286e+09,0.000000e+00,0.000000e+00,-3.421976e+07,1.442920e+06,1.361951e-02,0.000000e+00,0.000000e+00,0.000000e+00,0.000000e+00,0.000000e+00,0.000000e+00,0.000000e+00,0.000000e+00,0.000000e+00,9.313226e-10,6.454431e-14,0.000000e+00,0.000000e+00,0.000000e+00,0.000000e+00,0.000000e+00,0.000000e+00,0.000000e+00,9.737456e+05,0.000000e+00,0.000000e+00,0.000000e+00,0.000000e+00,0.000000e+00,0.000000e+00,2.963742e+05,0.000000e+00,0.000000e+00,0.000000e+00,0.000000e+00,3.388286e+09,-3.421976e+07,1.728000e+05,0.000000e+00,0.000000e+00,-1.980310e+02,0.000000e+00
1.089561e-01,0.000000e+00,3.388286e+09,0.000000e+00,0.000000e+00,-3.421976e+07,1.442920e+06,1.361951e-02,0.000000e+00,0.000000e+00,0.000000e+00,0.000000e+00,0.000000e+00,0.000000e+00,0.000000e+00,0.000000e+00,0.000000e+00,9.313226e-10,6.454431e-14,0.000000e+00,0.000000e+00,0.000000e+00,0.000000e+00,0.000000e+00,0.000000e+00,0.000000e+00,9.737456e+05,0.000000e+00,0.000000e+00,0.000000e+00,0.000000e+00,0.000000e+00,0.000000e+00,2.963742e+05,0.000000e+00,0.000000e+00,0.000000e+00,0.000000e+00,3.388286e+09,-3.421976e+07,1.728000e+05,0.000000e+00,0.000000e+00,-1.980310e+02,0.000000e+00
1.225756e-01,0.000000e+00,3.388286e+09,0.000000e+00,0.000000e+00,-3.421976e+07,1.442920e+06,1.361951e-02,0.000000e+00,0.000000e+00,0.000000e+00,0.000000e+00,0.000000e+00,0.000000e+00,0.000000e+00,0.000000e+00,0.000000e+00,9.313226e-10,6.454431e-14,0.000000e+00,0.000000e+00,0.000000e+00,0.000000e+00,0.000000e+00,0.000000e+00,0.000000e+00,9.737456e+05,0.000000e+00,0.000000e+00,0.000000e+00,0.000000e+00,0.000000e+00,0.000000e+00,2.963742e+05,0.000000e+00,0.000000e+00,0.000000e+00,0.000000e+00,3.388286e+09,-3.421976e+07,1.728000e+05,0.000000e+00,0.000000e+00,-1.980310e+02,0.000000e+00
1.361952e-01,0.000000e+00,3.388286e+09,0.000000e+00,0.000000e+00,-3.421976e+07,1.442920e+06,1.361951e-02,0.000000e+00,0.000000e+00,0.000000e+00,0.000000e+00,0.000000e+00,0.000000e+00,0.000000e+00,0.000000e+00,0.000000e+00,9.313226e-10,6.454431e-14,0.000000e+00,0.000000e+00,0.000000e+00,0.000000e+00,0.000000e+00,0.000000e+00,0.000000e+00,9.737456e+05,0.000000e+00,0.000000e+00,0.000000e+00,0.000000e+00,0.000000e+00,0.000000e+00,2.963742e+05,0.000000e+00,0.000000e+00,0.000000e+00,0.000000e+00,3.388286e+09,-3.421976e+07,1.728000e+05,0.000000e+00,0.000000e+00,-1.980310e+02,0.000000e+00
1.498147e-01,0.000000e+00,3.388286e+09,0.000000e+00,0.000000e+00,-3.421976e+07,1.442920e+06,1.361951e-02,0.000000e+00,0.000000e+00,0.000000e+00,0.000000e+00,0.000000e+00,0.000000e+00,0.000000e+00,0.000000e+00,0.000000e+00,9.313226e-10,6.454431e-14,0.000000e+00,0.000000e+00,0.000000e+00,0.000000e+00,0.000000e+00,0.000000e+00,0.000000e+00,9.737456e+05,0.000000e+00,0.000000e+00,0.000000e+00,0.000000e+00,0.000000e+00,0.000000e+00,2.963742e+05,0.000000e+00,0.000000e+00,0.000000e+00,0.000000e+00,3.388286e+09,-3.421976e+07,1.728000e+05,0.000000e+00,0.000000e+00,-1.980310e+02,0.000000e+00
1.634342e-01,0.000000e+00,3.388286e+09,0.000000e+00,0.000000e+00,-3.421976e+07,1.442920e+06,1.361951e-02,0.000000e+00,0.000000e+00,0.000000e+00,0.000000e+00,0.000000e+00,0.000000e+00,0.000000e+00,0.000000e+00,0.000000e+00,9.313226e-10,6.454431e-14,0.000000e+00,0.000000e+00,0.000000e+00,0.000000e+00,0.000000e+00,0.000000e+00,0.000000e+00,9.737456e+05,0.000000e+00,0.000000e+00,0.000000e+00,0.000000e+00,0.000000e+00,0.000000e+00,2.963742e+05,0.000000e+00,0.000000e+00,0.000000e+00,0.000000e+00,3.388286e+09,-3.421976e+07,1.728000e+05,0.000000e+00,0.000000e+00,-1.980310e+02,0.000000e+00
1.770537e-01,0.000000e+00,3.388286e+09,0.000000e+00,0.000000e+00,-3.421976e+07,1.442920e+06,1.361951e-02,0.000000e+00,0.000000e+00,0.000000e+00,0.000000e+00,0.000000e+00,0.000000e+00,0.000000e+00,0.000000e+00,0.000000e+00,9.313226e-10,6.454431e-14,0.000000e+00,0.000000e+00,0.000000e+00,0.000000e+00,0.000000e+00,0.000000e+00,0.000000e+00,9.737456e+05,0.000000e+00,0.000000e+00,0.000000e+00,0.000000e+00,0.000000e+00,0.000000e+00,2.963742e+05,0.000000e+00,0.000000e+00,0.000000e+00,0.000000e+00,3.388286e+09,-3.421976e+07,1.728000e+05,0.000000e+00,0.000000e+00,-1.980310e+02,0.000000e+00
1.906732e-01,0.000000e+00,3.388286e+09,0.000000e+00,0.000000e+00,-3.421976e+07,1.442920e+06,1.361951e-02,0.000000e+00,0.000000e+00,0.000000e+00,0.000000e+00,0.000000e+00,0.000000e+00,0.000000e+00,0.000000e+00,0.000000e+00,9.313226e-10,6.454431e-14,0.000000e+00,0.000000e+00,0.000000e+00,0.000000e+00,0.000000e+00,0.000000e+00,0.000000e+00,9.737456e+05,0.000000e+00,0.000000e+00,0.000000e+00,0.000000e+00,0.000000e+00,0.000000e+00,2.963742e+05,0.000000e+00,0.000000e+00,0.000000e+00,0.000000e+00,3.388286e+09,-3.421976e+07,1.728000e+05,0.000000e+00,0.000000e+00,-1.980310e+02,0.000000e+00
2.042927e-01,0.000000e+00,3.388286e+09,0.000000e+00,0.000000e+00,-3.421976e+07,1.442920e+06,1.361951e-02,0.000000e+00,0.000000e+00,0.000000e+00,0.000000e+00,0.000000e+00,0.000000e+00,0.000000e+00,0.000000e+00,0.000000e+00,9.313226e-10,6.454431e-14,0.000000e+00,0.000000e+00,0.000000e+00,0.000000e+00,0.000000e+00,0.000000e+00,0.000000e+00,9.737456e+05,0.000000e+00,0.000000e+00,0.000000e+00,0.000000e+00,0.000000e+00,0.000000e+00,2.963742e+05,0.000000e+00,0.000000e+00,0.000000e+00,0.000000e+00,3.388286e+09,-3.421976e+07,1.728000e+05,0.000000e+00,0.000000e+00,-1.980310e+02,0.000000e+00
2.179122e-01,0.000000e+00,3.361602e+09,-8.077936e-28,0.000000e+00,-3.421976e+07,1.442920e+06,1.126294e-02,0.000000e+00,0.000000e+00,0.000000e+00,4.590882e+06,0.000000e+00,4.590882e+06,0.000000e+00,0.000000e+00,0.000000e+00,9.313226e-10,6.454431e-14,0.000000e+00,0.000000e+00,0.000000e+00,0.000000e+00,0.000000e+00,0.000000e+00,0.000000e+00,9.737456e+05,0.000000e+00,0.000000e+00,0.000000e+00,0.000000e+00,0.000000e+00,0.000000e+00,2.963742e+05,0.000000e+00,0.000000e+00,0.000000e+00,0.000000e+00,3.388286e+09,-3.421976e+07,1.728000e+05,0.000000e+00,0.000000e+00,-1.980310e+02,-2.983593e+05
2.291752e-01,1.367070e+06,3.318207e+09,-1.080025e-12,1.643130e-14,-3.421976e+07,1.442920e+06,1.083908e-02,9.261660e+04,0.000000e+00,0.000000e+00,2.978628e+07,0.000000e+00,2.978628e+07,0.000000e+00,0.000000e+00,1.712638e+05,9.313226e-10,6.454431e-14,0.000000e+00,0.000000e+00,0.000000e+00,0.000000e+00,1.293246e+05,1.285408e+06,-2.725469e+05,9.737456e+05,9.939378e+02,0.000000e+00,-2.798954e-01,0.000000e+00,0.000000e+00,0.000000e+00,2.963742e+05,0.000000e+00,0.000000e+00,0.000000e+00,1.237745e+06,3.342567e+09,-3.394721e+07,1.728000e+05,3.378763e+03,0.000000e+00,-1.964538e+02,-7.624978e+05
2.400143e-01,7.897626e+06,3.288907e+09,-1.718803e-11,-3.680227e-14,-3.421976e+07,1.442920e+06,1.072678e-02,1.547664e+06,0.000000e+00,0.000000e+00,4.739692e+07,0.000000e+00,4.739692e+07,0.000000e+00,0.000000e+00,2.752344e+06,9.313226e-10,6.454431e-14,0.000000e+00,0.000000e+00,0.000000e+00,0.000000e+00,7.343218e+05,6.695275e+06,-6.847002e+05,9.737456e+05,2.664128e+03,0.000000e+00,-7.031614e-01,2.230021e+00,7.510780e+00,-1.210168e+02,2.963742e+05,2.240497e-01,0.000000e+00,-4.083244e-04,7.163302e+06,3.294715e+09,-3.353494e+07,1.728000e+05,1.732978e+04,0.000000e+00,-1.940679e+02,-1.196222e+06
2.507410e-01,1.951168e+07,3.280595e+09,6.436629e-12,6.123822e-13,-3.421976e+07,1.442920e+06,1.115367e-02,7.012748e+06,0.000000e+00,0.000000e+00,3.692376e+07,0.000000e+00,3.692376e+07,0.000000e+00,0.000000e+00,8.159493e+06,9.313226e-10,6.454431e-14,0.000000e+00,0.000000e+00,0.000000e+00,0.000000e+00,1.663956e+06,1.561084e+07,-1.107659e+06,9.737456e+05,4.289699e+03,0.000000e+00,-1.137524e+00,3.079843e+01,9.304417e+01,-3.650894e+02,2.963742e+05,2.003813e+00,0.000000e+00,-1.231853e-03,1.784769e+07,3.268312e+09,-3.311173e+07,1.728000e+05,5.582590e+04,0.000000e+00,-1.916188e+02,-1.512849e+06
2.618947e-01,3.352696e+07,3.276679e+09,-1.842615e-11,-1.854952e-12,-3.421976e+07,1.442920e+06,1.163825e-02,1.557142e+07,0.000000e+00,0.000000e+00,1.567959e+07,0.000000e+00,1.567959e+07,0.000000e+00,0.000000e+00,1.638240e+07,9.313226e-10,6.454431e-14,0.000000e+00,0.000000e+00,0.000000e+00,0.000000e+00,2.549846e+06,2.376994e+07,-1.428636e+06,9.737456e+05,7.212956e+03,0.000000e+00,-1.467155e+00,1.172278e+02,4.082952e+02,-6.338928e+02,2.963742e+05,5.338480e+00,0.000000e+00,-2.138826e-03,3.097700e+07,3.257186e+09,-3.279049e+07,1.728000e+05,1.309372e+05,0.000000e+00,-1.897598e+02,-1.676076e+06
2.735330e-01,4.817060e+07,3.268509e+09,-7.600402e-11,3.737122e-12,-3.421976e+07,1.442920e+06,1.226935e-02,1.986513e+07,0.000000e+00,0.000000e+00,4.120960e+06,0.000000e+00,4.120960e+06,0.000000e+00,0.000000e+00,2.560023e+07,9.313226e-10,6.454431e-14,0.000000e+00,0.000000e+00,0.000000e+00,0.000000e+00,3.465416e+06,2.786418e+07,-1.598469e+06,9.737456e+05,1.083011e+04,0.000000e+00,-1.641568e+00,2.503111e+02,1.094568e+03,-8.263326e+02,2.963742e+05,8.566661e+00,0.000000e+00,-2.788140e-03,4.470494e+07,3.245769e+09,-3.262046e+07,1.728000e+05,2.162158e+05,0.000000e+00,-1.887758e+02,-1.741044e+06
2.858023e-01,6.012721e+07,3.261885e+09,6.218009e-11,-1.071226e+00,-3.421976e+07,1.442920e+06,1.233232e-02,1.751555e+07,0.000000e+00,0.000000e+00,9.841639e+05,0.000000e+00,9.841639e+05,0.000000e+00,0.000000e+00,3.517480e+07,9.313226e-10,6.454431e-14,0.000000e+00,0.000000e+00,0.000000e+00,0.000000e+00,3.482119e+06,2.965801e+07,-1.666486e+06,9.737456e+05,1.430123e+04,0.000000e+00,-1.711418e+00,1.131065e+03,2.126520e+03,-9.578742e+02,2.963742e+05,3.034985e+01,0.000000e+00,-3.231976e-03,5.664396e+07,3.235202e+09,-3.255231e+07,1.728000e+05,2.998732e+05,0.000000e+00,-1.883814e+02,-1.763225e+06
2.981346e-01,6.841697e+07,3.255855e+09,-4.727723e-11,-1.598799e+01,-3.421977e+07,1.442920e+06,1.295861e-02,1.494155e+07,0.000000e+00,0.000000e+00,5.687414e+05,0.000000e+00,5.687414e+05,0.000000e+00,0.000000e+00,4.446482e+07,9.313226e-10,6.454431e-14,0.000000e+00,0.000000e+00,0.000000e+00,0.000000e+00,3.040346e+06,3.104373e+07,-1.689090e+06,9.737456e+05,2.007428e+04,0.000000e+00,-1.734631e+00,3.295300e+03,2.482096e+03,-1.181860e+03,2.963742e+05,8.237013e+01,0.000000e+00,-3.987729e-03,6.537332e+07,3.229594e+09,-3.252949e+07,1.728000e+05,4.279302e+05,0.000000e+00,-1.882493e+02,-1.778308e+06
3.110932e-01,8.191140e+07,3.241857e+09,7.955278e-11,-1.250510e+02,-3.421983e+07,1.442920e+06,1.278056e-02,1.500212e+07,0.000000e+00,0.000000e+00,8.786143e+05,0.000000e+00,8.786143e+05,0.000000e+00,0.000000e+00,5.346282e+07,9.313226e-10,6.454431e-14,0.000000e+00,0.000000e+00,0.000000e+00,0.000000e+00,3.377543e+06,3.105399e+07,-1.704246e+06,9.737456e+05,2.615673e+04,0.000000e+00,-1.750196e+00,5.448405e+03,2.050841e+03,-1.551398e+03,2.963742e+05,1.558772e+02,0.000000e+00,-5.234593e-03,7.852841e+07,3.220870e+09,-3.251398e+07,1.728000e+05,5.952271e+05,0.000000e+00,-1.881596e+02,-1.800891e+06
3.238738e-01,9.721695e+07,3.224049e+09,8.736795e-12,-5.965810e+02,-3.422000e+07,1.442920e+06,1.251992e-02,1.712932e+07,0.000000e+00,0.000000e+00,1.726003e+06,0.000000e+00,1.726003e+06,0.000000e+00,0.000000e+00,6.215353e+07,9.313226e-10,6.454431e-14,0.000000e+00,0.000000e+00,0.000000e+00,0.000000e+00,3.395170e+06,3.034335e+07,-1.726794e+06,9.737456e+05,3.460363e+04,0.000000e+00,-1.773352e+00,7.658856e+03,3.262132e+03,-2.081554e+03,2.963742e+05,2.603824e+02,0.000000e+00,-7.023401e-03,9.381413e+07,3.203000e+09,-3.249100e+07,1.728000e+05,7.434272e+05,0.000000e+00,-1.880266e+02,-1.835346e+06
3.363937e-01,1.066924e+08,3.212637e+09,1.614207e-11,-2.016083e+03,-3.422028e+07,1.442920e+06,1.236883e-02,1.790134e+07,0.000000e+00,0.000000e+00,2.696296e+06,0.000000e+00,2.696296e+06,0.000000e+00,0.000000e+00,7.049938e+07,9.313226e-10,6.454431e-14,0.000000e+00,0.000000e+00,0.000000e+00,0.000000e+00,3.006292e+06,3.143645e+07,-1.759776e+06,9.737456e+05,4.332009e+04,0.000000e+00,-1.807224e+00,1.157470e+04,6.859165e+03,-3.208021e+03,2.963742e+05,3.872201e+02,0.000000e+00,-1.082423e-02,1.036745e+08,3.185729e+09,-3.245713e+07,1.728000e+05,8.836202e+05,0.000000e+00,-1.878306e+02,-1.877987e+06
3.487625e-01,1.151869e+08,3.206255e+09,-4.147793e-07,-5.289945e+03,-3.422053e+07,1.442920e+06,1.166346e-02,1.509512e+07,0.000000e+00,0.000000e+00,3.316260e+06,0.000000e+00,3.316260e+06,0.000000e+00,0.000000e+00,7.886577e+07,9.313226e-10,6.454431e-14,0.000000e+00,0.000000e+00,0.000000e+00,0.000000e+00,3.150210e+06,3.367339e+07,-1.799824e+06,9.737456e+05,5.092804e+04,0.000000e+00,-1.848352e+00,1.610570e+04,1.053882e+04,-5.445094e+03,2.963742e+05,5.422148e+02,0.000000e+00,-1.837237e-02,1.120206e+08,3.176150e+09,-3.241518e+07,1.728000e+05,9.961281e+05,0.000000e+00,-1.875879e+02,-1.924195e+06
3.604260e-01,1.267480e+08,3.197434e+09,-3.956740e-06,-1.098450e+04,-3.422044e+07,1.442920e+06,1.159503e-02,1.236720e+07,0.000000e+00,0.000000e+00,3.563435e+06,0.000000e+00,3.563435e+06,0.000000e+00,0.000000e+00,8.705822e+07,9.313226e-10,6.454431e-14,0.000000e+00,0.000000e+00,0.000000e+00,0.000000e+00,4.140267e+06,3.490924e+07,-1.841574e+06,9.737456e+05,5.921279e+04,0.000000e+00,-1.891227e+00,1.825898e+04,1.449341e+04,-8.467247e+03,2.963742e+05,7.183560e+02,0.000000e+00,-2.856945e-02,1.225894e+08,3.168710e+09,-3.237057e+07,1.728000e+05,1.099787e+06,0.000000e+00,-1.873297e+02,-1.969871e+06
3.720210e-01,1.405578e+08,3.183510e+09,-1.840134e-05,-1.969120e+04,-3.421985e+07,1.442920e+06,1.154168e-02,1.221137e+07,0.000000e+00,0.000000e+00,3.765602e+06,0.000000e+00,3.765602e+06,0.000000e+00,0.000000e+00,9.541802e+07,9.313226e-10,6.454431e-14,0.000000e+00,0.000000e+00,0.000000e+00,0.000000e+00,5.206078e+06,3.515964e+07,-1.882420e+06,9.737456e+05,6.949666e+04,0.000000e+00,-1.933174e+00,1.913902e+04,2.035931e+04,-1.149158e+04,2.963742e+05,8.989021e+02,0.000000e+00,-3.877391e-02,1.353326e+08,3.156860e+09,-3.232636e+07,1.728000e+05,1.254549e+06,0.000000e+00,-1.870738e+02,-2.015976e+06
3.835627e-01,1.523071e+08,3.168256e+09,-5.156623e-05,-3.123961e+04,-3.421906e+07,1.442920e+06,1.143035e-02,1.431933e+07,0.000000e+00,0.000000e+00,4.315499e+06,0.000000e+00,4.315499e+06,0.000000e+00,0.000000e+00,1.037183e+08,9.313226e-10,6.454431e-14,0.000000e+00,0.000000e+00,0.000000e+00,0.000000e+00,5.805504e+06,3.566076e+07,-1.924563e+06,9.737456e+05,7.954024e+04,0.000000e+00,-1.976454e+00,2.143187e+04,2.772528e+04,-1.437372e+04,2.963742e+05,1.081978e+03,0.000000e+00,-4.849856e-02,1.464802e+08,3.140666e+09,-3.228050e+07,1.728000e+05,1.435798e+06,0.000000e+00,-1.868084e+02,-2.068245e+06
3.949931e-01,1.603684e+08,3.155078e+09,-8.505637e-05,-4.468536e+04,-3.421884e+07,1.442920e+06,1.127102e-02,1.705885e+07,0.000000e+00,0.000000e+00,5.524636e+06,0.000000e+00,5.524636e+06,0.000000e+00,0.000000e+00,1.118237e+08,9.313226e-10,6.454431e-14,0.000000e+00,0.000000e+00,0.000000e+00,0.000000e+00,5.842662e+06,3.716543e+07,-1.972437e+06,9.737456e+05,8.672802e+04,0.000000e+00,-2.025619e+00,2.807243e+04,3.606172e+04,-1.764686e+04,2.963742e+05,1.321004e+03,0.000000e+00,-5.954249e-02,1.544976e+08,3.124472e+09,-3.222860e+07,1.728000e+05,1.590534e+06,0.000000e+00,-1.865081e+02,-2.131800e+06
4.062641e-01,1.686451e+08,3.143579e+09,-3.396428e-05,-5.861472e+04,-3.421996e+07,1.442920e+06,1.111940e-02,1.805886e+07,0.000000e+00,0.000000e+00,7.279041e+06,0.000000e+00,7.279041e+06,0.000000e+00,0.000000e+00,1.198304e+08,9.313226e-10,6.454431e-14,0.000000e+00,0.000000e+00,0.000000e+00,0.000000e+00,5.803368e+06,3.921675e+07,-2.031360e+06,9.737456e+05,9.307952e+04,0.000000e+00,-2.086130e+00,3.917631e+04,4.660773e+04,-2.183643e+04,2.963742e+05,1.574858e+03,0.000000e+00,-7.367861e-02,1.628026e+08,3.110252e+09,-3.216579e+07,1.728000e+05,1.722361e+06,0.000000e+00,-1.861446e+02,-2.207960e+06
4.173835e-01,1.795053e+08,3.132418e+09,2.572096e-04,-7.154212e+04,-3.422245e+07,1.442920e+06,1.105433e-02,1.696919e+07,0.000000e+00,0.000000e+00,8.694438e+06,0.000000e+00,8.694438e+06,0.000000e+00,0.000000e+00,1.280649e+08,9.313226e-10,6.454431e-14,0.000000e+00,0.000000e+00,0.000000e+00,0.000000e+00,6.096480e+06,4.136498e+07,-2.103531e+06,9.737456e+05,9.995275e+04,0.000000e+00,-2.160247e+00,5.342886e+04,6.174631e+04,-2.670821e+04,2.963742e+05,1.799097e+03,0.000000e+00,-9.011655e-02,1.733554e+08,3.096928e+09,-3.209068e+07,1.728000e+05,1.876070e+06,0.000000e+00,-1.857099e+02,-2.291309e+06
4.284378e-01,1.921379e+08,3.121223e+09,9.220441e-04,-8.206996e+04,-3.422533e+07,1.442920e+06,1.112374e-02,1.523850e+07,0.000000e+00,0.000000e+00,8.755110e+06,0.000000e+00,8.755110e+06,0.000000e+00,0.000000e+00,1.369265e+08,9.313226e-10,6.454431e-14,0.000000e+00,0.000000e+00,0.000000e+00,0.000000e+00,6.842298e+06,4.370093e+07,-2.184326e+06,9.737456e+05,1.066000e+05,0.000000e+00,-2.243221e+00,7.339637e+04,8.143743e+04,-3.150721e+04,2.963742e+05,2.167983e+03,0.000000e+00,-1.063089e-01,1.852222e+08,3.083497e+09,-3.200813e+07,1.728000e+05,2.073599e+06,0.000000e+00,-1.852323e+02,-2.372231e+06
4.395615e-01,2.052237e+08,3.109758e+09,1.858843e-03,-8.873622e+04,-3.422706e+07,1.442920e+06,1.119899e-02,1.434286e+07,0.000000e+00,0.000000e+00,7.552054e+06,0.000000e+00,7.552054e+06,0.000000e+00,0.000000e+00,1.464739e+08,9.313226e-10,6.454431e-14,0.000000e+00,0.000000e+00,0.000000e+00,0.000000e+00,7.575958e+06,4.641714e+07,-2.263898e+06,9.737456e+05,1.127376e+05,0.000000e+00,-2.324939e+00,1.001862e+05,1.018523e+05,-3.559922e+04,2.963742e+05,2.758958e+03,0.000000e+00,-1.201158e-01,1.975476e+08,3.069602e+09,-3.192720e+07,1.728000e+05,2.284923e+06,0.000000e+00,-1.847639e+02,-2.443749e+06
4.507605e-01,2.183557e+08,3.097205e+09,2.433259e-03,-8.987220e+04,-3.422644e+07,1.442920e+06,1.199117e-02,1.506262e+07,0.000000e+00,0.000000e+00,6.096968e+06,0.000000e+00,6.096968e+06,0.000000e+00,0.000000e+00,1.563230e+08,9.313226e-10,6.454431e-14,0.000000e+00,0.000000e+00,0.000000e+00,0.000000e+00,8.210292e+06,4.933153e+07,-2.333734e+06,9.737456e+05,1.194007e+05,0.000000e+00,-2.396657e+00,1.289709e+05,1.187832e+05,-3.849242e+04,2.963742e+05,3.255776e+03,0.000000e+00,-1.298778e-01,2.100164e+08,3.054858e+09,-3.185521e+07,1.728000e+05,2.466001e+06,0.000000e+00,-1.843473e+02,-2.504659e+06
4.627517e-01,2.332528e+08,3.082163e+09,1.214532e-03,-8.338767e+04,-3.422319e+07,1.442920e+06,1.207097e-02,1.668920e+07,0.000000e+00,0.000000e+00,5.200571e+06,0.000000e+00,5.200571e+06,0.000000e+00,0.000000e+00,1.666789e+08,9.313226e-10,6.454431e-14,0.000000e+00,0.000000e+00,0.000000e+00,0.000000e+00,9.390969e+06,5.157358e+07,-2.393773e+06,9.737456e+05,1.272137e+05,0.000000e+00,-2.458314e+00,1.555040e+05,1.309353e+05,-3.967104e+04,2.963742e+05,3.569245e+03,0.000000e+00,-1.338546e-01,2.237063e+08,3.038724e+09,-3.179194e+07,1.728000e+05,2.621255e+06,0.000000e+00,-1.839811e+02,-2.560584e+06
4.748227e-01,2.479721e+08,3.066478e+09,-3.555513e-03,-6.818391e+04,-3.421858e+07,1.442920e+06,1.202285e-02,1.842581e+07,0.000000e+00,0.000000e+00,5.276640e+06,0.000000e+00,5.276640e+06,0.000000e+00,0.000000e+00,1.765814e+08,9.313226e-10,6.454431e-14,0.000000e+00,0.000000e+00,0.000000e+00,0.000000e+00,1.068516e+07,5.243042e+07,-2.448836e+06,9.737456e+05,1.341606e+05,0.000000e+00,-2.514862e+00,1.738452e+05,1.363524e+05,-3.824901e+04,2.963742e+05,4.210517e+03,0.000000e+00,-1.290565e-01,2.371131e+08,3.022067e+09,-3.173391e+07,1.728000e+05,2.768377e+06,0.000000e+00,-1.836453e+02,-2.619188e+06
4.868455e-01,2.600423e+08,3.051634e+09,-1.235696e-02,-4.518844e+04,-3.421392e+07,1.442920e+06,1.188128e-02,2.003476e+07,0.000000e+00,0.000000e+00,6.319962e+06,0.000000e+00,6.319962e+06,0.000000e+00,0.000000e+00,1.860582e+08,9.313226e-10,6.454431e-14,0.000000e+00,0.000000e+00,0.000000e+00,0.000000e+00,1.169617e+07,5.295140e+07,-2.506448e+06,9.737456e+05,1.422779e+05,0.000000e+00,-2.574028e+00,1.854363e+05,1.353366e+05,-3.450571e+04,2.963742e+05,5.214241e+03,0.000000e+00,-1.164262e-01,2.481607e+08,3.006142e+09,-3.167523e+07,1.728000e+05,2.935228e+06,0.000000e+00,-1.833057e+02,-2.686520e+06
4.987268e-01,2.705421e+08,3.037732e+09,-2.320237e-02,-1.696608e+04,-3.420898e+07,1.442920e+06,1.103085e-02,2.085591e+07,0.000000e+00,0.000000e+00,8.100648e+06,0.000000e+00,8.100648e+06,0.000000e+00,0.000000e+00,1.953315e+08,9.313226e-10,6.454431e-14,0.000000e+00,0.000000e+00,0.000000e+00,0.000000e+00,1.237673e+07,5.457728e+07,-2.573346e+06,9.737456e+05,1.512136e+05,0.000000e+00,-2.642729e+00,1.952088e+05,1.295451e+05,-2.992241e+04,2.963742e+05,5.842578e+03,0.000000e+00,-1.009616e-01,2.579702e+08,2.990325e+09,-3.160842e+07,1.728000e+05,3.103865e+06,0.000000e+00,-1.829191e+02,-2.765984e+06
5.097576e-01,2.801470e+08,3.025057e+09,-3.186350e-02,1.152663e+04,-3.420268e+07,1.442920e+06,1.090072e-02,2.142948e+07,0.000000e+00,0.000000e+00,9.724543e+06,0.000000e+00,9.724543e+06,0.000000e+00,0.000000e+00,2.042179e+08,9.313226e-10,6.454431e-14,0.000000e+00,0.000000e+00,0.000000e+00,0.000000e+00,1.287693e+07,5.737841e+07,-2.648184e+06,9.737456e+05,1.594670e+05,0.000000e+00,-2.719585e+00,2.026031e+05,1.240715e+05,-2.601265e+04,2.963742e+05,6.192219e+03,0.000000e+00,-8.776962e-02,2.670675e+08,2.974249e+09,-3.153226e+07,1.728000e+05,3.235864e+06,0.000000e+00,-1.824783e+02,-2.852197e+06
5.206584e-01,2.903762e+08,3.012780e+09,-3.598114e-02,3.932348e+04,-3.419358e+07,1.442920e+06,1.087182e-02,2.205229e+07,0.000000e+00,0.000000e+00,1.036495e+07,0.000000e+00,1.036495e+07,0.000000e+00,0.000000e+00,2.138735e+08,9.313226e-10,6.454431e-14,0.000000e+00,0.000000e+00,0.000000e+00,0.000000e+00,1.348996e+07,6.049390e+07,-2.726216e+06,9.737456e+05,1.696210e+05,0.000000e+00,-2.799721e+00,2.056613e+05,1.229072e+05,-2.300204e+04,2.963742e+05,6.872549e+03,0.000000e+00,-7.761149e-02,2.766805e+08,2.958553e+09,-3.144974e+07,1.728000e+05,3.356296e+06,0.000000e+00,-1.820008e+02,-2.937130e+06
5.315302e-01,3.025185e+08,3.000887e+09,-3.479384e-02,6.456724e+04,-3.418142e+07,1.442920e+06,1.156998e-02,2.198633e+07,0.000000e+00,0.000000e+00,9.653639e+06,0.000000e+00,9.653639e+06,0.000000e+00,0.000000e+00,2.244294e+08,9.313226e-10,6.454431e-14,0.000000e+00,0.000000e+00,0.000000e+00,0.000000e+00,1.425922e+07,6.331608e+07,-2.801873e+06,9.737456e+05,1.801454e+05,0.000000e+00,-2.877418e+00,2.042145e+05,1.275213e+05,-2.093505e+04,2.963742e+05,7.737137e+03,0.000000e+00,-7.063723e-02,2.880551e+08,2.943595e+09,-3.136542e+07,1.728000e+05,3.482331e+06,0.000000e+00,-1.815128e+02,-3.016340e+06
5.431002e-01,3.166960e+08,2.988374e+09,-3.011860e-02,8.678149e+04,-3.416592e+07,1.442920e+06,1.155164e-02,2.161420e+07,0.000000e+00,0.000000e+00,7.917222e+06,0.000000e+00,7.917222e+06,0.000000e+00,0.000000e+00,2.363141e+08,9.313226e-10,6.454431e-14,0.000000e+00,0.000000e+00,0.000000e+00,0.000000e+00,1.531266e+07,6.585276e+07,-2.869646e+06,9.737456e+05,1.882337e+05,0.000000e+00,-2.947018e+00,2.027166e+05,1.401833e+05,-2.076041e+04,2.963742e+05,8.330840e+03,0.000000e+00,-7.004797e-02,3.011806e+08,2.928990e+09,-3.128377e+07,1.728000e+05,3.626511e+06,0.000000e+00,-1.810404e+02,-3.087116e+06
5.546518e-01,3.311977e+08,2.975467e+09,-2.649431e-02,1.027426e+05,-3.414884e+07,1.442920e+06,1.141393e-02,2.166887e+07,0.000000e+00,0.000000e+00,6.128571e+06,0.000000e+00,6.128571e+06,0.000000e+00,0.000000e+00,2.482953e+08,9.313226e-10,6.454431e-14,0.000000e+00,0.000000e+00,0.000000e+00,0.000000e+00,1.653170e+07,6.821623e+07,-2.922372e+06,9.737456e+05,1.961676e+05,0.000000e+00,-3.001166e+00,2.077842e+05,1.598287e+05,-2.443668e+04,2.963742e+05,8.761959e+03,0.000000e+00,-8.245213e-02,3.144582e+08,2.914087e+09,-3.121085e+07,1.728000e+05,3.777656e+06,0.000000e+00,-1.806184e+02,-3.148212e+06
5.660657e-01,3.460577e+08,2.962105e+09,-2.707647e-02,1.117399e+05,-3.413082e+07,1.442920e+06,1.129507e-02,2.171735e+07,0.000000e+00,0.000000e+00,4.950222e+06,0.000000e+00,4.950222e+06,0.000000e+00,0.000000e+00,2.595969e+08,9.313226e-10,6.454431e-14,0.000000e+00,0.000000e+00,0.000000e+00,0.000000e+00,1.786783e+07,7.022714e+07,-2.957508e+06,9.737456e+05,2.087909e+05,0.000000e+00,-3.037250e+00,2.147394e+05,1.814309e+05,-3.244756e+04,2.963742e+05,9.610872e+03,0.000000e+00,-1.094817e-01,3.279751e+08,2.898862e+09,-3.115017e+07,1.728000e+05,3.916048e+06,0.000000e+00,-1.802672e+02,-3.200866e+06
5.773608e-01,3.595010e+08,2.949042e+09,-3.020109e-02,1.144717e+05,-3.411153e+07,1.442920e+06,1.119792e-02,2.226738e+07,0.000000e+00,0.000000e+00,4.547870e+06,0.000000e+00,4.547870e+06,0.000000e+00,0.000000e+00,2.698004e+08,9.313226e-10,6.454431e-14,0.000000e+00,0.000000e+00,0.000000e+00,0.000000e+00,1.921769e+07,7.195509e+07,-2.980530e+06,9.737456e+05,2.211721e+05,0.000000e+00,-3.060892e+00,2.214984e+05,2.019739e+05,-4.297238e+04,2.963742e+05,1.063250e+04,0.000000e+00,-1.449937e-01,3.400618e+08,2.883597e+09,-3.109810e+07,1.728000e+05,4.026759e+06,0.000000e+00,-1.799659e+02,-3.249645e+06
5.885587e-01,3.709047e+08,2.936910e+09,-3.019080e-02,1.128319e+05,-3.409054e+07,1.442920e+06,1.111917e-02,2.305918e+07,0.000000e+00,0.000000e+00,4.858610e+06,0.000000e+00,4.858610e+06,0.000000e+00,0.000000e+00,2.789654e+08,9.313226e-10,6.454431e-14,0.000000e+00,0.000000e+00,0.000000e+00,0.000000e+00,2.053512e+07,7.375269e+07,-2.998280e+06,9.737456e+05,2.298047e+05,0.000000e+00,-3.079121e+00,2.353548e+05,2.233177e+05,-5.347519e+04,2.963742e+05,1.123500e+04,0.000000e+00,-1.804314e-01,3.501343e+08,2.869092e+09,-3.104979e+07,1.728000e+05,4.132849e+06,0.000000e+00,-1.796863e+02,-3.299948e+06
5.996779e-01,3.820279e+08,2.925233e+09,-2.171882e-02,1.095960e+05,-3.406777e+07,1.442920e+06,1.105148e-02,2.288039e+07,0.000000e+00,0.000000e+00,5.703581e+06,0.000000e+00,5.703581e+06,0.000000e+00,0.000000e+00,2.874212e+08,9.313226e-10,6.454431e-14,0.000000e+00,0.000000e+00,0.000000e+00,0.000000e+00,2.195195e+07,7.566159e+07,-3.017062e+06,9.737456e+05,2.390037e+05,0.000000e+00,-3.098409e+00,2.550275e+05,2.482623e+05,-6.267430e+04,2.963742e+05,1.164132e+04,0.000000e+00,-2.114702e-01,3.598210e+08,2.855447e+09,-3.099988e+07,1.728000e+05,4.254946e+06,0.000000e+00,-1.793974e+02,-3.356008e+06
6.107294e-01,3.927338e+08,2.913305e+09,-4.562625e-03,1.077598e+05,-3.404355e+07,1.442920e+06,1.098712e-02,2.265010e+07,0.000000e+00,0.000000e+00,6.753265e+06,0.000000e+00,6.753265e+06,0.000000e+00,0.000000e+00,2.954916e+08,9.313226e-10,6.454431e-14,0.000000e+00,0.000000e+00,0.000000e+00,0.000000e+00,2.340030e+07,7.742755e+07,-3.041376e+06,9.737456e+05,2.500086e+05,0.000000e+00,-3.123379e+00,2.721036e+05,2.768001e+05,-7.042737e+04,2.963742e+05,1.245116e+04,0.000000e+00,-2.376299e-01,3.690614e+08,2.841998e+09,-3.094419e+07,1.728000e+05,4.377897e+06,0.000000e+00,-1.790751e+02,-3.418907e+06
6.217165e-01,4.028981e+08,2.901078e+09,1.522537e-02,1.098021e+05,-3.401848e+07,1.442920e+06,1.092101e-02,2.327578e+07,0.000000e+00,0.000000e+00,7.606432e+06,0.000000e+00,7.606432e+06,0.000000e+00,0.000000e+00,3.035222e+08,9.313226e-10,6.454431e-14,0.000000e+00,0.000000e+00,0.000000e+00,0.000000e+00,2.484563e+07,7.890845e+07,-3.073270e+06,9.737456e+05,2.589095e+05,0.000000e+00,-3.156133e+00,2.858849e+05,3.039625e+05,-7.624655e+04,2.963742e+05,1.353316e+04,0.000000e+00,-2.572645e-01,3.777666e+08,2.828339e+09,-3.088166e+07,1.728000e+05,4.481336e+06,0.000000e+00,-1.787133e+02,-3.486296e+06
6.326375e-01,4.135117e+08,2.889042e+09,2.928704e-02,1.171913e+05,-3.399333e+07,1.442920e+06,1.085163e-02,2.406160e+07,0.000000e+00,0.000000e+00,7.979331e+06,0.000000e+00,7.979331e+06,0.000000e+00,0.000000e+00,3.118281e+08,9.313226e-10,6.454431e-14,0.000000e+00,0.000000e+00,0.000000e+00,0.000000e+00,2.635208e+07,8.049053e+07,-3.112316e+06,9.737456e+05,2.654908e+05,0.000000e+00,-3.196231e+00,3.025447e+05,3.237283e+05,-7.887414e+04,2.963742e+05,1.433068e+04,0.000000e+00,-2.661303e-01,3.868571e+08,2.814407e+09,-3.081467e+07,1.728000e+05,4.566326e+06,0.000000e+00,-1.783257e+02,-3.554996e+06
6.434891e-01,4.244442e+08,2.877718e+09,3.340453e-02,1.302916e+05,-3.396896e+07,1.442920e+06,1.077975e-02,2.444075e+07,0.000000e+00,0.000000e+00,7.867681e+06,0.000000e+00,7.867681e+06,0.000000e+00,0.000000e+00,3.204438e+08,9.313226e-10,6.454431e-14,0.000000e+00,0.000000e+00,0.000000e+00,0.000000e+00,2.808558e+07,8.272149e+07,-3.156760e+06,9.737456e+05,2.735434e+05,0.000000e+00,-3.241873e+00,3.171816e+05,3.352163e+05,-7.772093e+04,2.963742e+05,1.485556e+04,0.000000e+00,-2.622392e-01,3.960415e+08,2.800332e+09,-3.074640e+07,1.728000e+05,4.656958e+06,0.000000e+00,-1.779305e+02,-3.622266e+06
6.542689e-01,4.354392e+08,2.867137e+09,3.127804e-02,1.485995e+05,-3.394616e+07,1.442920e+06,1.070659e-02,2.409652e+07,0.000000e+00,0.000000e+00,7.523539e+06,0.000000e+00,7.523539e+06,0.000000e+00,0.000000e+00,3.291411e+08,9.313226e-10,6.454431e-14,0.000000e+00,0.000000e+00,0.000000e+00,0.000000e+00,3.000449e+07,8.560454e+07,-3.203350e+06,9.737456e+05,2.832224e+05,0.000000e+00,-3.289720e+00,3.259024e+05,3.417697e+05,-7.421930e+04,2.963742e+05,1.555678e+04,0.000000e+00,-2.504243e-01,4.051088e+08,2.786570e+09,-3.067956e+07,1.728000e+05,4.773698e+06,0.000000e+00,-1.775438e+02,-3.686957e+06
6.649755e-01,4.465761e+08,2.856668e+09,3.227757e-02,1.711342e+05,-3.392521e+07,1.442920e+06,1.063257e-02,2.336943e+07,0.000000e+00,0.000000e+00,7.263538e+06,0.000000e+00,7.263538e+06,0.000000e+00,0.000000e+00,3.376558e+08,9.313226e-10,6.454431e-14,0.000000e+00,0.000000e+00,0.000000e+00,0.000000e+00,3.194824e+07,8.845932e+07,-3.248880e+06,9.737456e+05,2.915606e+05,0.000000e+00,-3.336478e+00,3.446912e+05,3.429253e+05,-7.107045e+04,2.963742e+05,1.644464e+04,0.000000e+00,-2.397998e-01,4.142831e+08,2.773428e+09,-3.061531e+07,1.728000e+05,4.907016e+06,0.000000e+00,-1.771719e+02,-3.749786e+06
6.756080e-01,4.573442e+08,2.845546e+09,4.455055e-02,1.968274e+05,-3.390578e+07,1.442920e+06,1.055754e-02,2.347395e+07,0.000000e+00,0.000000e+00,7.287716e+06,0.000000e+00,7.287716e+06,0.000000e+00,0.000000e+00,3.458991e+08,9.313226e-10,6.454431e-14,0.000000e+00,0.000000e+00,0.000000e+00,0.000000e+00,3.393829e+07,9.043506e+07,-3.292429e+06,9.737456e+05,2.985239e+05,0.000000e+00,-3.381201e+00,3.762615e+05,3.366136e+05,-6.989220e+04,2.963742e+05,1.719268e+04,0.000000e+00,-2.358242e-01,4.230297e+08,2.760821e+09,-3.055291e+07,1.728000e+05,5.033978e+06,0.000000e+00,-1.768108e+02,-3.814207e+06
6.861656e-01,4.676607e+08,2.833645e+09,6.859653e-02,2.248101e+05,-3.388715e+07,1.442920e+06,1.048031e-02,2.464675e+07,0.000000e+00,0.000000e+00,7.739340e+06,0.000000e+00,7.739340e+06,0.000000e+00,0.000000e+00,3.537784e+08,9.313226e-10,6.454431e-14,0.000000e+00,0.000000e+00,0.000000e+00,0.000000e+00,3.589714e+07,9.165062e+07,-3.337505e+06,9.737456e+05,3.063314e+05,0.000000e+00,-3.427491e+00,4.032381e+05,3.288816e+05,-6.995400e+04,2.963742e+05,1.785039e+04,0.000000e+00,-2.360327e-01,4.313603e+08,2.748008e+09,-3.048894e+07,1.728000e+05,5.138648e+06,0.000000e+00,-1.764406e+02,-3.884102e+06
6.966459e-01,4.779342e+08,2.821601e+09,9.610306e-02,2.545261e+05,-3.386878e+07,1.442920e+06,1.039959e-02,2.601163e+07,0.000000e+00,0.000000e+00,8.513026e+06,0.000000e+00,8.513026e+06,0.000000e+00,0.000000e+00,3.613818e+08,9.313226e-10,6.454431e-14,0.000000e+00,0.000000e+00,0.000000e+00,0.000000e+00,3.789765e+07,9.325214e+07,-3.389083e+06,9.737456e+05,3.148748e+05,0.000000e+00,-3.480461e+00,4.203893e+05,3.274115e+05,-6.935249e+04,2.963742e+05,1.857372e+04,0.000000e+00,-2.340032e-01,4.396161e+08,2.734198e+09,-3.041954e+07,1.728000e+05,5.219378e+06,0.000000e+00,-1.760390e+02,-3.959975e+06
7.070455e-01,4.878921e+08,2.810131e+09,1.148280e-01,2.856513e+05,-3.385056e+07,1.442920e+06,1.031610e-02,2.710164e+07,0.000000e+00,0.000000e+00,9.286046e+06,0.000000e+00,9.286046e+06,0.000000e+00,0.000000e+00,3.689275e+08,9.313226e-10,6.454431e-14,0.000000e+00,0.000000e+00,0.000000e+00,0.000000e+00,4.005777e+07,9.604386e+07,-3.448208e+06,9.737456e+05,3.225950e+05,0.000000e+00,-3.541180e+00,4.319879e+05,3.330954e+05,-6.719043e+04,2.963742e+05,1.925143e+04,0.000000e+00,-2.267081e-01,4.474023e+08,2.719507e+09,-3.034424e+07,1.728000e+05,5.296288e+06,0.000000e+00,-1.756032e+02,-4.040680e+06
7.173616e-01,4.974565e+08,2.799394e+09,1.171568e-01,3.178082e+05,-3.383272e+07,1.442920e+06,1.023028e-02,2.777007e+07,0.000000e+00,0.000000e+00,9.757056e+06,0.000000e+00,9.757056e+06,0.000000e+00,0.000000e+00,3.766150e+08,9.313226e-10,6.454431e-14,0.000000e+00,0.000000e+00,0.000000e+00,0.000000e+00,4.223125e+07,9.985024e+07,-3.513019e+06,9.737456e+05,3.306171e+05,0.000000e+00,-3.607738e+00,4.407698e+05,3.422148e+05,-6.436138e+04,2.963742e+05,1.989242e+04,0.000000e+00,-2.171626e-01,4.547845e+08,2.704631e+09,-3.026417e+07,1.728000e+05,5.391270e+06,0.000000e+00,-1.751399e+02,-4.123525e+06
7.275919e-01,5.070896e+08,2.789012e+09,1.015417e-01,3.505643e+05,-3.381531e+07,1.442920e+06,1.014094e-02,2.811167e+07,0.000000e+00,0.000000e+00,9.786098e+06,0.000000e+00,9.786098e+06,0.000000e+00,0.000000e+00,3.845525e+08,9.313226e-10,6.454431e-14,0.000000e+00,0.000000e+00,0.000000e+00,0.000000e+00,4.446805e+07,1.036315e+08,-3.579483e+06,9.737456e+05,3.404214e+05,0.000000e+00,-3.675994e+00,4.452204e+05,3.541094e+05,-6.247677e+04,2.963742e+05,2.063064e+04,0.000000e+00,-2.108037e-01,4.621764e+08,2.690392e+09,-3.018200e+07,1.728000e+05,5.498436e+06,0.000000e+00,-1.746644e+02,-4.205256e+06
7.377328e-01,5.167608e+08,2.778553e+09,7.317030e-02,3.834101e+05,-3.379800e+07,1.442920e+06,1.004637e-02,2.870201e+07,0.000000e+00,0.000000e+00,9.457492e+06,0.000000e+00,9.457492e+06,0.000000e+00,0.000000e+00,3.927303e+08,9.313226e-10,6.454431e-14,0.000000e+00,0.000000e+00,0.000000e+00,0.000000e+00,4.690017e+07,1.064802e+08,-3.643385e+06,9.737456e+05,3.499484e+05,0.000000e+00,-3.741619e+00,4.433198e+05,3.709184e+05,-6.238073e+04,2.963742e+05,2.140978e+04,0.000000e+00,-2.104797e-01,4.694173e+08,2.677162e+09,-3.010097e+07,1.728000e+05,5.596492e+06,0.000000e+00,-1.741954e+02,-4.283657e+06
7.477792e-01,5.265687e+08,2.768039e+09,4.099576e-02,4.158709e+05,-3.378036e+07,1.442920e+06,9.947199e-03,2.948694e+07,0.000000e+00,0.000000e+00,9.040852e+06,0.000000e+00,9.040852e+06,0.000000e+00,0.000000e+00,4.010446e+08,9.313226e-10,6.454431e-14,0.000000e+00,0.000000e+00,0.000000e+00,0.000000e+00,4.943273e+07,1.084903e+08,-3.702159e+06,9.737456e+05,3.573072e+05,0.000000e+00,-3.801978e+00,4.420747e+05,3.908522e+05,-6.391503e+04,2.963742e+05,2.209406e+04,0.000000e+00,-2.156566e-01,4.766939e+08,2.664564e+09,-3.002327e+07,1.728000e+05,5.678801e+06,0.000000e+00,-1.737458e+02,-4.357608e+06
7.577264e-01,5.367869e+08,2.757783e+09,1.099224e-02,4.477908e+05,-3.376242e+07,1.442920e+06,9.847437e-03,2.985983e+07,0.000000e+00,0.000000e+00,8.681658e+06,0.000000e+00,8.681658e+06,0.000000e+00,0.000000e+00,4.093851e+08,9.313226e-10,6.454431e-14,0.000000e+00,0.000000e+00,0.000000e+00,0.000000e+00,5.201687e+07,1.104563e+08,-3.754594e+06,9.737456e+05,3.640178e+05,0.000000e+00,-3.855827e+00,4.468084e+05,4.122756e+05,-6.683870e+04,2.963742e+05,2.264947e+04,0.000000e+00,-2.255214e-01,4.843232e+08,2.652131e+09,-2.995003e+07,1.728000e+05,5.755124e+06,0.000000e+00,-1.733220e+02,-4.427272e+06
7.675738e-01,5.467706e+08,2.747862e+09,-1.429956e-02,4.793735e+05,-3.374490e+07,1.442920e+06,9.752854e-03,3.005489e+07,0.000000e+00,0.000000e+00,8.466238e+06,0.000000e+00,8.466238e+06,0.000000e+00,0.000000e+00,4.176447e+08,9.313226e-10,6.454431e-14,0.000000e+00,0.000000e+00,0.000000e+00,0.000000e+00,5.467214e+07,1.128035e+08,-3.800839e+06,9.737456e+05,3.719862e+05,0.000000e+00,-3.903318e+00,4.550150e+05,4.377909e+05,-7.156099e+04,2.963742e+05,2.319857e+04,0.000000e+00,-2.414549e-01,4.916434e+08,2.639709e+09,-2.988106e+07,1.728000e+05,5.835262e+06,0.000000e+00,-1.729228e+02,-4.494221e+06
7.773267e-01,5.559711e+08,2.738036e+09,-3.516424e-02,5.111902e+05,-3.372898e+07,1.442920e+06,9.668401e-03,3.058915e+07,0.000000e+00,0.000000e+00,8.451733e+06,0.000000e+00,8.451733e+06,0.000000e+00,0.000000e+00,4.257099e+08,9.313226e-10,6.454431e-14,0.000000e+00,0.000000e+00,0.000000e+00,0.000000e+00,5.736818e+07,1.153150e+08,-3.842866e+06,9.737456e+05,3.811446e+05,0.000000e+00,-3.946479e+00,4.690796e+05,4.673615e+05,-7.879412e+04,2.963742e+05,2.387027e+04,0.000000e+00,-2.658603e-01,4.981339e+08,2.627375e+09,-2.981477e+07,1.728000e+05,5.920223e+06,0.000000e+00,-1.725392e+02,-4.560533e+06
7.869951e-01,5.648509e+08,2.728102e+09,-5.248672e-02,5.439377e+05,-3.371556e+07,1.442920e+06,9.596120e-03,3.130774e+07,0.000000e+00,0.000000e+00,8.643004e+06,0.000000e+00,8.643004e+06,0.000000e+00,0.000000e+00,4.335156e+08,9.313226e-10,6.454431e-14,0.000000e+00,0.000000e+00,0.000000e+00,0.000000e+00,6.006179e+07,1.175987e+08,-3.883900e+06,9.737456e+05,3.902413e+05,0.000000e+00,-3.988619e+00,4.914636e+05,5.010923e+05,-8.863369e+04,2.963742e+05,2.454490e+04,0.000000e+00,-2.990601e-01,5.042977e+08,2.615177e+09,-2.974907e+07,1.728000e+05,6.002019e+06,0.000000e+00,-1.721589e+02,-4.627299e+06
7.965912e-01,5.736737e+08,2.718136e+09,-6.664272e-02,5.780643e+05,-3.370476e+07,1.442920e+06,9.534474e-03,3.206287e+07,0.000000e+00,0.000000e+00,8.957542e+06,0.000000e+00,8.957542e+06,0.000000e+00,0.000000e+00,4.410989e+08,9.313226e-10,6.454431e-14,0.000000e+00,0.000000e+00,0.000000e+00,0.000000e+00,6.271087e+07,1.195284e+08,-3.926708e+06,9.737456e+05,3.983539e+05,0.000000e+00,-4.032581e+00,5.173252e+05,5.431025e+05,-1.000255e+05,2.963742e+05,2.506798e+04,0.000000e+00,-3.374973e-01,5.104455e+08,2.603179e+09,-2.968284e+07,1.728000e+05,6.072921e+06,0.000000e+00,-1.717757e+02,-4.695104e+06
8.061257e-01,5.822717e+08,2.708381e+09,-7.813574e-02,6.134958e+05,-3.369584e+07,1.442920e+06,9.480068e-03,3.288707e+07,0.000000e+00,0.000000e+00,9.261369e+06,0.000000e+00,9.261369e+06,0.000000e+00,0.000000e+00,4.485310e+08,9.313226e-10,6.454431e-14,0.000000e+00,0.000000e+00,0.000000e+00,0.000000e+00,6.536014e+07,1.213725e+08,-3.973239e+06,9.737456e+05,4.057110e+05,0.000000e+00,-4.080367e+00,5.447955e+05,5.933306e+05,-1.112390e+05,2.963742e+05,2.556937e+04,0.000000e+00,-3.753330e-01,5.163668e+08,2.591340e+09,-2.961550e+07,1.728000e+05,6.135252e+06,0.000000e+00,-1.713860e+02,-4.763812e+06
8.156058e-01,5.909220e+08,2.698987e+09,-8.866104e-02,6.495514e+05,-3.368764e+07,1.442920e+06,9.428723e-03,3.341838e+07,0.000000e+00,0.000000e+00,9.421942e+06,0.000000e+00,9.421942e+06,0.000000e+00,0.000000e+00,4.558158e+08,9.313226e-10,6.454431e-14,0.000000e+00,0.000000e+00,0.000000e+00,0.000000e+00,6.813617e+07,1.234096e+08,-4.023662e+06,9.737456e+05,4.128912e+05,0.000000e+00,-4.132149e+00,5.782271e+05,6.452205e+05,-1.208492e+05,2.963742e+05,2.616997e+04,0.000000e+00,-4.077588e-01,5.222076e+08,2.579678e+09,-2.954721e+07,1.728000e+05,6.197643e+06,0.000000e+00,-1.709908e+02,-4.833739e+06
8.250345e-01,5.998868e+08,2.689779e+09,-1.015428e-01,6.851269e+05,-3.367911e+07,1.442920e+06,9.378510e-03,3.348084e+07,0.000000e+00,0.000000e+00,9.521307e+06,0.000000e+00,9.521307e+06,0.000000e+00,0.000000e+00,4.629536e+08,9.313226e-10,6.454431e-14,0.000000e+00,0.000000e+00,0.000000e+00,0.000000e+00,7.104540e+07,1.256505e+08,-4.077518e+06,9.737456e+05,4.202064e+05,0.000000e+00,-4.187458e+00,6.212616e+05,6.918823e+05,-1.283741e+05,2.963742e+05,2.673251e+04,0.000000e+00,-4.331488e-01,5.282202e+08,2.568207e+09,-2.947767e+07,1.728000e+05,6.263885e+06,0.000000e+00,-1.705884e+02,-4.906464e+06
8.344130e-01,6.088676e+08,2.680488e+09,-1.207137e-01,7.190749e+05,-3.366971e+07,1.442920e+06,9.330414e-03,3.367724e+07,0.000000e+00,0.000000e+00,9.525323e+06,0.000000e+00,9.525323e+06,0.000000e+00,0.000000e+00,4.701002e+08,9.313226e-10,6.454431e-14,0.000000e+00,0.000000e+00,0.000000e+00,0.000000e+00,7.396703e+07,1.278661e+08,-4.135233e+06,9.737456e+05,4.283718e+05,0.000000e+00,-4.246728e+00,6.715800e+05,7.283393e+05,-1.341112e+05,2.963742e+05,2.718687e+04,0.000000e+00,-4.525065e-01,5.342290e+08,2.556756e+09,-2.940534e+07,1.728000e+05,6.331981e+06,0.000000e+00,-1.701698e+02,-4.980098e+06
8.437434e-01,6.177775e+08,2.670988e+09,-1.484342e-01,7.505036e+05,-3.365924e+07,1.442920e+06,9.285817e-03,3.446156e+07,0.000000e+00,0.000000e+00,9.206432e+06,0.000000e+00,9.206432e+06,0.000000e+00,0.000000e+00,4.774081e+08,9.313226e-10,6.454431e-14,0.000000e+00,0.000000e+00,0.000000e+00,0.000000e+00,7.688632e+07,1.297336e+08,-4.194185e+06,9.737456e+05,4.378451e+05,0.000000e+00,-4.307270e+00,7.214065e+05,7.533411e+05,-1.384909e+05,2.963742e+05,2.766294e+04,0.000000e+00,-4.672840e-01,5.401698e+08,2.545454e+09,-2.933209e+07,1.728000e+05,6.401150e+06,0.000000e+00,-1.697459e+02,-5.051179e+06
8.530292e-01,6.269572e+08,2.661226e+09,-1.835163e-01,7.789226e+05,-3.364756e+07,1.442920e+06,9.246424e-03,3.552780e+07,0.000000e+00,0.000000e+00,8.612225e+06,0.000000e+00,8.612225e+06,0.000000e+00,0.000000e+00,4.848367e+08,9.313226e-10,6.454431e-14,0.000000e+00,0.000000e+00,0.000000e+00,0.000000e+00,7.993467e+07,1.312287e+08,-4.250804e+06,9.737456e+05,4.473201e+05,0.000000e+00,-4.365415e+00,7.650072e+05,7.704669e+05,-1.415721e+05,2.963742e+05,2.820167e+04,0.000000e+00,-4.776804e-01,5.462575e+08,2.534281e+09,-2.926136e+07,1.728000e+05,6.469747e+06,0.000000e+00,-1.693366e+02,-5.118828e+06
8.622757e-01,6.361334e+08,2.651423e+09,-2.214164e-01,8.043067e+05,-3.363437e+07,1.442920e+06,9.212007e-03,3.661346e+07,0.000000e+00,0.000000e+00,8.068616e+06,0.000000e+00,8.068616e+06,0.000000e+00,0.000000e+00,4.922094e+08,9.313226e-10,6.454431e-14,0.000000e+00,0.000000e+00,0.000000e+00,0.000000e+00,8.312920e+07,1.325924e+08,-4.304268e+06,9.737456e+05,4.551198e+05,0.000000e+00,-4.420321e+00,8.030321e+05,7.834860e+05,-1.431145e+05,2.963742e+05,2.870208e+04,0.000000e+00,-4.828846e-01,5.522012e+08,2.523022e+09,-2.919402e+07,1.728000e+05,6.532662e+06,0.000000e+00,-1.689469e+02,-5.183360e+06
8.714877e-01,6.444794e+08,2.641983e+09,-2.561698e-01,8.270871e+05,-3.361932e+07,1.442920e+06,9.180592e-03,3.784578e+07,0.000000e+00,0.000000e+00,7.784594e+06,0.000000e+00,7.784594e+06,0.000000e+00,0.000000e+00,4.992847e+08,9.313226e-10,6.454431e-14,0.000000e+00,0.000000e+00,0.000000e+00,0.000000e+00,8.629217e+07,1.341377e+08,-4.354591e+06,9.737456e+05,4.617393e+05,0.000000e+00,-4.472001e+00,8.357958e+05,7.947039e+05,-1.430305e+05,2.963742e+05,2.911963e+04,0.000000e+00,-4.826010e-01,5.573514e+08,2.511791e+09,-2.912974e+07,1.728000e+05,6.588290e+06,0.000000e+00,-1.685749e+02,-5.246344e+06
8.806682e-01,6.518502e+08,2.633057e+09,-2.829819e-01,8.480031e+05,-3.360230e+07,1.442920e+06,9.148838e-03,3.915310e+07,0.000000e+00,0.000000e+00,7.877758e+06,0.000000e+00,7.877758e+06,0.000000e+00,0.000000e+00,5.058577e+08,9.313226e-10,6.454431e-14,0.000000e+00,0.000000e+00,0.000000e+00,0.000000e+00,8.933283e+07,1.359302e+08,-4.402632e+06,9.737456e+05,4.692967e+05,0.000000e+00,-4.521337e+00,8.604246e+05,8.073739e+05,-1.416892e+05,2.963742e+05,2.952339e+04,0.000000e+00,-4.780754e-01,5.616570e+08,2.500840e+09,-2.906698e+07,1.728000e+05,6.641116e+06,0.000000e+00,-1.682117e+02,-5.309993e+06
8.898171e-01,6.587418e+08,2.624504e+09,-3.001778e-01,8.678828e+05,-3.358374e+07,1.442920e+06,9.114560e-03,4.033966e+07,0.000000e+00,0.000000e+00,8.221535e+06,0.000000e+00,8.221535e+06,0.000000e+00,0.000000e+00,5.118545e+08,9.313226e-10,6.454431e-14,0.000000e+00,0.000000e+00,0.000000e+00,0.000000e+00,9.235814e+07,1.377172e+08,-4.449973e+06,9.737456e+05,4.786867e+05,0.000000e+00,-4.569954e+00,8.772233e+05,8.231930e+05,-1.398057e+05,2.963742e+05,3.002028e+04,0.000000e+00,-4.717203e-01,5.655064e+08,2.490352e+09,-2.900355e+07,1.728000e+05,6.696196e+06,0.000000e+00,-1.678446e+02,-5.374754e+06
8.989316e-01,6.653761e+08,2.616082e+09,-3.092978e-01,8.875374e+05,-3.356452e+07,1.442920e+06,9.076539e-03,4.158771e+07,0.000000e+00,0.000000e+00,8.590103e+06,0.000000e+00,8.590103e+06,0.000000e+00,0.000000e+00,5.174058e+08,9.313226e-10,6.454431e-14,0.000000e+00,0.000000e+00,0.000000e+00,0.000000e+00,9.541770e+07,1.392177e+08,-4.497164e+06,9.737456e+05,4.884687e+05,0.000000e+00,-4.618418e+00,8.922707e+05,8.396924e+05,-1.379822e+05,2.963742e+05,3.061994e+04,0.000000e+00,-4.655676e-01,5.690662e+08,2.480376e+09,-2.893903e+07,1.728000e+05,6.755116e+06,0.000000e+00,-1.674712e+02,-5.440198e+06
9.080082e-01,6.718155e+08,2.607711e+09,-3.135309e-01,9.077262e+05,-3.354566e+07,1.442920e+06,9.036471e-03,4.306376e+07,0.000000e+00,0.000000e+00,8.862139e+06,0.000000e+00,8.862139e+06,0.000000e+00,0.000000e+00,5.225531e+08,9.313226e-10,6.454431e-14,0.000000e+00,0.000000e+00,0.000000e+00,0.000000e+00,9.842858e+07,1.405182e+08,-4.544438e+06,9.737456e+05,4.969408e+05,0.000000e+00,-4.666967e+00,9.129377e+05,8.545450e+05,-1.366198e+05,2.963742e+05,3.116707e+04,0.000000e+00,-4.609706e-01,5.724740e+08,2.470629e+09,-2.887384e+07,1.728000e+05,6.816240e+06,0.000000e+00,-1.670940e+02,-5.505908e+06
9.170446e-01,6.784015e+08,2.599479e+09,-3.156138e-01,9.290617e+05,-3.352784e+07,1.442920e+06,8.996301e-03,4.449463e+07,0.000000e+00,0.000000e+00,8.972490e+06,0.000000e+00,8.972490e+06,0.000000e+00,0.000000e+00,5.274497e+08,9.313226e-10,6.454431e-14,0.000000e+00,0.000000e+00,0.000000e+00,0.000000e+00,1.013936e+08,1.420150e+08,-4.592128e+06,9.737456e+05,5.041621e+05,0.000000e+00,-4.715942e+00,9.436864e+05,8.672225e+05,-1.359182e+05,2.963742e+05,3.156466e+04,0.000000e+00,-4.586033e-01,5.760643e+08,2.460789e+09,-2.880841e+07,1.728000e+05,6.876360e+06,0.000000e+00,-1.667153e+02,-5.571120e+06
9.260409e-01,6.852751e+08,2.591346e+09,-3.164476e-01,9.518979e+05,-3.351120e+07,1.442920e+06,8.957761e-03,4.575245e+07,0.000000e+00,0.000000e+00,8.899360e+06,0.000000e+00,8.899360e+06,0.000000e+00,0.000000e+00,5.322150e+08,9.313226e-10,6.454431e-14,0.000000e+00,0.000000e+00,0.000000e+00,0.000000e+00,1.044327e+08,1.439187e+08,-4.639588e+06,9.737456e+05,5.114201e+05,0.000000e+00,-4.764682e+00,9.847888e+05,8.799343e+05,-1.361899e+05,2.963742e+05,3.198134e+04,0.000000e+00,-4.595200e-01,5.798577e+08,2.450739e+09,-2.874349e+07,1.728000e+05,6.931810e+06,0.000000e+00,-1.663396e+02,-5.636258e+06
9.349987e-01,6.920676e+08,2.583103e+09,-3.151757e-01,9.763201e+05,-3.349539e+07,1.442920e+06,8.922329e-03,4.719662e+07,0.000000e+00,0.000000e+00,8.797033e+06,0.000000e+00,8.797033e+06,0.000000e+00,0.000000e+00,5.368824e+08,9.313226e-10,6.454431e-14,0.000000e+00,0.000000e+00,0.000000e+00,0.000000e+00,1.076037e+08,1.460583e+08,-4.686668e+06,9.737456e+05,5.193628e+05,0.000000e+00,-4.813031e+00,1.034415e+06,8.971558e+05,-1.378660e+05,2.963742e+05,3.259071e+04,0.000000e+00,-4.651757e-01,5.834295e+08,2.440463e+09,-2.867864e+07,1.728000e+05,6.981814e+06,0.000000e+00,-1.659643e+02,-5.702030e+06
9.439210e-01,6.985383e+08,2.574636e+09,-3.105065e-01,1.002129e+06,-3.347990e+07,1.442920e+06,8.891310e-03,4.902893e+07,0.000000e+00,0.000000e+00,8.855805e+06,0.000000e+00,8.855805e+06,0.000000e+00,0.000000e+00,5.415101e+08,9.313226e-10,6.454431e-14,0.000000e+00,0.000000e+00,0.000000e+00,0.000000e+00,1.108366e+08,1.480482e+08,-4.733304e+06,9.737456e+05,5.274953e+05,0.000000e+00,-4.860925e+00,1.089997e+06,9.229164e+05,-1.412002e+05,2.963742e+05,3.326474e+04,0.000000e+00,-4.764253e-01,5.866117e+08,2.430091e+09,-2.861314e+07,1.728000e+05,7.028955e+06,0.000000e+00,-1.655853e+02,-5.768529e+06
9.528124e-01,7.048671e+08,2.566082e+09,-3.022035e-01,1.028891e+06,-3.346434e+07,1.442920e+06,8.865913e-03,5.095507e+07,0.000000e+00,0.000000e+00,9.096150e+06,0.000000e+00,9.096150e+06,0.000000e+00,0.000000e+00,5.460335e+08,9.313226e-10,6.454431e-14,0.000000e+00,0.000000e+00,0.000000e+00,0.000000e+00,1.140287e+08,1.496492e+08,-4.779384e+06,9.737456e+05,5.353596e+05,0.000000e+00,-4.908247e+00,1.145932e+06,9.578152e+05,-1.459165e+05,2.963742e+05,3.378740e+04,0.000000e+00,-4.923389e-01,5.896924e+08,2.419871e+09,-2.854688e+07,1.728000e+05,7.075299e+06,0.000000e+00,-1.652019e+02,-5.835954e+06
9.616783e-01,7.111234e+08,2.557790e+09,-2.917197e-01,1.056058e+06,-3.344850e+07,1.442920e+06,8.846986e-03,5.261386e+07,0.000000e+00,0.000000e+00,9.451577e+06,0.000000e+00,9.451577e+06,0.000000e+00,0.000000e+00,5.504776e+08,9.313226e-10,6.454431e-14,0.000000e+00,0.000000e+00,0.000000e+00,0.000000e+00,1.171664e+08,1.509798e+08,-4.825630e+06,9.737456e+05,5.432258e+05,0.000000e+00,-4.955741e+00,1.195632e+06,9.986972e+05,-1.512098e+05,2.963742e+05,3.418921e+04,0.000000e+00,-5.101991e-01,5.927614e+08,2.409960e+09,-2.847967e+07,1.728000e+05,7.121410e+06,0.000000e+00,-1.648129e+02,-5.904379e+06
9.705253e-01,7.171603e+08,2.550144e+09,-2.818335e-01,1.083013e+06,-3.343226e+07,1.442920e+06,8.834827e-03,5.381329e+07,0.000000e+00,0.000000e+00,9.835104e+06,0.000000e+00,9.835104e+06,0.000000e+00,0.000000e+00,5.548525e+08,9.313226e-10,6.454431e-14,0.000000e+00,0.000000e+00,0.000000e+00,0.000000e+00,1.203313e+08,1.523820e+08,-4.872950e+06,9.737456e+05,5.513304e+05,0.000000e+00,-5.004337e+00,1.236699e+06,1.040679e+06,-1.561388e+05,2.963742e+05,3.464461e+04,0.000000e+00,-5.268301e-01,5.955924e+08,2.400467e+09,-2.841142e+07,1.728000e+05,7.168030e+06,0.000000e+00,-1.644179e+02,-5.973614e+06
9.793601e-01,7.229791e+08,2.543187e+09,-2.754447e-01,1.109211e+06,-3.341537e+07,1.442920e+06,8.829114e-03,5.449775e+07,0.000000e+00,0.000000e+00,1.016454e+07,0.000000e+00,1.016454e+07,0.000000e+00,0.000000e+00,5.592741e+08,9.313226e-10,6.454431e-14,0.000000e+00,0.000000e+00,0.000000e+00,0.000000e+00,1.235562e+08,1.541292e+08,-4.921500e+06,9.737456e+05,5.591786e+05,0.000000e+00,-5.054195e+00,1.269573e+06,1.081429e+06,-1.602213e+05,2.963742e+05,3.519901e+04,0.000000e+00,-5.406048e-01,5.981533e+08,2.391439e+09,-2.834230e+07,1.728000e+05,7.216082e+06,0.000000e+00,-1.640180e+02,-6.045098e+06
9.881892e-01,7.286613e+08,2.536559e+09,-2.740723e-01,1.134328e+06,-3.339739e+07,1.442920e+06,8.829270e-03,5.496224e+07,0.000000e+00,0.000000e+00,1.048193e+07,0.000000e+00,1.048193e+07,0.000000e+00,0.000000e+00,5.636948e+08,9.313226e-10,6.454431e-14,0.000000e+00,0.000000e+00,0.000000e+00,0.000000e+00,1.267340e+08,1.563277e+08,-4.972082e+06,9.737456e+05,5.661707e+05,0.000000e+00,-5.106141e+00,1.295292e+06,1.122857e+06,-1.637383e+05,2.963742e+05,3.575623e+04,0.000000e+00,-5.524717e-01,6.006320e+08,2.382533e+09,-2.827089e+07,1.728000e+05,7.263819e+06,0.000000e+00,-1.636047e+02,-6.119014e+06
9.970185e-01,7.341052e+08,2.529816e+09,-2.770472e-01,1.158275e+06,-3.337786e+07,1.442920e+06,8.833577e-03,5.582664e+07,0.000000e+00,0.000000e+00,1.076464e+07,0.000000e+00,1.076464e+07,0.000000e+00,0.000000e+00,5.681370e+08,9.313226e-10,6.454431e-14,0.000000e+00,0.000000e+00,0.000000e+00,0.000000e+00,1.297716e+08,1.587301e+08,-5.023521e+06,9.737456e+05,5.724371e+05,0.000000e+00,-5.158967e+00,1.318242e+06,1.167571e+06,-1.675398e+05,2.963742e+05,3.622357e+04,0.000000e+00,-5.652982e-01,6.030154e+08,2.373508e+09,-2.819700e+07,1.728000e+05,7.309942e+06,0.000000e+00,-1.631771e+02,-6.194182e+06
1.005852e+00,7.393583e+08,2.522753e+09,-2.817632e-01,1.181170e+06,-3.335659e+07,1.442920e+06,8.839549e-03,5.737694e+07,0.000000e+00,0.000000e+00,1.089869e+07,0.000000e+00,1.089869e+07,0.000000e+00,0.000000e+00,5.726276e+08,9.313226e-10,6.454431e-14,0.000000e+00,0.000000e+00,0.000000e+00,0.000000e+00,1.327326e+08,1.609576e+08,-5.073362e+06,9.737456e+05,5.785187e+05,0.000000e+00,-5.210152e+00,1.346823e+06,1.214452e+06,-1.724845e+05,2.963742e+05,3.659923e+04,0.000000e+00,-5.819824e-01,6.052788e+08,2.364325e+09,-2.812181e+07,1.728000e+05,7.355294e+06,0.000000e+00,-1.627420e+02,-6.269240e+06
1.014692e+00,7.447400e+08,2.515574e+09,-2.848361e-01,1.203299e+06,-3.333383e+07,1.442920e+06,8.844600e-03,5.921175e+07,0.000000e+00,0.000000e+00,1.079758e+07,0.000000e+00,1.079758e+07,0.000000e+00,0.000000e+00,5.772371e+08,9.313226e-10,6.454431e-14,0.000000e+00,0.000000e+00,0.000000e+00,0.000000e+00,1.357152e+08,1.628528e+08,-5.119902e+06,9.737456e+05,5.846895e+05,0.000000e+00,-5.257946e+00,1.387609e+06,1.259588e+06,-1.788973e+05,2.963742e+05,3.698235e+04,0.000000e+00,-6.036199e-01,6.076372e+08,2.355156e+09,-2.804671e+07,1.728000e+05,7.400568e+06,0.000000e+00,-1.623074e+02,-6.342824e+06
1.023536e+00,7.503528e+08,2.508744e+09,-2.835433e-01,1.225018e+06,-3.331029e+07,1.442920e+06,8.848153e-03,6.077230e+07,0.000000e+00,0.000000e+00,1.046049e+07,0.000000e+00,1.046049e+07,0.000000e+00,0.000000e+00,5.819989e+08,9.313226e-10,6.454431e-14,0.000000e+00,0.000000e+00,0.000000e+00,0.000000e+00,1.387036e+08,1.646013e+08,-5.162609e+06,9.737456e+05,5.910293e+05,0.000000e+00,-5.301805e+00,1.441219e+06,1.300254e+06,-1.864491e+05,2.963742e+05,3.748326e+04,0.000000e+00,-6.291005e-01,6.102079e+08,2.346222e+09,-2.797308e+07,1.728000e+05,7.443942e+06,0.000000e+00,-1.618813e+02,-6.413774e+06
1.032384e+00,7.559733e+08,2.502648e+09,-2.768410e-01,1.246732e+06,-3.328687e+07,1.442920e+06,8.851348e-03,6.184919e+07,0.000000e+00,0.000000e+00,9.916577e+06,0.000000e+00,9.916577e+06,0.000000e+00,0.000000e+00,5.868260e+08,9.313226e-10,6.454431e-14,0.000000e+00,0.000000e+00,0.000000e+00,0.000000e+00,1.416366e+08,1.665156e+08,-5.201843e+06,9.737456e+05,5.975752e+05,0.000000e+00,-5.342097e+00,1.504858e+06,1.337672e+06,-1.944978e+05,2.963742e+05,3.808268e+04,0.000000e+00,-6.562577e-01,6.128319e+08,2.337747e+09,-2.790210e+07,1.728000e+05,7.484768e+06,0.000000e+00,-1.614705e+02,-6.481158e+06
1.041236e+00,7.615160e+08,2.497249e+09,-2.655214e-01,1.268847e+06,-3.326430e+07,1.442920e+06,8.856557e-03,6.248144e+07,0.000000e+00,0.000000e+00,9.204687e+06,0.000000e+00,9.204687e+06,0.000000e+00,0.000000e+00,5.916603e+08,9.313226e-10,6.454431e-14,0.000000e+00,0.000000e+00,0.000000e+00,0.000000e+00,1.445125e+08,1.686295e+08,-5.238103e+06,9.737456e+05,6.041421e+05,0.000000e+00,-5.379334e+00,1.576694e+06,1.376251e+06,-2.025053e+05,2.963742e+05,3.864693e+04,0.000000e+00,-6.832758e-01,6.154268e+08,2.329922e+09,-2.783469e+07,1.728000e+05,7.525676e+06,0.000000e+00,-1.610804e+02,-6.544276e+06
1.050092e+00,7.671586e+08,2.492071e+09,-2.515014e-01,1.291743e+06,-3.324295e+07,1.442920e+06,8.865097e-03,6.286862e+07,0.000000e+00,0.000000e+00,8.388520e+06,0.000000e+00,8.388520e+06,0.000000e+00,0.000000e+00,5.965105e+08,9.313226e-10,6.454431e-14,0.000000e+00,0.000000e+00,0.000000e+00,0.000000e+00,1.473686e+08,1.705474e+08,-5.271597e+06,9.737456e+05,6.104508e+05,0.000000e+00,-5.413732e+00,1.657307e+06,1.419170e+06,-2.101661e+05,2.963742e+05,3.910089e+04,0.000000e+00,-7.091243e-01,6.181327e+08,2.322831e+09,-2.777154e+07,1.728000e+05,7.568362e+06,0.000000e+00,-1.607149e+02,-6.602726e+06
1.058957e+00,7.728937e+08,2.486477e+09,-2.368728e-01,1.315848e+06,-3.322277e+07,1.442920e+06,8.876426e-03,6.346242e+07,0.000000e+00,0.000000e+00,7.612693e+06,0.000000e+00,7.612693e+06,0.000000e+00,0.000000e+00,6.013727e+08,9.313226e-10,6.454431e-14,0.000000e+00,0.000000e+00,0.000000e+00,0.000000e+00,1.501944e+08,1.717580e+08,-5.302340e+06,9.737456e+05,6.164934e+05,0.000000e+00,-5.445303e+00,1.747694e+06,1.465166e+06,-2.172025e+05,2.963742e+05,3.950412e+04,0.000000e+00,-7.328659e-01,6.209516e+08,2.316338e+09,-2.771304e+07,1.728000e+05,7.611072e+06,0.000000e+00,-1.603764e+02,-6.658858e+06
1.067834e+00,7.784440e+08,2.480285e+09,-2.232686e-01,1.341455e+06,-3.320352e+07,1.442920e+06,8.888403e-03,6.459298e+07,0.000000e+00,0.000000e+00,7.007312e+06,0.000000e+00,7.007312e+06,0.000000e+00,0.000000e+00,6.062275e+08,9.313226e-10,6.454431e-14,0.000000e+00,0.000000e+00,0.000000e+00,0.000000e+00,1.529174e+08,1.722525e+08,-5.332990e+06,9.737456e+05,6.225827e+05,0.000000e+00,-5.476780e+00,1.845952e+06,1.509786e+06,-2.230965e+05,2.963742e+05,3.996461e+04,0.000000e+00,-7.527531e-01,6.236806e+08,2.309847e+09,-2.765685e+07,1.728000e+05,7.653256e+06,0.000000e+00,-1.600512e+02,-6.712243e+06
1.076722e+00,7.838132e+08,2.473898e+09,-2.118803e-01,1.368517e+06,-3.318505e+07,1.442920e+06,8.898617e-03,6.593456e+07,0.000000e+00,0.000000e+00,6.532490e+06,0.000000e+00,6.532490e+06,0.000000e+00,0.000000e+00,6.110685e+08,9.313226e-10,6.454431e-14,0.000000e+00,0.000000e+00,0.000000e+00,0.000000e+00,1.554913e+08,1.723426e+08,-5.363526e+06,9.737456e+05,6.290001e+05,0.000000e+00,-5.508139e+00,1.948344e+06,1.548232e+06,-2.271790e+05,2.963742e+05,4.054336e+04,0.000000e+00,-7.665277e-01,6.263735e+08,2.303293e+09,-2.760339e+07,1.728000e+05,7.695716e+06,0.000000e+00,-1.597419e+02,-6.762860e+06
1.085621e+00,7.892767e+08,2.467801e+09,-2.037002e-01,1.396662e+06,-3.316729e+07,1.442920e+06,8.906287e-03,6.683500e+07,0.000000e+00,0.000000e+00,6.132204e+06,0.000000e+00,6.132204e+06,0.000000e+00,0.000000e+00,6.158902e+08,9.313226e-10,6.454431e-14,0.000000e+00,0.000000e+00,0.000000e+00,0.000000e+00,1.579615e+08,1.725527e+08,-5.394230e+06,9.737456e+05,6.356655e+05,0.000000e+00,-5.539671e+00,2.051385e+06,1.576899e+06,-2.290412e+05,2.963742e+05,4.120471e+04,0.000000e+00,-7.728110e-01,6.292639e+08,2.296703e+09,-2.755271e+07,1.728000e+05,7.737898e+06,0.000000e+00,-1.594486e+02,-6.810572e+06
1.094527e+00,7.948662e+08,2.462154e+09,-1.996635e-01,1.425311e+06,-3.315020e+07,1.442920e+06,8.912007e-03,6.713998e+07,0.000000e+00,0.000000e+00,5.784468e+06,0.000000e+00,5.784468e+06,0.000000e+00,0.000000e+00,6.206778e+08,9.313226e-10,6.454431e-14,0.000000e+00,0.000000e+00,0.000000e+00,0.000000e+00,1.603764e+08,1.731820e+08,-5.424600e+06,9.737456e+05,6.421234e+05,0.000000e+00,-5.570860e+00,2.153017e+06,1.595660e+06,-2.290311e+05,2.963742e+05,4.182266e+04,0.000000e+00,-7.727769e-01,6.323367e+08,2.290198e+09,-2.750495e+07,1.728000e+05,7.777810e+06,0.000000e+00,-1.591722e+02,-6.855561e+06
1.103439e+00,8.004043e+08,2.456745e+09,-2.005426e-01,1.453786e+06,-3.313354e+07,1.442920e+06,8.917565e-03,6.723115e+07,0.000000e+00,0.000000e+00,5.491473e+06,0.000000e+00,5.491473e+06,0.000000e+00,0.000000e+00,6.254653e+08,9.313226e-10,6.454431e-14,0.000000e+00,0.000000e+00,0.000000e+00,0.000000e+00,1.626967e+08,1.740891e+08,-5.453560e+06,9.737456e+05,6.481948e+05,0.000000e+00,-5.600601e+00,2.251781e+06,1.609670e+06,-2.283112e+05,2.963742e+05,4.230027e+04,0.000000e+00,-7.703477e-01,6.354558e+08,2.283831e+09,-2.745993e+07,1.728000e+05,7.815326e+06,0.000000e+00,-1.589116e+02,-6.897686e+06
1.112357e+00,8.059105e+08,2.451247e+09,-2.061704e-01,1.481491e+06,-3.311681e+07,1.442920e+06,8.924485e-03,6.741765e+07,0.000000e+00,0.000000e+00,5.259103e+06,0.000000e+00,5.259103e+06,0.000000e+00,0.000000e+00,6.302760e+08,9.313226e-10,6.454431e-14,0.000000e+00,0.000000e+00,0.000000e+00,0.000000e+00,1.648887e+08,1.747968e+08,-5.479238e+06,9.737456e+05,6.544065e+05,0.000000e+00,-5.626971e+00,2.345643e+06,1.626807e+06,-2.282480e+05,2.963742e+05,4.269131e+04,0.000000e+00,-7.701347e-01,6.386762e+08,2.277734e+09,-2.741778e+07,1.728000e+05,7.852079e+06,0.000000e+00,-1.586677e+02,-6.937338e+06
1.121281e+00,8.114445e+08,2.445549e+09,-2.146314e-01,1.507982e+06,-3.309941e+07,1.442920e+06,8.933232e-03,6.776059e+07,0.000000e+00,0.000000e+00,5.073850e+06,0.000000e+00,5.073850e+06,0.000000e+00,0.000000e+00,6.351361e+08,9.313226e-10,6.454431e-14,0.000000e+00,0.000000e+00,0.000000e+00,0.000000e+00,1.670262e+08,1.748908e+08,-5.500570e+06,9.737456e+05,6.611309e+05,0.000000e+00,-5.648879e+00,2.431378e+06,1.654649e+06,-2.296869e+05,2.963742e+05,4.313528e+04,0.000000e+00,-7.749895e-01,6.419869e+08,2.271998e+09,-2.737810e+07,1.728000e+05,7.889206e+06,0.000000e+00,-1.584381e+02,-6.975162e+06
1.130214e+00,8.168470e+08,2.439840e+09,-2.222336e-01,1.532923e+06,-3.308083e+07,1.442920e+06,8.942947e-03,6.821751e+07,0.000000e+00,0.000000e+00,4.905638e+06,0.000000e+00,4.905638e+06,0.000000e+00,0.000000e+00,6.400185e+08,9.313226e-10,6.454431e-14,0.000000e+00,0.000000e+00,0.000000e+00,0.000000e+00,1.692003e+08,1.744195e+08,-5.517796e+06,9.737456e+05,6.678463e+05,0.000000e+00,-5.666569e+00,2.506586e+06,1.695562e+06,-2.324084e+05,2.963742e+05,4.368970e+04,0.000000e+00,-7.841722e-01,6.451402e+08,2.266653e+09,-2.734024e+07,1.728000e+05,7.927206e+06,0.000000e+00,-1.582190e+02,-7.011260e+06
1.139157e+00,8.220792e+08,2.434438e+09,-2.239998e-01,1.555988e+06,-3.306099e+07,1.442920e+06,8.952331e-03,6.851925e+07,0.000000e+00,0.000000e+00,4.730612e+06,0.000000e+00,4.730612e+06,0.000000e+00,0.000000e+00,6.449599e+08,9.313226e-10,6.454431e-14,0.000000e+00,0.000000e+00,0.000000e+00,0.000000e+00,1.714049e+08,1.738131e+08,-5.531680e+06,9.737456e+05,6.739964e+05,0.000000e+00,-5.680826e+00,2.574046e+06,1.745483e+06,-2.354104e+05,2.963742e+05,4.429438e+04,0.000000e+00,-7.943013e-01,6.481003e+08,2.261565e+09,-2.730411e+07,1.728000e+05,7.966782e+06,0.000000e+00,-1.580099e+02,-7.045490e+06
1.148110e+00,8.273814e+08,2.429583e+09,-2.150963e-01,1.576793e+06,-3.304028e+07,1.442920e+06,8.960865e-03,6.827394e+07,0.000000e+00,0.000000e+00,4.534116e+06,0.000000e+00,4.534116e+06,0.000000e+00,0.000000e+00,6.499818e+08,9.313226e-10,6.454431e-14,0.000000e+00,0.000000e+00,0.000000e+00,0.000000e+00,1.735832e+08,1.735365e+08,-5.543258e+06,9.737456e+05,6.798346e+05,0.000000e+00,-5.692717e+00,2.640478e+06,1.796105e+06,-2.376764e+05,2.963742e+05,4.486295e+04,0.000000e+00,-8.019471e-01,6.511577e+08,2.256631e+09,-2.726984e+07,1.728000e+05,8.006808e+06,0.000000e+00,-1.578116e+02,-7.077848e+06
1.157071e+00,8.327783e+08,2.425212e+09,-1.932128e-01,1.594897e+06,-3.301937e+07,1.442920e+06,8.969065e-03,6.751117e+07,0.000000e+00,0.000000e+00,4.320922e+06,0.000000e+00,4.320922e+06,0.000000e+00,0.000000e+00,6.549715e+08,9.313226e-10,6.454431e-14,0.000000e+00,0.000000e+00,0.000000e+00,0.000000e+00,1.757258e+08,1.736726e+08,-5.553450e+06,9.737456e+05,6.858521e+05,0.000000e+00,-5.703185e+00,2.710761e+06,1.839816e+06,-2.388688e+05,2.963742e+05,4.535714e+04,0.000000e+00,-8.059705e-01,6.543417e+08,2.251901e+09,-2.723745e+07,1.728000e+05,8.044904e+06,0.000000e+00,-1.576241e+02,-7.108484e+06
1.166040e+00,8.380593e+08,2.421034e+09,-1.593051e-01,1.609862e+06,-3.299898e+07,1.442920e+06,8.978371e-03,6.666090e+07,0.000000e+00,0.000000e+00,4.092966e+06,0.000000e+00,4.092966e+06,0.000000e+00,0.000000e+00,6.598469e+08,9.313226e-10,6.454431e-14,0.000000e+00,0.000000e+00,0.000000e+00,0.000000e+00,1.778851e+08,1.738537e+08,-5.562667e+06,9.737456e+05,6.920552e+05,0.000000e+00,-5.712649e+00,2.787908e+06,1.874628e+06,-2.395093e+05,2.963742e+05,4.580753e+04,0.000000e+00,-8.081316e-01,6.573864e+08,2.247489e+09,-2.720679e+07,1.728000e+05,8.080656e+06,0.000000e+00,-1.574467e+02,-7.137762e+06
1.175018e+00,8.432584e+08,2.416856e+09,-1.178014e-01,1.621366e+06,-3.297958e+07,1.442920e+06,8.989398e-03,6.588104e+07,0.000000e+00,0.000000e+00,3.838610e+06,0.000000e+00,3.838610e+06,0.000000e+00,0.000000e+00,6.646447e+08,9.313226e-10,6.454431e-14,0.000000e+00,0.000000e+00,0.000000e+00,0.000000e+00,1.801039e+08,1.736243e+08,-5.571073e+06,9.737456e+05,6.982321e+05,0.000000e+00,-5.721282e+00,2.874098e+06,1.903556e+06,-2.404412e+05,2.963742e+05,4.628315e+04,0.000000e+00,-8.112758e-01,6.602804e+08,2.243523e+09,-2.717748e+07,1.728000e+05,8.116362e+06,0.000000e+00,-1.572771e+02,-7.165165e+06
1.184007e+00,8.485525e+08,2.412716e+09,-7.549017e-02,1.629380e+06,-3.296129e+07,1.442920e+06,9.002082e-03,6.497100e+07,0.000000e+00,0.000000e+00,3.559712e+06,0.000000e+00,3.559712e+06,0.000000e+00,0.000000e+00,6.693983e+08,9.313226e-10,6.454431e-14,0.000000e+00,0.000000e+00,0.000000e+00,0.000000e+00,1.823590e+08,1.728218e+08,-5.577914e+06,9.737456e+05,7.043861e+05,0.000000e+00,-5.728308e+00,2.969476e+06,1.931853e+06,-2.422030e+05,2.963742e+05,4.681968e+04,0.000000e+00,-8.172203e-01,6.632241e+08,2.240100e+09,-2.715004e+07,1.728000e+05,8.152938e+06,0.000000e+00,-1.571183e+02,-7.190633e+06
1.193009e+00,8.537957e+08,2.408749e+09,-3.902413e-02,1.634318e+06,-3.294391e+07,1.442920e+06,9.015796e-03,6.388522e+07,0.000000e+00,0.000000e+00,3.271892e+06,0.000000e+00,3.271892e+06,0.000000e+00,0.000000e+00,6.741390e+08,9.313226e-10,6.454431e-14,0.000000e+00,0.000000e+00,0.000000e+00,0.000000e+00,1.845994e+08,1.717196e+08,-5.583114e+06,9.737456e+05,7.107362e+05,0.000000e+00,-5.733648e+00,3.071672e+06,1.962976e+06,-2.447429e+05,2.963742e+05,4.739135e+04,0.000000e+00,-8.257903e-01,6.661246e+08,2.237078e+09,-2.712454e+07,1.728000e+05,8.188912e+06,0.000000e+00,-1.569707e+02,-7.214347e+06
