member_id,section_hypothesis,temperature_c,connection_moment_factor,displacement_m,force_N,state,not_usable_as_global_resistance_energy
COREIN_F96_C603_C604,14WF136,20,0.5,0.0,0.0,ELASTIC,True
COREIN_F96_C603_C604,14WF136,20,0.5,0.012502000000000003,83378.25523045886,ELASTIC,True
COREIN_F96_C603_C604,14WF136,20,0.5,0.031255000000000005,161480.26420888235,POST_YIELD_IDEAL_RULE,True
COREIN_F96_C603_C604,14WF136,20,0.5,0.06251000000000001,163564.7205896438,POST_YIELD_IDEAL_RULE,True
COREIN_F96_C603_C604,14WF136,20,0.5,0.09376500000000002,165649.17697040527,POST_YIELD_IDEAL_RULE,True
COREIN_F96_C603_C604,14WF136,20,0.5,0.12376980000000001,167650.2550959363,POST_YIELD_IDEAL_RULE,True
COREIN_F96_C603_C604,14WF136,20,0.5,0.12502000000000002,0.0,FRACTURED_IDEAL_RULE,True
COREIN_F96_C603_C604,14WF136,20,0.5,0.12514502,0.0,FRACTURED_IDEAL_RULE,True
COREIN_F96_C603_C604,14WF136,20,1.0,0.0,0.0,ELASTIC,True
COREIN_F96_C603_C604,14WF136,20,1.0,0.012502000000000003,83378.25523045886,ELASTIC,True
COREIN_F96_C603_C604,14WF136,20,1.0,0.031255000000000005,208445.63807614715,ELASTIC,True
COREIN_F96_C603_C604,14WF136,20,1.0,0.06251000000000001,322960.5284177647,POST_YIELD_IDEAL_RULE,True
COREIN_F96_C603_C604,14WF136,20,1.0,0.09376500000000002,325044.98479852616,POST_YIELD_IDEAL_RULE,True
COREIN_F96_C603_C604,14WF136,20,1.0,0.12376980000000001,327046.0629240571,POST_YIELD_IDEAL_RULE,True
COREIN_F96_C603_C604,14WF136,20,1.0,0.12502000000000002,0.0,FRACTURED_IDEAL_RULE,True
COREIN_F96_C603_C604,14WF136,20,1.0,0.12514502,0.0,FRACTURED_IDEAL_RULE,True
COREIN_F96_C603_C604,14WF136,200,0.5,0.0,0.0,ELASTIC,True
COREIN_F96_C603_C604,14WF136,200,0.5,0.012502000000000003,79435.18074731475,ELASTIC,True
COREIN_F96_C603_C604,14WF136,200,0.5,0.031255000000000005,138115.63370556413,POST_YIELD_IDEAL_RULE,True
COREIN_F96_C603_C604,14WF136,200,0.5,0.06251000000000001,140101.513224247,POST_YIELD_IDEAL_RULE,True
COREIN_F96_C603_C604,14WF136,200,0.5,0.09376500000000002,142087.39274292986,POST_YIELD_IDEAL_RULE,True
COREIN_F96_C603_C604,14WF136,200,0.5,0.12376980000000001,143993.83708086543,POST_YIELD_IDEAL_RULE,True
COREIN_F96_C603_C604,14WF136,200,0.5,0.12502000000000002,0.0,FRACTURED_IDEAL_RULE,True
COREIN_F96_C603_C604,14WF136,200,0.5,0.12514502,0.0,FRACTURED_IDEAL_RULE,True
COREIN_F96_C603_C604,14WF136,200,1.0,0.0,0.0,ELASTIC,True
COREIN_F96_C603_C604,14WF136,200,1.0,0.012502000000000003,79435.18074731475,ELASTIC,True
COREIN_F96_C603_C604,14WF136,200,1.0,0.031255000000000005,198587.95186828688,ELASTIC,True
COREIN_F96_C603_C604,14WF136,200,1.0,0.06251000000000001,276231.26741112827,POST_YIELD_IDEAL_RULE,True
COREIN_F96_C603_C604,14WF136,200,1.0,0.09376500000000002,278217.1469298111,POST_YIELD_IDEAL_RULE,True
COREIN_F96_C603_C604,14WF136,200,1.0,0.12376980000000001,280123.5912677467,POST_YIELD_IDEAL_RULE,True
COREIN_F96_C603_C604,14WF136,200,1.0,0.12502000000000002,0.0,FRACTURED_IDEAL_RULE,True
COREIN_F96_C603_C604,14WF136,200,1.0,0.12514502,0.0,FRACTURED_IDEAL_RULE,True
COREIN_F96_C603_C604,14WF136,400,0.5,0.0,0.0,ELASTIC,True
COREIN_F96_C603_C604,14WF136,400,0.5,0.012502000000000003,72709.51693635977,ELASTIC,True
COREIN_F96_C603_C604,14WF136,400,0.5,0.031255000000000005,115347.96174348096,POST_YIELD_IDEAL_RULE,True
COREIN_F96_C603_C604,14WF136,400,0.5,0.06251000000000001,117165.69966688995,POST_YIELD_IDEAL_RULE,True
COREIN_F96_C603_C604,14WF136,400,0.5,0.09376500000000002,118983.43759029896,POST_YIELD_IDEAL_RULE,True
COREIN_F96_C603_C604,14WF136,400,0.5,0.12376980000000001,120728.46599677159,POST_YIELD_IDEAL_RULE,True
COREIN_F96_C603_C604,14WF136,400,0.5,0.12502000000000002,0.0,FRACTURED_IDEAL_RULE,True
COREIN_F96_C603_C604,14WF136,400,0.5,0.12514502,0.0,FRACTURED_IDEAL_RULE,True
COREIN_F96_C603_C604,14WF136,400,1.0,0.0,0.0,ELASTIC,True
COREIN_F96_C603_C604,14WF136,400,1.0,0.012502000000000003,72709.51693635977,ELASTIC,True
COREIN_F96_C603_C604,14WF136,400,1.0,0.031255000000000005,181773.7923408994,ELASTIC,True
COREIN_F96_C603_C604,14WF136,400,1.0,0.06251000000000001,230695.92348696192,POST_YIELD_IDEAL_RULE,True
COREIN_F96_C603_C604,14WF136,400,1.0,0.09376500000000002,232513.66141037093,POST_YIELD_IDEAL_RULE,True
COREIN_F96_C603_C604,14WF136,400,1.0,0.12376980000000001,234258.68981684354,POST_YIELD_IDEAL_RULE,True
COREIN_F96_C603_C604,14WF136,400,1.0,0.12502000000000002,0.0,FRACTURED_IDEAL_RULE,True
COREIN_F96_C603_C604,14WF136,400,1.0,0.12514502,0.0,FRACTURED_IDEAL_RULE,True
COREIN_F96_C603_C604,14WF136,600,0.5,0.0,0.0,ELASTIC,True
COREIN_F96_C603_C604,14WF136,600,0.5,0.012502000000000003,62272.680066371875,ELASTIC,True
COREIN_F96_C603_C604,14WF136,600,0.5,0.031255000000000005,76478.6433004427,POST_YIELD_IDEAL_RULE,True
COREIN_F96_C603_C604,14WF136,600,0.5,0.06251000000000001,78035.46030210199,POST_YIELD_IDEAL_RULE,True
COREIN_F96_C603_C604,14WF136,600,0.5,0.09376500000000002,79592.2773037613,POST_YIELD_IDEAL_RULE,True
COREIN_F96_C603_C604,14WF136,600,0.5,0.12376980000000001,81086.8216253542,POST_YIELD_IDEAL_RULE,True
COREIN_F96_C603_C604,14WF136,600,0.5,0.12502000000000002,0.0,FRACTURED_IDEAL_RULE,True
COREIN_F96_C603_C604,14WF136,600,0.5,0.12514502,0.0,FRACTURED_IDEAL_RULE,True
COREIN_F96_C603_C604,14WF136,600,1.0,0.0,0.0,ELASTIC,True
COREIN_F96_C603_C604,14WF136,600,1.0,0.012502000000000003,62272.680066371875,ELASTIC,True
COREIN_F96_C603_C604,14WF136,600,1.0,0.031255000000000005,151400.46959922608,POST_YIELD_IDEAL_RULE,True
COREIN_F96_C603_C604,14WF136,600,1.0,0.06251000000000001,152957.2866008854,POST_YIELD_IDEAL_RULE,True
COREIN_F96_C603_C604,14WF136,600,1.0,0.09376500000000002,154514.1036025447,POST_YIELD_IDEAL_RULE,True
COREIN_F96_C603_C604,14WF136,600,1.0,0.12376980000000001,156008.6479241376,POST_YIELD_IDEAL_RULE,True
COREIN_F96_C603_C604,14WF136,600,1.0,0.12502000000000002,0.0,FRACTURED_IDEAL_RULE,True
COREIN_F96_C603_C604,14WF136,600,1.0,0.12514502,0.0,FRACTURED_IDEAL_RULE,True
