case_id,geometry_id,span_in,span_m,panels_hypothesis,temperature_c,fy_hypothesis_ksi,web_diameter_hypothesis_in,composite_mode,service_load_psf,paired_total_load_N,paired_exterior_reaction_kip,paired_interior_reaction_kip,maximum_elastic_trial_deflection_m,first_member_limit_factor,governing_member,governing_member_family,governing_member_screen,first_limit_factor_weakest_seats,first_limit_factor_strongest_seats,first_limit_pressure_weakest_seats_psf,first_limit_deflection_weakest_seats_m,service_trial_status,paired_elastic_energy_at_service_trial_J,equilibrium_residual,energy_residual,reaction_balance_residual,global_collapse_energy_credit_J
BAY-0001,L713_P12,713.0,18.1102,12,20,36.0,1.09,bare_steel,80.0,140959.20051914384,15.84444444444469,15.844444444445056,0.07217935222683165,0.5247076139382949,M006,top_chord,ideal_euler_compression_screen,0.5247076139382949,0.5247076139382949,41.976609115063596,0.03787305568255259,ELASTIC_TRIAL_EXCEEDS_FIRST_LIMIT,3242.918582460879,3.055754354261962e-14,4.767745330937953e-14,2.7047555432994395e-14,0.0
BAY-0002,L713_P12,713.0,18.1102,12,20,36.0,1.09,ideal_compression_slab,80.0,140959.20051914384,15.84444444444431,15.84444444444454,0.03060174031107335,1.135417737404584,M046,web,ideal_euler_compression_screen,1.135417737404584,1.135417737404584,90.83341899236672,0.03474575874464155,BELOW_MODEL_FIRST_LIMIT,1379.195569495286,9.910554662471228e-15,4.7809293574418395e-15,1.2388193328089035e-15,0.0
BAY-0003,L713_P12,713.0,18.1102,12,20,36.0,1.14,bare_steel,80.0,140959.20051914384,15.844444444445946,15.844444444445527,0.07186187119811407,0.5247076139382687,M006,top_chord,ideal_euler_compression_screen,0.5247076139382687,0.5247076139382687,41.97660911506149,0.03770647096950163,ELASTIC_TRIAL_EXCEEDS_FIRST_LIMIT,3228.104884094635,2.6428145766589942e-14,9.860991419112543e-14,8.155560607658615e-14,0.0
BAY-0004,L713_P12,713.0,18.1102,12,20,36.0,1.14,ideal_compression_slab,80.0,140959.20051914384,15.844444444444873,15.844444444444624,0.030284259282352732,1.358529545757993,M025,web,ideal_euler_compression_screen,1.358529545757993,1.358529545757993,108.68236366063942,0.041142061006471935,BELOW_MODEL_FIRST_LIMIT,1364.3818711287606,1.3936717494100166e-14,2.183109590749789e-14,1.9201699658538007e-14,0.0
BAY-0005,L713_P12,713.0,18.1102,12,20,50.0,1.09,bare_steel,80.0,140959.20051914384,15.84444444444469,15.844444444445056,0.07217935222683165,0.5247076139382949,M006,top_chord,ideal_euler_compression_screen,0.5247076139382949,0.5247076139382949,41.976609115063596,0.03787305568255259,ELASTIC_TRIAL_EXCEEDS_FIRST_LIMIT,3242.918582460879,3.055754354261962e-14,4.767745330937953e-14,2.7047555432994395e-14,0.0
BAY-0006,L713_P12,713.0,18.1102,12,20,50.0,1.09,ideal_compression_slab,80.0,140959.20051914384,15.84444444444431,15.84444444444454,0.03060174031107335,1.135417737404584,M046,web,ideal_euler_compression_screen,1.135417737404584,1.135417737404584,90.83341899236672,0.03474575874464155,BELOW_MODEL_FIRST_LIMIT,1379.195569495286,9.910554662471228e-15,4.7809293574418395e-15,1.2388193328089035e-15,0.0
BAY-0007,L713_P12,713.0,18.1102,12,20,50.0,1.14,bare_steel,80.0,140959.20051914384,15.844444444445946,15.844444444445527,0.07186187119811407,0.5247076139382687,M006,top_chord,ideal_euler_compression_screen,0.5247076139382687,0.5247076139382687,41.97660911506149,0.03770647096950163,ELASTIC_TRIAL_EXCEEDS_FIRST_LIMIT,3228.104884094635,2.6428145766589942e-14,9.860991419112543e-14,8.155560607658615e-14,0.0
BAY-0008,L713_P12,713.0,18.1102,12,20,50.0,1.14,ideal_compression_slab,80.0,140959.20051914384,15.844444444444873,15.844444444444624,0.030284259282352732,1.358529545757993,M025,web,ideal_euler_compression_screen,1.358529545757993,1.358529545757993,108.68236366063942,0.041142061006471935,BELOW_MODEL_FIRST_LIMIT,1364.3818711287606,1.3936717494100166e-14,2.183109590749789e-14,1.9201699658538007e-14,0.0
BAY-0009,L713_P12,713.0,18.1102,12,200,36.0,1.09,bare_steel,80.0,140959.20051914384,15.844444444441628,15.84444444444176,0.07576225541023708,0.4998934558835125,M007,top_chord,ideal_euler_compression_screen,0.4998934558835125,0.4998934558835125,39.991476470681,0.03787305568255276,ELASTIC_TRIAL_EXCEEDS_FIRST_LIMIT,3403.8934728429194,4.356514653711311e-14,2.092117033537133e-13,1.7364117648204798e-13,0.0
BAY-0010,L713_P12,713.0,18.1102,12,200,36.0,1.09,ideal_compression_slab,80.0,140959.20051914384,15.844444444443905,15.844444444443937,0.033269492294053966,1.0817222421499573,M025,web,ideal_euler_compression_screen,1.0817222421499573,1.0817222421499573,86.53777937199658,0.035988349799514784,BELOW_MODEL_FIRST_LIMIT,1499.1486629545761,1.4865831993706843e-14,3.397375094135375e-14,3.303518220823743e-14,0.0
BAY-0011,L713_P12,713.0,18.1102,12,200,36.0,1.14,bare_steel,80.0,140959.20051914384,15.844444444443539,15.844444444444115,0.07542901497453208,0.4998934558834274,M007,top_chord,ideal_euler_compression_screen,0.4998934558834274,0.4998934558834274,39.991476470674186,0.03770647096950164,ELASTIC_TRIAL_EXCEEDS_FIRST_LIMIT,3388.3444388808252,3.303518220823743e-14,4.281276816730321e-14,3.9022808983480464e-14,0.0
BAY-0012,L713_P12,713.0,18.1102,12,200,36.0,1.14,ideal_compression_slab,80.0,140959.20051914384,15.844444444443893,15.844444444443813,0.032936251858335736,1.294282780559294,M025,web,ideal_euler_compression_screen,1.294282780559294,1.294282780559294,103.54262244474353,0.04262882363640799,BELOW_MODEL_FIRST_LIMIT,1483.5996289912946,1.3214072883294971e-14,5.2567531801049084e-14,3.737104987306859e-14,0.0
BAY-0013,L713_P12,713.0,18.1102,12,200,50.0,1.09,bare_steel,80.0,140959.20051914384,15.844444444441628,15.84444444444176,0.07576225541023708,0.4998934558835125,M007,top_chord,ideal_euler_compression_screen,0.4998934558835125,0.4998934558835125,39.991476470681,0.03787305568255276,ELASTIC_TRIAL_EXCEEDS_FIRST_LIMIT,3403.8934728429194,4.356514653711311e-14,2.092117033537133e-13,1.7364117648204798e-13,0.0
BAY-0014,L713_P12,713.0,18.1102,12,200,50.0,1.09,ideal_compression_slab,80.0,140959.20051914384,15.844444444443905,15.844444444443937,0.033269492294053966,1.0817222421499573,M025,web,ideal_euler_compression_screen,1.0817222421499573,1.0817222421499573,86.53777937199658,0.035988349799514784,BELOW_MODEL_FIRST_LIMIT,1499.1486629545761,1.4865831993706843e-14,3.397375094135375e-14,3.303518220823743e-14,0.0
BAY-0015,L713_P12,713.0,18.1102,12,200,50.0,1.14,bare_steel,80.0,140959.20051914384,15.844444444443539,15.844444444444115,0.07542901497453208,0.4998934558834274,M007,top_chord,ideal_euler_compression_screen,0.4998934558834274,0.4998934558834274,39.991476470674186,0.03770647096950164,ELASTIC_TRIAL_EXCEEDS_FIRST_LIMIT,3388.3444388808252,3.303518220823743e-14,4.281276816730321e-14,3.9022808983480464e-14,0.0
BAY-0016,L713_P12,713.0,18.1102,12,200,50.0,1.14,ideal_compression_slab,80.0,140959.20051914384,15.844444444443893,15.844444444443813,0.032936251858335736,1.294282780559294,M025,web,ideal_euler_compression_screen,1.294282780559294,1.294282780559294,103.54262244474353,0.04262882363640799,BELOW_MODEL_FIRST_LIMIT,1483.5996289912946,1.3214072883294971e-14,5.2567531801049084e-14,3.737104987306859e-14,0.0
BAY-0017,L713_P12,713.0,18.1102,12,400,36.0,1.09,bare_steel,80.0,140959.20051914384,15.844444444444978,15.844444444444534,0.08277029893632061,0.45756818773470703,M006,top_chord,ideal_euler_compression_screen,0.45756818773470703,0.45756818773470703,36.60545501877656,0.03787305568255217,ELASTIC_TRIAL_EXCEEDS_FIRST_LIMIT,3718.7551871192145,3.082853527167157e-14,4.597909658736273e-14,1.9614639436140973e-14,0.0
BAY-0018,L713_P12,713.0,18.1102,12,400,36.0,1.09,ideal_compression_slab,80.0,140959.20051914384,15.844444444444951,15.844444444445168,0.039180920938603356,0.9901343579266901,M046,web,ideal_euler_compression_screen,0.9901343579266901,0.9901343579266901,79.21074863413521,0.03879437599652044,ELASTIC_TRIAL_EXCEEDS_FIRST_LIMIT,1764.8544421750744,9.910554662471228e-15,4.818400463154627e-14,3.881633909467898e-14,0.0
BAY-0019,L713_P12,713.0,18.1102,12,400,36.0,1.14,bare_steel,80.0,140959.20051914384,15.84444444444422,15.8444444444438,0.08240623360678047,0.4575681877347603,M006,top_chord,ideal_euler_compression_screen,0.4575681877347603,0.4575681877347603,36.60545501878082,0.03770647096950184,ELASTIC_TRIAL_EXCEEDS_FIRST_LIMIT,3701.767860350864,3.9642218649884913e-14,4.9875473402158644e-14,2.746049521059736e-14,0.0
BAY-0020,L713_P12,713.0,18.1102,12,400,36.0,1.14,ideal_compression_slab,80.0,140959.20051914384,15.844444444444324,15.844444444443774,0.03881685560906832,1.184697697772821,M025,web,ideal_euler_compression_screen,1.184697697772821,1.184697697772821,94.77581582182567,0.04598623947484325,BELOW_MODEL_FIRST_LIMIT,1747.8671154071535,1.668534788876992e-14,3.226141793781868e-14,2.4982856544979556e-14,0.0
BAY-0021,L713_P12,713.0,18.1102,12,400,50.0,1.09,bare_steel,80.0,140959.20051914384,15.844444444444978,15.844444444444534,0.08277029893632061,0.45756818773470703,M006,top_chord,ideal_euler_compression_screen,0.45756818773470703,0.45756818773470703,36.60545501877656,0.03787305568255217,ELASTIC_TRIAL_EXCEEDS_FIRST_LIMIT,3718.7551871192145,3.082853527167157e-14,4.597909658736273e-14,1.9614639436140973e-14,0.0
BAY-0022,L713_P12,713.0,18.1102,12,400,50.0,1.09,ideal_compression_slab,80.0,140959.20051914384,15.844444444444951,15.844444444445168,0.039180920938603356,0.9901343579266901,M046,web,ideal_euler_compression_screen,0.9901343579266901,0.9901343579266901,79.21074863413521,0.03879437599652044,ELASTIC_TRIAL_EXCEEDS_FIRST_LIMIT,1764.8544421750744,9.910554662471228e-15,4.818400463154627e-14,3.881633909467898e-14,0.0
BAY-0023,L713_P12,713.0,18.1102,12,400,50.0,1.14,bare_steel,80.0,140959.20051914384,15.84444444444422,15.8444444444438,0.08240623360678047,0.4575681877347603,M006,top_chord,ideal_euler_compression_screen,0.4575681877347603,0.4575681877347603,36.60545501878082,0.03770647096950184,ELASTIC_TRIAL_EXCEEDS_FIRST_LIMIT,3701.767860350864,3.9642218649884913e-14,4.9875473402158644e-14,2.746049521059736e-14,0.0
BAY-0024,L713_P12,713.0,18.1102,12,400,50.0,1.14,ideal_compression_slab,80.0,140959.20051914384,15.844444444444324,15.844444444443774,0.03881685560906832,1.184697697772821,M025,web,ideal_euler_compression_screen,1.184697697772821,1.184697697772821,94.77581582182567,0.04598623947484325,BELOW_MODEL_FIRST_LIMIT,1747.8671154071535,1.668534788876992e-14,3.226141793781868e-14,2.4982856544979556e-14,0.0
BAY-0025,L713_P12,713.0,18.1102,12,600,36.0,1.09,bare_steel,80.0,140959.20051914384,15.844444444443669,15.844444444443695,0.09664251556096566,0.3918881401494634,M007,top_chord,ideal_euler_compression_screen,0.3918881401494634,0.3918881401494634,31.35105121195707,0.037873055682552406,ELASTIC_TRIAL_EXCEEDS_FIRST_LIMIT,4342.014716112769,2.326657559431722e-14,4.8595590896617545e-14,4.810748409074576e-14,0.0
BAY-0026,L713_P12,713.0,18.1102,12,600,36.0,1.09,ideal_compression_slab,80.0,140959.20051914384,15.84444444444422,15.844444444444363,0.05682171511443208,0.848008935994752,M046,web,ideal_euler_compression_screen,0.848008935994752,0.848008935994752,67.84071487958016,0.048185322175586465,ELASTIC_TRIAL_EXCEEDS_FIRST_LIMIT,2557.041054391382,2.518932643378104e-14,1.1737521815288158e-14,9.704084773669745e-15,0.0
BAY-0027,L713_P12,713.0,18.1102,12,600,36.0,1.14,bare_steel,80.0,140959.20051914384,15.84444444444422,15.844444444444166,0.09621743325817736,0.39188814014945894,M007,top_chord,ideal_euler_compression_screen,0.39188814014945894,0.39188814014945894,31.351051211956715,0.03770647096950182,ELASTIC_TRIAL_EXCEEDS_FIRST_LIMIT,4322.18033092192,3.427400154104633e-14,2.6303122271014466e-14,1.5898181437714263e-14,0.0
BAY-0028,L713_P12,713.0,18.1102,12,600,36.0,1.14,ideal_compression_slab,80.0,140959.20051914384,15.844444444445553,15.844444444445134,0.05639663281164664,1.0146443521738748,M025,web,ideal_euler_compression_screen,1.0146443521738748,1.0146443521738748,81.17154817390998,0.0572225249639611,BELOW_MODEL_FIRST_LIMIT,2537.206669200784,1.9821109324942457e-14,7.617338645401963e-14,5.677921942040808e-14,0.0
BAY-0029,L713_P12,713.0,18.1102,12,600,50.0,1.09,bare_steel,80.0,140959.20051914384,15.844444444443669,15.844444444443695,0.09664251556096566,0.3918881401494634,M007,top_chord,ideal_euler_compression_screen,0.3918881401494634,0.3918881401494634,31.35105121195707,0.037873055682552406,ELASTIC_TRIAL_EXCEEDS_FIRST_LIMIT,4342.014716112769,2.326657559431722e-14,4.8595590896617545e-14,4.810748409074576e-14,0.0
BAY-0030,L713_P12,713.0,18.1102,12,600,50.0,1.09,ideal_compression_slab,80.0,140959.20051914384,15.84444444444422,15.844444444444363,0.05682171511443208,0.848008935994752,M046,web,ideal_euler_compression_screen,0.848008935994752,0.848008935994752,67.84071487958016,0.048185322175586465,ELASTIC_TRIAL_EXCEEDS_FIRST_LIMIT,2557.041054391382,2.518932643378104e-14,1.1737521815288158e-14,9.704084773669745e-15,0.0
BAY-0031,L713_P12,713.0,18.1102,12,600,50.0,1.14,bare_steel,80.0,140959.20051914384,15.84444444444422,15.844444444444166,0.09621743325817736,0.39188814014945894,M007,top_chord,ideal_euler_compression_screen,0.39188814014945894,0.39188814014945894,31.351051211956715,0.03770647096950182,ELASTIC_TRIAL_EXCEEDS_FIRST_LIMIT,4322.18033092192,3.427400154104633e-14,2.6303122271014466e-14,1.5898181437714263e-14,0.0
BAY-0032,L713_P12,713.0,18.1102,12,600,50.0,1.14,ideal_compression_slab,80.0,140959.20051914384,15.844444444445553,15.844444444445134,0.05639663281164664,1.0146443521738748,M025,web,ideal_euler_compression_screen,1.0146443521738748,1.0146443521738748,81.17154817390998,0.0572225249639611,BELOW_MODEL_FIRST_LIMIT,2537.206669200784,1.9821109324942457e-14,7.617338645401963e-14,5.677921942040808e-14,0.0
BAY-0033,L713_P16,713.0,18.1102,16,20,36.0,1.09,bare_steel,80.0,140959.20051914384,15.844444444445825,15.844444444446454,0.0720247295289886,0.9271007670790051,M009,top_chord,ideal_euler_compression_screen,0.9271007670790051,0.9271007670790051,74.16806136632042,0.0667741819949832,ELASTIC_TRIAL_EXCEEDS_FIRST_LIMIT,3244.0363148758915,4.841718892394798e-14,1.192927446064013e-13,1.0695140239916868e-13,0.0
BAY-0034,L713_P16,713.0,18.1102,16,20,36.0,1.09,ideal_compression_slab,80.0,140959.20051914384,15.844444444444372,15.844444444444752,0.030242733284988107,1.6241517028700614,M062,web,ideal_euler_compression_screen,1.6241517028700614,1.6241517028700614,129.9321362296049,0.04911878676425852,BELOW_MODEL_FIRST_LIMIT,1366.0021582250768,1.6517591104118715e-14,1.9474874081769063e-14,7.432915996853422e-15,0.0
BAY-0035,L713_P16,713.0,18.1102,16,20,36.0,1.14,bare_steel,80.0,140959.20051914384,15.844444444441429,15.844444444441168,0.07173537801380654,0.9271007670793913,M008,top_chord,ideal_euler_compression_screen,0.9271007670793913,0.9271007670793913,74.1680613663513,0.06650592398333015,ELASTIC_TRIAL_EXCEEDS_FIRST_LIMIT,3230.4938365497887,5.615980975400363e-14,2.763258792480053e-13,1.9862403302702755e-13,0.0
BAY-0036,L713_P16,713.0,18.1102,16,20,36.0,1.14,ideal_compression_slab,80.0,140959.20051914384,15.844444444443875,15.844444444444013,0.029953381769832692,1.94330069229496,M062,web,ideal_euler_compression_screen,1.94330069229496,1.94330069229496,155.46405538359681,0.0582084275298911,BELOW_MODEL_FIRST_LIMIT,1352.459679901357,1.940816954733949e-14,4.5392031483073475e-14,3.158989298662704e-14,0.0
BAY-0037,L713_P16,713.0,18.1102,16,20,50.0,1.09,bare_steel,80.0,140959.20051914384,15.844444444445825,15.844444444446454,0.0720247295289886,0.9271007670790051,M009,top_chord,ideal_euler_compression_screen,0.9271007670790051,0.9271007670790051,74.16806136632042,0.0667741819949832,ELASTIC_TRIAL_EXCEEDS_FIRST_LIMIT,3244.0363148758915,4.841718892394798e-14,1.192927446064013e-13,1.0695140239916868e-13,0.0
BAY-0038,L713_P16,713.0,18.1102,16,20,50.0,1.09,ideal_compression_slab,80.0,140959.20051914384,15.844444444444372,15.844444444444752,0.030242733284988107,1.6241517028700614,M062,web,ideal_euler_compression_screen,1.6241517028700614,1.6241517028700614,129.9321362296049,0.04911878676425852,BELOW_MODEL_FIRST_LIMIT,1366.0021582250768,1.6517591104118715e-14,1.9474874081769063e-14,7.432915996853422e-15,0.0
BAY-0039,L713_P16,713.0,18.1102,16,20,50.0,1.14,bare_steel,80.0,140959.20051914384,15.844444444441429,15.844444444441168,0.07173537801380654,0.9271007670793913,M008,top_chord,ideal_euler_compression_screen,0.9271007670793913,0.9271007670793913,74.1680613663513,0.06650592398333015,ELASTIC_TRIAL_EXCEEDS_FIRST_LIMIT,3230.4938365497887,5.615980975400363e-14,2.763258792480053e-13,1.9862403302702755e-13,0.0
BAY-0040,L713_P16,713.0,18.1102,16,20,50.0,1.14,ideal_compression_slab,80.0,140959.20051914384,15.844444444443875,15.844444444444013,0.029953381769832692,1.94330069229496,M062,web,ideal_euler_compression_screen,1.94330069229496,1.94330069229496,155.46405538359681,0.0582084275298911,BELOW_MODEL_FIRST_LIMIT,1352.459679901357,1.940816954733949e-14,4.5392031483073475e-14,3.158989298662704e-14,0.0
BAY-0041,L713_P16,713.0,18.1102,16,200,36.0,1.09,bare_steel,80.0,140959.20051914384,15.844444444445564,15.844444444447815,0.07559995741277874,0.8832568731539242,M009,top_chord,ideal_euler_compression_screen,0.8832568731539242,0.8832568731539242,70.66054985231393,0.06677418199498078,ELASTIC_TRIAL_EXCEEDS_FIRST_LIMIT,3405.0666882607097,3.633870042906117e-14,2.128790251926849e-13,1.4163834371781798e-13,0.0
BAY-0042,L713_P16,713.0,18.1102,16,200,36.0,1.09,ideal_compression_slab,80.0,140959.20051914384,15.844444444444804,15.84444444444525,0.03289831133180943,1.5473432937873215,M062,web,ideal_euler_compression_screen,1.5473432937873215,1.5473432937873215,123.78746350298572,0.05090498141620276,BELOW_MODEL_FIRST_LIMIT,1485.6957367877797,1.6517591104118715e-14,5.111598944359585e-14,3.675164020666414e-14,0.0
BAY-0043,L713_P16,713.0,18.1102,16,200,36.0,1.14,bare_steel,80.0,140959.20051914384,15.844444444443104,15.844444444441638,0.07529624280852851,0.8832568731543268,M008,top_chord,ideal_euler_compression_screen,0.8832568731543268,0.8832568731543268,70.66054985234614,0.06650592398332986,ELASTIC_TRIAL_EXCEEDS_FIRST_LIMIT,3390.8519762942333,4.7901014201944274e-14,1.8507187828028919e-13,1.309019095001408e-13,0.0
BAY-0044,L713_P16,713.0,18.1102,16,200,36.0,1.14,ideal_compression_slab,80.0,140959.20051914384,15.844444444443274,15.844444444443065,0.032594596727584434,1.8513992804499106,M033,web,ideal_euler_compression_screen,1.8513992804499106,1.8513992804499106,148.11194243599286,0.06034561292800483,BELOW_MODEL_FIRST_LIMIT,1471.4810248235235,2.7254025321795878e-14,1.1218173091397178e-13,8.052325663257874e-14,0.0
BAY-0045,L713_P16,713.0,18.1102,16,200,50.0,1.09,bare_steel,80.0,140959.20051914384,15.844444444445564,15.844444444447815,0.07559995741277874,0.8832568731539242,M009,top_chord,ideal_euler_compression_screen,0.8832568731539242,0.8832568731539242,70.66054985231393,0.06677418199498078,ELASTIC_TRIAL_EXCEEDS_FIRST_LIMIT,3405.0666882607097,3.633870042906117e-14,2.128790251926849e-13,1.4163834371781798e-13,0.0
BAY-0046,L713_P16,713.0,18.1102,16,200,50.0,1.09,ideal_compression_slab,80.0,140959.20051914384,15.844444444444804,15.84444444444525,0.03289831133180943,1.5473432937873215,M062,web,ideal_euler_compression_screen,1.5473432937873215,1.5473432937873215,123.78746350298572,0.05090498141620276,BELOW_MODEL_FIRST_LIMIT,1485.6957367877797,1.6517591104118715e-14,5.111598944359585e-14,3.675164020666414e-14,0.0
BAY-0047,L713_P16,713.0,18.1102,16,200,50.0,1.14,bare_steel,80.0,140959.20051914384,15.844444444443104,15.844444444441638,0.07529624280852851,0.8832568731543268,M008,top_chord,ideal_euler_compression_screen,0.8832568731543268,0.8832568731543268,70.66054985234614,0.06650592398332986,ELASTIC_TRIAL_EXCEEDS_FIRST_LIMIT,3390.8519762942333,4.7901014201944274e-14,1.8507187828028919e-13,1.309019095001408e-13,0.0
BAY-0048,L713_P16,713.0,18.1102,16,200,50.0,1.14,ideal_compression_slab,80.0,140959.20051914384,15.844444444443274,15.844444444443065,0.032594596727584434,1.8513992804499106,M033,web,ideal_euler_compression_screen,1.8513992804499106,1.8513992804499106,148.11194243599286,0.06034561292800483,BELOW_MODEL_FIRST_LIMIT,1471.4810248235235,2.7254025321795878e-14,1.1218173091397178e-13,8.052325663257874e-14,0.0
BAY-0049,L713_P16,713.0,18.1102,16,400,36.0,1.09,bare_steel,80.0,140959.20051914384,15.84444444444169,15.844444444440539,0.08259298829927161,0.808472769541055,M008,top_chord,ideal_euler_compression_screen,0.808472769541055,0.808472769541055,64.6778215632844,0.06677418199498407,ELASTIC_TRIAL_EXCEEDS_FIRST_LIMIT,3720.036925498147,3.943574876108343e-14,2.653888976228506e-13,2.1018634679991064e-13,0.0
BAY-0050,L713_P16,713.0,18.1102,16,400,36.0,1.09,ideal_compression_slab,80.0,140959.20051914384,15.84444444444474,15.844444444443836,0.038789336673780754,1.4163319371536731,M033,web,ideal_euler_compression_screen,1.4163319371536731,1.4163319371536731,113.30655497229385,0.05493857635208191,BELOW_MODEL_FIRST_LIMIT,1751.1325807120672,2.7976669932601073e-14,3.2460945268743416e-15,9.910554662471228e-15,0.0
BAY-0051,L713_P16,713.0,18.1102,16,400,36.0,1.14,bare_steel,80.0,140959.20051914384,15.844444444442475,15.844444444441429,0.08226117995425825,0.8084727695410002,M008,top_chord,ideal_euler_compression_screen,0.8084727695410002,0.8084727695410002,64.67782156328002,0.06650592398332977,ELASTIC_TRIAL_EXCEEDS_FIRST_LIMIT,3704.5073461300676,3.799045953947304e-14,2.0070466845636927e-13,1.5733005526673075e-13,0.0
BAY-0052,L713_P16,713.0,18.1102,16,400,36.0,1.14,ideal_compression_slab,80.0,140959.20051914384,15.844444444444752,15.844444444444163,0.03845752832876173,1.6946439357396847,M033,web,ideal_euler_compression_screen,1.6946439357396847,1.6946439357396847,135.57151485917478,0.0651718171658732,BELOW_MODEL_FIRST_LIMIT,1735.6030013434936,2.2092278101758782e-14,5.371228723363726e-15,8.258795552059357e-16,0.0
BAY-0053,L713_P16,713.0,18.1102,16,400,50.0,1.09,bare_steel,80.0,140959.20051914384,15.84444444444169,15.844444444440539,0.08259298829927161,0.808472769541055,M008,top_chord,ideal_euler_compression_screen,0.808472769541055,0.808472769541055,64.6778215632844,0.06677418199498407,ELASTIC_TRIAL_EXCEEDS_FIRST_LIMIT,3720.036925498147,3.943574876108343e-14,2.653888976228506e-13,2.1018634679991064e-13,0.0
BAY-0054,L713_P16,713.0,18.1102,16,400,50.0,1.09,ideal_compression_slab,80.0,140959.20051914384,15.84444444444474,15.844444444443836,0.038789336673780754,1.4163319371536731,M033,web,ideal_euler_compression_screen,1.4163319371536731,1.4163319371536731,113.30655497229385,0.05493857635208191,BELOW_MODEL_FIRST_LIMIT,1751.1325807120672,2.7976669932601073e-14,3.2460945268743416e-15,9.910554662471228e-15,0.0
BAY-0055,L713_P16,713.0,18.1102,16,400,50.0,1.14,bare_steel,80.0,140959.20051914384,15.844444444442475,15.844444444441429,0.08226117995425825,0.8084727695410002,M008,top_chord,ideal_euler_compression_screen,0.8084727695410002,0.8084727695410002,64.67782156328002,0.06650592398332977,ELASTIC_TRIAL_EXCEEDS_FIRST_LIMIT,3704.5073461300676,3.799045953947304e-14,2.0070466845636927e-13,1.5733005526673075e-13,0.0
BAY-0056,L713_P16,713.0,18.1102,16,400,50.0,1.14,ideal_compression_slab,80.0,140959.20051914384,15.844444444444752,15.844444444444163,0.03845752832876173,1.6946439357396847,M033,web,ideal_euler_compression_screen,1.6946439357396847,1.6946439357396847,135.57151485917478,0.0651718171658732,BELOW_MODEL_FIRST_LIMIT,1735.6030013434936,2.2092278101758782e-14,5.371228723363726e-15,8.258795552059357e-16,0.0
BAY-0057,L713_P16,713.0,18.1102,16,600,36.0,1.09,bare_steel,80.0,140959.20051914384,15.844444444444884,15.844444444445982,0.09643548784430182,0.5691346326660084,M008,top_chord,steel_axial_yield,0.5691346326660084,0.5691346326660084,45.53077061328067,0.054884775950234034,ELASTIC_TRIAL_EXCEEDS_FIRST_LIMIT,4343.511272524398,5.244335175557692e-14,1.0511457474004872e-13,6.235390641804815e-14,0.0
BAY-0058,L713_P16,713.0,18.1102,16,600,36.0,1.09,ideal_compression_slab,80.0,140959.20051914384,15.844444444443523,15.844444444444255,0.056418939080950685,1.1906061200093818,M024,bottom_chord,steel_axial_yield,1.1906061200093818,1.1906061200093818,95.24848960075055,0.06717273415421637,BELOW_MODEL_FIRST_LIMIT,2544.8311671032843,2.735726026619662e-14,2.5017230984549434e-14,3.509988109625227e-14,0.0
BAY-0059,L713_P16,713.0,18.1102,16,600,36.0,1.14,bare_steel,80.0,140959.20051914384,15.84444444444614,15.844444444447081,0.09604806876332739,0.5691346326659321,M009,top_chord,steel_axial_yield,0.5691346326659321,0.5691346326659321,45.53077061327457,0.05466428233388852,ELASTIC_TRIAL_EXCEEDS_FIRST_LIMIT,4325.37895169203,3.9642218649884913e-14,2.13843948017835e-13,1.3668306638658235e-13,0.0
BAY-0060,L713_P16,713.0,18.1102,16,600,36.0,1.14,ideal_compression_slab,80.0,140959.20051914384,15.844444444444935,15.844444444444989,0.056031519999970046,1.190606120009289,M024,bottom_chord,steel_axial_yield,1.190606120009289,1.190606120009289,95.24848960074311,0.06671147062538721,BELOW_MODEL_FIRST_LIMIT,2526.6988462703584,3.303518220823743e-14,5.0393523722132433e-14,3.262224243063446e-14,0.0
BAY-0061,L713_P16,713.0,18.1102,16,600,50.0,1.09,bare_steel,80.0,140959.20051914384,15.844444444444884,15.844444444445982,0.09643548784430182,0.6924233338539514,M008,top_chord,ideal_euler_compression_screen,0.6924233338539514,0.6924233338539514,55.39386670831611,0.06677418199498367,ELASTIC_TRIAL_EXCEEDS_FIRST_LIMIT,4343.511272524398,5.244335175557692e-14,1.0511457474004872e-13,6.235390641804815e-14,0.0
BAY-0062,L713_P16,713.0,18.1102,16,600,50.0,1.09,ideal_compression_slab,80.0,140959.20051914384,15.844444444443523,15.844444444444255,0.056418939080950685,1.213029453453185,M062,web,ideal_euler_compression_screen,1.213029453453185,1.213029453453185,97.0423562762548,0.06843783483777414,BELOW_MODEL_FIRST_LIMIT,2544.8311671032843,2.735726026619662e-14,2.5017230984549434e-14,3.509988109625227e-14,0.0
BAY-0063,L713_P16,713.0,18.1102,16,600,50.0,1.14,bare_steel,80.0,140959.20051914384,15.84444444444614,15.844444444447081,0.09604806876332739,0.6924233338538586,M009,top_chord,ideal_euler_compression_screen,0.6924233338538586,0.6924233338538586,55.393866708308686,0.0665059239833278,ELASTIC_TRIAL_EXCEEDS_FIRST_LIMIT,4325.37895169203,3.9642218649884913e-14,2.13843948017835e-13,1.3668306638658235e-13,0.0
BAY-0064,L713_P16,713.0,18.1102,16,600,50.0,1.14,ideal_compression_slab,80.0,140959.20051914384,15.844444444444935,15.844444444444989,0.056031519999970046,1.4513921159605523,M062,web,ideal_euler_compression_screen,1.4513921159605523,1.4513921159605523,116.11136927684419,0.08132370637324253,BELOW_MODEL_FIRST_LIMIT,2526.6988462703584,3.303518220823743e-14,5.0393523722132433e-14,3.262224243063446e-14,0.0
BAY-0065,L713_P20,713.0,18.1102,20,20,36.0,1.09,bare_steel,80.0,140959.20051914384,15.844444444445713,15.844444444442312,0.0721319353903336,1.2074084871937094,M010,top_chord,steel_axial_yield,1.2074084871937094,1.2074084871937094,96.59267897549675,0.08709271098799709,BELOW_MODEL_FIRST_LIMIT,3252.914434300442,5.607593136167803e-14,6.752190225544092e-14,2.7254025321795878e-14,0.0
BAY-0066,L713_P20,713.0,18.1102,20,20,36.0,1.09,ideal_compression_slab,80.0,140959.20051914384,15.84444444444565,15.84444444444485,0.03025533840013524,1.9875536718945994,M041,web,ideal_euler_compression_screen,1.9875536718945994,1.9875536718945994,159.00429375156796,0.060134108931602474,BELOW_MODEL_FIRST_LIMIT,1368.2384827799233,2.1318016018753216e-14,6.281598595510784e-14,5.0791592645165046e-14,0.0
BAY-0067,L713_P20,713.0,18.1102,20,20,36.0,1.14,bare_steel,80.0,140959.20051914384,15.844444444448332,15.844444444445557,0.07184026578663358,1.2074084871933228,M010,top_chord,steel_axial_yield,1.2074084871933228,1.2074084871933228,96.59267897546583,0.08674054663300548,BELOW_MODEL_FIRST_LIMIT,3239.2441908453584,5.5127460309996206e-14,2.208285454261257e-13,1.5774299504433372e-13,0.0
BAY-0068,L713_P20,713.0,18.1102,20,20,36.0,1.14,ideal_compression_slab,80.0,140959.20051914384,15.844444444444628,15.844444444444242,0.029963668796412362,2.378111859711693,M041,web,ideal_euler_compression_screen,2.378111859711693,2.378111859711693,190.24894877693544,0.07125695612522143,BELOW_MODEL_FIRST_LIMIT,1354.5682393228017,2.3176245017966572e-14,1.0071416212603855e-15,6.194096664044518e-16,0.0
BAY-0069,L713_P20,713.0,18.1102,20,20,50.0,1.09,bare_steel,80.0,140959.20051914384,15.844444444445713,15.844444444442312,0.0721319353903336,1.4445003020357936,M010,top_chord,ideal_euler_compression_screen,1.4445003020357936,1.4445003020357936,115.56002416286348,0.10419460245776324,BELOW_MODEL_FIRST_LIMIT,3252.914434300442,5.607593136167803e-14,6.752190225544092e-14,2.7254025321795878e-14,0.0
BAY-0070,L713_P20,713.0,18.1102,20,20,50.0,1.09,ideal_compression_slab,80.0,140959.20051914384,15.84444444444565,15.84444444444485,0.03025533840013524,1.9875536718945994,M041,web,ideal_euler_compression_screen,1.9875536718945994,1.9875536718945994,159.00429375156796,0.060134108931602474,BELOW_MODEL_FIRST_LIMIT,1368.2384827799233,2.1318016018753216e-14,6.281598595510784e-14,5.0791592645165046e-14,0.0
BAY-0071,L713_P20,713.0,18.1102,20,20,50.0,1.14,bare_steel,80.0,140959.20051914384,15.844444444448332,15.844444444445557,0.07184026578663358,1.4445003020353313,M010,top_chord,ideal_euler_compression_screen,1.4445003020353313,1.4445003020353313,115.56002416282651,0.10377328562709068,BELOW_MODEL_FIRST_LIMIT,3239.2441908453584,5.5127460309996206e-14,2.208285454261257e-13,1.5774299504433372e-13,0.0
BAY-0072,L713_P20,713.0,18.1102,20,20,50.0,1.14,ideal_compression_slab,80.0,140959.20051914384,15.844444444444628,15.844444444444242,0.029963668796412362,2.378111859711693,M041,web,ideal_euler_compression_screen,2.378111859711693,2.378111859711693,190.24894877693544,0.07125695612522143,BELOW_MODEL_FIRST_LIMIT,1354.5682393228017,2.3176245017966572e-14,1.0071416212603855e-15,6.194096664044518e-16,0.0
BAY-0073,L713_P20,713.0,18.1102,20,200,36.0,1.09,bare_steel,80.0,140959.20051914384,15.844444444441788,15.844444444441685,0.07571248485444569,1.0311702848678228,M010,top_chord,steel_axial_yield,1.0311702848678228,1.0311702848678228,82.49362278942583,0.07807246457540948,BELOW_MODEL_FIRST_LIMIT,3414.385507708754,5.4508050643591756e-14,2.317431317453209e-13,1.709570679276287e-13,0.0
BAY-0074,L713_P20,713.0,18.1102,20,200,36.0,1.09,ideal_compression_slab,80.0,140959.20051914384,15.844444444444981,15.844444444444628,0.03291415580125085,1.893559474656264,M041,web,ideal_euler_compression_screen,1.893559474656264,1.893559474656264,151.48475797250111,0.06232491156777099,BELOW_MODEL_FIRST_LIMIT,1488.2265709958178,2.374403721217065e-14,2.2000554150781538e-14,2.271168776816323e-14,0.0
BAY-0075,L713_P20,713.0,18.1102,20,200,36.0,1.14,bare_steel,80.0,140959.20051914384,15.844444444442207,15.844444444443882,0.07540633709432056,1.0311702848676172,M011,top_chord,steel_axial_yield,1.0311702848676172,1.0311702848676172,82.49362278940937,0.0777567741023741,BELOW_MODEL_FIRST_LIMIT,3400.036688492931,3.9642218649884913e-14,5.323161548972191e-14,8.836911240703513e-14,0.0
BAY-0076,L713_P20,713.0,18.1102,20,200,36.0,1.14,ideal_compression_slab,80.0,140959.20051914384,15.844444444443528,15.844444444443823,0.032608008041109825,2.1632804011466846,M030,bottom_chord,steel_axial_yield,2.1632804011466846,2.1632804011466846,173.06243209173476,0.07054026471576638,BELOW_MODEL_FIRST_LIMIT,1473.877751778582,2.5447413794782894e-14,4.3041056405191656e-14,4.8520423868348724e-14,0.0
BAY-0077,L713_P20,713.0,18.1102,20,200,50.0,1.09,bare_steel,80.0,140959.20051914384,15.844444444441788,15.844444444441685,0.07571248485444569,1.3761878593480725,M010,top_chord,ideal_euler_compression_screen,1.3761878593480725,1.3761878593480725,110.0950287478458,0.10419460245776298,BELOW_MODEL_FIRST_LIMIT,3414.385507708754,5.4508050643591756e-14,2.317431317453209e-13,1.709570679276287e-13,0.0
BAY-0078,L713_P20,713.0,18.1102,20,200,50.0,1.09,ideal_compression_slab,80.0,140959.20051914384,15.844444444444981,15.844444444444628,0.03291415580125085,1.893559474656264,M041,web,ideal_euler_compression_screen,1.893559474656264,1.893559474656264,151.48475797250111,0.06232491156777099,BELOW_MODEL_FIRST_LIMIT,1488.2265709958178,2.374403721217065e-14,2.2000554150781538e-14,2.271168776816323e-14,0.0
BAY-0079,L713_P20,713.0,18.1102,20,200,50.0,1.14,bare_steel,80.0,140959.20051914384,15.844444444442207,15.844444444443882,0.07540633709432056,1.376187859347798,M011,top_chord,ideal_euler_compression_screen,1.376187859347798,1.376187859347798,110.09502874782385,0.10377328562709147,BELOW_MODEL_FIRST_LIMIT,3400.036688492931,3.9642218649884913e-14,5.323161548972191e-14,8.836911240703513e-14,0.0
BAY-0080,L713_P20,713.0,18.1102,20,200,50.0,1.14,ideal_compression_slab,80.0,140959.20051914384,15.844444444443528,15.844444444443823,0.032608008041109825,2.2656476186914896,M078,web,ideal_euler_compression_screen,2.2656476186914896,2.2656476186914896,181.25180949531915,0.07387825576861341,BELOW_MODEL_FIRST_LIMIT,1473.877751778582,2.5447413794782894e-14,4.3041056405191656e-14,4.8520423868348724e-14,0.0
BAY-0081,L713_P20,713.0,18.1102,20,400,36.0,1.09,bare_steel,80.0,140959.20051914384,15.844444444445452,15.844444444444301,0.08271592458119732,0.8599809346375075,M010,top_chord,steel_axial_yield,0.8599809346375075,0.8599809346375075,68.7984747710006,0.07113411813074365,ELASTIC_TRIAL_EXCEEDS_FIRST_LIMIT,3730.217740043936,4.881077214947581e-14,9.533288756195407e-14,2.7254025321795878e-14,0.0
BAY-0082,L713_P20,713.0,18.1102,20,400,36.0,1.09,ideal_compression_slab,80.0,140959.20051914384,15.84444444444464,15.844444444443921,0.03881309487652369,1.7332344862472253,M041,web,ideal_euler_compression_screen,1.7332344862472253,1.7332344862472253,138.65875889977804,0.06727219455797635,BELOW_MODEL_FIRST_LIMIT,1754.3502318150793,2.19696866052829e-14,1.244214094010552e-14,1.0323494440074196e-14,0.0
BAY-0083,L713_P20,713.0,18.1102,20,400,36.0,1.14,bare_steel,80.0,140959.20051914384,15.84444444444315,15.844444444445296,0.08238145801220283,0.8599809346376716,M011,top_chord,steel_axial_yield,0.8599809346376716,0.8599809346376716,68.79847477101373,0.07084648325814828,ELASTIC_TRIAL_EXCEEDS_FIRST_LIMIT,3714.541648438294,5.946332797482737e-14,5.264212368257623e-14,1.4039952438500907e-14,0.0
BAY-0084,L713_P20,713.0,18.1102,20,400,36.0,1.14,ideal_compression_slab,80.0,140959.20051914384,15.844444444444457,15.84444444444502,0.03847862830754331,1.804144212224054,M030,bottom_chord,steel_axial_yield,1.804144212224054,1.804144212224054,144.33153697792432,0.06942099455537491,BELOW_MODEL_FIRST_LIMIT,1738.6741402106586,2.2995583865265274e-14,2.2231609668195887e-14,1.8582289992133554e-14,0.0
BAY-0085,L713_P20,713.0,18.1102,20,400,50.0,1.09,bare_steel,80.0,140959.20051914384,15.844444444445452,15.844444444444301,0.08271592458119732,1.1944179647743158,M010,top_chord,steel_axial_yield,1.1944179647743158,1.1944179647743158,95.55343718194527,0.0987973862926995,BELOW_MODEL_FIRST_LIMIT,3730.217740043936,4.881077214947581e-14,9.533288756195407e-14,2.7254025321795878e-14,0.0
BAY-0086,L713_P20,713.0,18.1102,20,400,50.0,1.09,ideal_compression_slab,80.0,140959.20051914384,15.84444444444464,15.844444444443921,0.03881309487652369,1.7332344862472253,M041,web,ideal_euler_compression_screen,1.7332344862472253,1.7332344862472253,138.65875889977804,0.06727219455797635,BELOW_MODEL_FIRST_LIMIT,1754.3502318150793,2.19696866052829e-14,1.244214094010552e-14,1.0323494440074196e-14,0.0
BAY-0087,L713_P20,713.0,18.1102,20,400,50.0,1.14,bare_steel,80.0,140959.20051914384,15.84444444444315,15.844444444445296,0.08238145801220283,1.1944179647745437,M011,top_chord,steel_axial_yield,1.1944179647745437,1.1944179647745437,95.55343718196349,0.09839789341409483,BELOW_MODEL_FIRST_LIMIT,3714.541648438294,5.946332797482737e-14,5.264212368257623e-14,1.4039952438500907e-14,0.0
BAY-0088,L713_P20,713.0,18.1102,20,400,50.0,1.14,ideal_compression_slab,80.0,140959.20051914384,15.844444444444457,15.84444444444502,0.03847862830754331,2.073818456170977,M078,web,ideal_euler_compression_screen,2.073818456170977,2.073818456170977,165.90547649367818,0.07979768955232633,BELOW_MODEL_FIRST_LIMIT,1738.6741402106586,2.2995583865265274e-14,2.2231609668195887e-14,1.8582289992133554e-14,0.0
BAY-0089,L713_P20,713.0,18.1102,20,600,36.0,1.09,bare_steel,80.0,140959.20051914384,15.844444444447808,15.844444444447337,0.0965790281201025,0.5675258978373969,M011,top_chord,steel_axial_yield,0.5675258978373969,0.5675258978373969,45.40207182699176,0.05481109964612437,ELASTIC_TRIAL_EXCEEDS_FIRST_LIMIT,4355.398381072639,5.2856291533179884e-14,2.72719043492622e-13,1.9738521369421863e-13,0.0
BAY-0090,L713_P20,713.0,18.1102,20,600,36.0,1.09,ideal_compression_slab,80.0,140959.20051914384,15.844444444445767,15.844444444445713,0.05647187585010903,1.1906061200092113,M030,bottom_chord,steel_axial_yield,1.1906061200092113,1.1906061200092113,95.2484896007369,0.0672357609955402,BELOW_MODEL_FIRST_LIMIT,2550.3571217513604,2.634426737426434e-14,1.1482991596477842e-13,8.176207596538764e-14,0.0
BAY-0091,L713_P20,713.0,18.1102,20,600,36.0,1.14,bare_steel,80.0,140959.20051914384,15.844444444443253,15.844444444442887,0.0961885052995227,0.5675258978376468,M010,top_chord,steel_axial_yield,0.5675258978376468,0.5675258978376468,45.402071827011746,0.054589467831772875,ELASTIC_TRIAL_EXCEEDS_FIRST_LIMIT,4337.09499270025,5.863744841962144e-14,1.4825885880655543e-13,8.671735329662325e-14,0.0
BAY-0092,L713_P20,713.0,18.1102,20,600,36.0,1.14,ideal_compression_slab,80.0,140959.20051914384,15.844444444444406,15.844444444443855,0.056081353029563095,1.190606120009369,M030,bottom_chord,steel_axial_yield,1.190606120009369,1.190606120009369,95.24848960074951,0.06677080213540379,BELOW_MODEL_FIRST_LIMIT,2532.0537333819752,6.86512380264934e-14,1.4188103611863852e-14,1.9821109324942457e-14,0.0
BAY-0093,L713_P20,713.0,18.1102,20,600,50.0,1.09,bare_steel,80.0,140959.20051914384,15.844444444447808,15.844444444447337,0.0965790281201025,0.7882304136630512,M011,top_chord,steel_axial_yield,0.7882304136630512,0.7882304136630512,63.0584330930441,0.07612652728628384,ELASTIC_TRIAL_EXCEEDS_FIRST_LIMIT,4355.398381072639,5.2856291533179884e-14,2.72719043492622e-13,1.9738521369421863e-13,0.0
BAY-0094,L713_P20,713.0,18.1102,20,600,50.0,1.09,ideal_compression_slab,80.0,140959.20051914384,15.844444444445767,15.844444444445713,0.05647187585010903,1.4844433189748318,M041,web,ideal_euler_compression_screen,1.4844433189748318,1.4844433189748318,118.75546551798655,0.0838292988156705,BELOW_MODEL_FIRST_LIMIT,2550.3571217513604,2.634426737426434e-14,1.1482991596477842e-13,8.176207596538764e-14,0.0
BAY-0095,L713_P20,713.0,18.1102,20,600,50.0,1.14,bare_steel,80.0,140959.20051914384,15.844444444443253,15.844444444442887,0.0961885052995227,0.7882304136633984,M010,top_chord,steel_axial_yield,0.7882304136633984,0.7882304136633984,63.05843309307187,0.07581870532190678,ELASTIC_TRIAL_EXCEEDS_FIRST_LIMIT,4337.09499270025,5.863744841962144e-14,1.4825885880655543e-13,8.671735329662325e-14,0.0
BAY-0096,L713_P20,713.0,18.1102,20,600,50.0,1.14,ideal_compression_slab,80.0,140959.20051914384,15.844444444444406,15.844444444443855,0.056081353029563095,1.653619611124124,M030,bottom_chord,steel_axial_yield,1.653619611124124,1.653619611124124,132.2895688899299,0.09273722518806084,BELOW_MODEL_FIRST_LIMIT,2532.0537333819752,6.86512380264934e-14,1.4188103611863852e-14,1.9821109324942457e-14,0.0
BAY-0097,L433_P12,433.0,10.998199999999999,12,20,36.0,1.09,bare_steel,80.0,85603.5537514576,9.622222222222078,9.622222222222117,0.010565512304202673,3.3033509796894394,M007,top_chord,steel_axial_yield,3.3033509796894394,3.3033509796894394,264.26807837515514,0.03490159542100872,BELOW_MODEL_FIRST_LIMIT,289.06474467497407,1.2239420567566953e-14,1.474844820441236e-14,1.2749396424548909e-14,0.0
BAY-0098,L433_P12,433.0,10.998199999999999,12,20,36.0,1.09,ideal_compression_slab,80.0,85603.5537514576,9.622222222222248,9.622222222222229,0.0049102466934634725,3.357981574097096,M025,web,ideal_euler_compression_screen,3.357981574097096,3.357981574097096,268.6385259277677,0.016488517920921535,BELOW_MODEL_FIRST_LIMIT,135.1170462749983,5.60973442680152e-15,5.048371357536951e-15,1.8699114756005067e-15,0.0
BAY-0099,L433_P12,433.0,10.998199999999999,12,20,36.0,1.14,bare_steel,80.0,85603.5537514576,9.622222222222653,9.622222222222483,0.010458164010787906,3.303350979689279,M006,top_chord,steel_axial_yield,3.303350979689279,3.303350979689279,264.2680783751423,0.03454698633078739,BELOW_MODEL_FIRST_LIMIT,286.02288462179234,1.1049476901275721e-14,3.6965139772262594e-14,3.6208285845718904e-14,0.0
BAY-0100,L433_P12,433.0,10.998199999999999,12,20,36.0,1.14,ideal_compression_slab,80.0,85603.5537514576,9.6222222222223,9.622222222222248,0.004802898400048178,4.017831527759866,M025,web,ideal_euler_compression_screen,4.017831527759866,4.017831527759866,321.4265222207893,0.019297236616340988,BELOW_MODEL_FIRST_LIMIT,132.07518622178853,6.799678093092752e-15,1.1405250622034776e-14,5.60973442680152e-15,0.0
BAY-0101,L433_P12,433.0,10.998199999999999,12,20,50.0,1.09,bare_steel,80.0,85603.5537514576,9.622222222222078,9.622222222222117,0.010565512304202673,3.3579815740971455,M025,web,ideal_euler_compression_screen,3.3579815740971455,3.3579815740971455,268.63852592777164,0.03547879563840925,BELOW_MODEL_FIRST_LIMIT,289.06474467497407,1.2239420567566953e-14,1.474844820441236e-14,1.2749396424548909e-14,0.0
BAY-0102,L433_P12,433.0,10.998199999999999,12,20,50.0,1.09,ideal_compression_slab,80.0,85603.5537514576,9.622222222222248,9.622222222222229,0.0049102466934634725,3.357981574097096,M025,web,ideal_euler_compression_screen,3.357981574097096,3.357981574097096,268.6385259277677,0.016488517920921535,BELOW_MODEL_FIRST_LIMIT,135.1170462749983,5.60973442680152e-15,5.048371357536951e-15,1.8699114756005067e-15,0.0
BAY-0103,L433_P12,433.0,10.998199999999999,12,20,50.0,1.14,bare_steel,80.0,85603.5537514576,9.622222222222653,9.622222222222483,0.010458164010787906,3.8576595766147053,M006,top_chord,ideal_euler_compression_screen,3.8576595766147053,3.8576595766147053,308.6127661291764,0.04034403655002322,BELOW_MODEL_FIRST_LIMIT,286.02288462179234,1.1049476901275721e-14,3.6965139772262594e-14,3.6208285845718904e-14,0.0
BAY-0104,L433_P12,433.0,10.998199999999999,12,20,50.0,1.14,ideal_compression_slab,80.0,85603.5537514576,9.6222222222223,9.622222222222248,0.004802898400048178,4.017831527759866,M025,web,ideal_euler_compression_screen,4.017831527759866,4.017831527759866,321.4265222207893,0.019297236616340988,BELOW_MODEL_FIRST_LIMIT,132.07518622178853,6.799678093092752e-15,1.1405250622034776e-14,5.60973442680152e-15,0.0
BAY-0105,L433_P12,433.0,10.998199999999999,12,200,36.0,1.09,bare_steel,80.0,85603.5537514576,9.622222222222124,9.622222222222248,0.011089972645025488,2.821180575482959,M007,top_chord,steel_axial_yield,2.821180575482959,2.821180575482959,225.69444603863673,0.03128681540878328,BELOW_MODEL_FIRST_LIMIT,303.4135987718857,9.519549330329852e-15,3.1848873107373527e-15,3.569830998873695e-15,0.0
BAY-0106,L433_P12,433.0,10.998199999999999,12,200,36.0,1.09,ideal_compression_slab,80.0,85603.5537514576,9.62222222222211,9.6222222222221,0.00531023083485982,3.199177921716879,M025,web,ideal_euler_compression_screen,3.199177921716879,3.199177921716879,255.93423373735033,0.016988373246103725,BELOW_MODEL_FIRST_LIMIT,146.07740799572107,7.13966199774739e-15,1.3814192059170208e-14,1.1899436662912316e-14,0.0
BAY-0107,L433_P12,433.0,10.998199999999999,12,200,36.0,1.14,bare_steel,80.0,85603.5537514576,9.622222222222627,9.62222222222247,0.010977295701098561,2.821180575482808,M006,top_chord,steel_axial_yield,2.821180575482808,2.821180575482808,225.69444603862465,0.030968933403270192,BELOW_MODEL_FIRST_LIMIT,300.2207441512583,1.6319227423422603e-14,5.0932122351456996e-14,3.4168382417791075e-14,0.0
BAY-0108,L433_P12,433.0,10.998199999999999,12,200,36.0,1.14,ideal_compression_slab,80.0,85603.5537514576,9.622222222222277,9.622222222222252,0.005197553890932416,3.827822646776567,M025,web,ideal_euler_compression_screen,3.827822646776567,3.827822646776567,306.22581174212536,0.019895314491552765,BELOW_MODEL_FIRST_LIMIT,142.88455337506718,6.799678093092752e-15,5.967413991027701e-15,4.589782712837607e-15,0.0
BAY-0109,L433_P12,433.0,10.998199999999999,12,200,50.0,1.09,bare_steel,80.0,85603.5537514576,9.622222222222124,9.622222222222248,0.011089972645025488,3.1991779217168324,M046,web,ideal_euler_compression_screen,3.1991779217168324,3.1991779217168324,255.93423373734657,0.03547879563840916,BELOW_MODEL_FIRST_LIMIT,303.4135987718857,9.519549330329852e-15,3.1848873107373527e-15,3.569830998873695e-15,0.0
BAY-0110,L433_P12,433.0,10.998199999999999,12,200,50.0,1.09,ideal_compression_slab,80.0,85603.5537514576,9.62222222222211,9.6222222222221,0.00531023083485982,3.199177921716879,M025,web,ideal_euler_compression_screen,3.199177921716879,3.199177921716879,255.93423373735033,0.016988373246103725,BELOW_MODEL_FIRST_LIMIT,146.07740799572107,7.13966199774739e-15,1.3814192059170208e-14,1.1899436662912316e-14,0.0
BAY-0111,L433_P12,433.0,10.998199999999999,12,200,50.0,1.14,bare_steel,80.0,85603.5537514576,9.622222222222627,9.62222222222247,0.010977295701098561,3.675225451564126,M006,top_chord,ideal_euler_compression_screen,3.675225451564126,3.675225451564126,294.01803612513004,0.040344036550022895,BELOW_MODEL_FIRST_LIMIT,300.2207441512583,1.6319227423422603e-14,5.0932122351456996e-14,3.4168382417791075e-14,0.0
BAY-0112,L433_P12,433.0,10.998199999999999,12,200,50.0,1.14,ideal_compression_slab,80.0,85603.5537514576,9.622222222222277,9.622222222222252,0.005197553890932416,3.827822646776567,M025,web,ideal_euler_compression_screen,3.827822646776567,3.827822646776567,306.22581174212536,0.019895314491552765,BELOW_MODEL_FIRST_LIMIT,142.88455337506718,6.799678093092752e-15,5.967413991027701e-15,4.589782712837607e-15,0.0
BAY-0113,L433_P12,433.0,10.998199999999999,12,400,36.0,1.09,bare_steel,80.0,85603.5537514576,9.622222222222497,9.622222222222444,0.012115800223393832,2.3528233345056435,M006,top_chord,steel_axial_yield,2.3528233345056435,2.3528233345056435,188.22586676045148,0.028506337481809696,BELOW_MODEL_FIRST_LIMIT,331.479496428715,9.349557378002533e-15,3.206750173538118e-14,2.6008768706079775e-14,0.0
BAY-0114,L433_P12,433.0,10.998199999999999,12,400,36.0,1.09,ideal_compression_slab,80.0,85603.5537514576,9.622222222222202,9.622222222222256,0.006186900052708351,2.928308075755983,M046,web,ideal_euler_compression_screen,2.928308075755983,2.928308075755983,234.26464606047864,0.018117149388240984,BELOW_MODEL_FIRST_LIMIT,170.0829152341782,6.799678093092752e-15,3.342100456271185e-16,1.0199517139639127e-15,0.0
BAY-0115,L433_P12,433.0,10.998199999999999,12,400,36.0,1.14,bare_steel,80.0,85603.5537514576,9.622222222222458,9.622222222222353,0.011992700610247297,2.352823334505621,M006,top_chord,steel_axial_yield,2.352823334505621,2.352823334505621,188.22586676044966,0.028216705839529642,BELOW_MODEL_FIRST_LIMIT,327.99130128482454,1.3259372281530866e-14,3.1542001852308644e-14,1.9209090612987024e-14,0.0
BAY-0116,L433_P12,433.0,10.998199999999999,12,400,36.0,1.14,ideal_compression_slab,80.0,85603.5537514576,9.622222222222264,9.622222222222288,0.006063800439561874,3.503726345767643,M046,web,ideal_euler_compression_screen,3.503726345767643,3.503726345767643,280.29810766141145,0.02124589735557035,BELOW_MODEL_FIRST_LIMIT,166.59472009029093,8.839581521020577e-15,8.700799041920423e-15,5.779726379128839e-15,0.0
BAY-0117,L433_P12,433.0,10.998199999999999,12,400,50.0,1.09,bare_steel,80.0,85603.5537514576,9.622222222222497,9.622222222222444,0.012115800223393832,2.928308075755898,M025,web,ideal_euler_compression_screen,2.928308075755898,2.928308075755898,234.26464606047182,0.03547879563840927,BELOW_MODEL_FIRST_LIMIT,331.479496428715,9.349557378002533e-15,3.206750173538118e-14,2.6008768706079775e-14,0.0
BAY-0118,L433_P12,433.0,10.998199999999999,12,400,50.0,1.09,ideal_compression_slab,80.0,85603.5537514576,9.622222222222202,9.622222222222256,0.006186900052708351,2.928308075755983,M046,web,ideal_euler_compression_screen,2.928308075755983,2.928308075755983,234.26464606047864,0.018117149388240984,BELOW_MODEL_FIRST_LIMIT,170.0829152341782,6.799678093092752e-15,3.342100456271185e-16,1.0199517139639127e-15,0.0
BAY-0119,L433_P12,433.0,10.998199999999999,12,400,50.0,1.14,bare_steel,80.0,85603.5537514576,9.622222222222458,9.622222222222353,0.011992700610247297,3.267810186813362,M006,top_chord,steel_axial_yield,3.267810186813362,3.267810186813362,261.424814945069,0.03918986922156894,BELOW_MODEL_FIRST_LIMIT,327.99130128482454,1.3259372281530866e-14,3.1542001852308644e-14,1.9209090612987024e-14,0.0
BAY-0120,L433_P12,433.0,10.998199999999999,12,400,50.0,1.14,ideal_compression_slab,80.0,85603.5537514576,9.622222222222264,9.622222222222288,0.006063800439561874,3.503726345767643,M046,web,ideal_euler_compression_screen,3.503726345767643,3.503726345767643,280.29810766141145,0.02124589735557035,BELOW_MODEL_FIRST_LIMIT,166.59472009029093,8.839581521020577e-15,8.700799041920423e-15,5.779726379128839e-15,0.0
BAY-0121,L433_P12,433.0,10.998199999999999,12,600,36.0,1.09,bare_steel,80.0,85603.5537514576,9.622222222222412,9.622222222222222,0.014146395828820227,1.5526950907710286,M006,top_chord,steel_axial_yield,1.5526950907710286,1.5526950907710286,124.2156072616823,0.021965039355512923,BELOW_MODEL_FIRST_LIMIT,387.0351177105278,1.0879484948948402e-14,3.3779845134787406e-15,1.002952518731181e-14,0.0
BAY-0122,L433_P12,433.0,10.998199999999999,12,600,36.0,1.09,ideal_compression_slab,80.0,85603.5537514576,9.622222222222097,9.62222222222202,0.00873008659456863,2.5079741912869187,M025,web,ideal_euler_compression_screen,2.5079741912869187,2.5079741912869187,200.6379353029535,0.02189483186687803,BELOW_MODEL_FIRST_LIMIT,239.59229223965625,8.754585544856917e-15,2.9774952275574207e-14,1.682920328040456e-14,0.0
BAY-0123,L433_P12,433.0,10.998199999999999,12,600,36.0,1.14,bare_steel,80.0,85603.5537514576,9.622222222222195,9.622222222221973,0.014002664847635174,1.5526950907710637,M006,top_chord,steel_axial_yield,1.5526950907710637,1.5526950907710637,124.2156072616851,0.02174186896663568,BELOW_MODEL_FIRST_LIMIT,382.96230466276523,1.7339179137386518e-14,2.7459706506909503e-14,1.410933204316746e-14,0.0
BAY-0124,L433_P12,433.0,10.998199999999999,12,600,36.0,1.14,ideal_compression_slab,80.0,85603.5537514576,9.622222222222327,9.622222222222137,0.008586355613384224,3.000796030058583,M025,web,ideal_euler_compression_screen,3.000796030058583,3.000796030058583,240.06368240468663,0.025765901837314607,BELOW_MODEL_FIRST_LIMIT,235.5194791919292,6.799678093092752e-15,4.585713937806456e-15,1.1899436662912315e-15,0.0
BAY-0125,L433_P12,433.0,10.998199999999999,12,600,50.0,1.09,bare_steel,80.0,85603.5537514576,9.622222222222412,9.622222222222222,0.014146395828820227,2.1565209594042063,M006,top_chord,steel_axial_yield,2.1565209594042063,2.1565209594042063,172.5216767523365,0.030506999104879057,BELOW_MODEL_FIRST_LIMIT,387.0351177105278,1.0879484948948402e-14,3.3779845134787406e-15,1.002952518731181e-14,0.0
BAY-0126,L433_P12,433.0,10.998199999999999,12,600,50.0,1.09,ideal_compression_slab,80.0,85603.5537514576,9.622222222222097,9.62222222222202,0.00873008659456863,2.5079741912869187,M025,web,ideal_euler_compression_screen,2.5079741912869187,2.5079741912869187,200.6379353029535,0.02189483186687803,BELOW_MODEL_FIRST_LIMIT,239.59229223965625,8.754585544856917e-15,2.9774952275574207e-14,1.682920328040456e-14,0.0
BAY-0127,L433_P12,433.0,10.998199999999999,12,600,50.0,1.14,bare_steel,80.0,85603.5537514576,9.622222222222195,9.622222222221973,0.014002664847635174,2.156520959404255,M006,top_chord,steel_axial_yield,2.156520959404255,2.156520959404255,172.5216767523404,0.030197040231438443,BELOW_MODEL_FIRST_LIMIT,382.96230466276523,1.7339179137386518e-14,2.7459706506909503e-14,1.410933204316746e-14,0.0
BAY-0128,L433_P12,433.0,10.998199999999999,12,600,50.0,1.14,ideal_compression_slab,80.0,85603.5537514576,9.622222222222327,9.622222222222137,0.008586355613384224,3.000796030058583,M025,web,ideal_euler_compression_screen,3.000796030058583,3.000796030058583,240.06368240468663,0.025765901837314607,BELOW_MODEL_FIRST_LIMIT,235.5194791919292,6.799678093092752e-15,4.585713937806456e-15,1.1899436662912315e-15,0.0
BAY-0129,L433_P16,433.0,10.998199999999999,16,20,36.0,1.09,bare_steel,80.0,85603.5537514576,9.622222222221579,9.622222222221552,0.010710172648926439,3.2831204837510692,M008,top_chord,steel_axial_yield,3.2831204837510692,3.2831204837510692,262.6496387000855,0.03516278720820084,BELOW_MODEL_FIRST_LIMIT,293.9313723098935,2.0399034279278256e-14,8.354452522331337e-14,6.799678093092752e-14,0.0
BAY-0130,L433_P16,433.0,10.998199999999999,16,20,36.0,1.09,ideal_compression_slab,80.0,85603.5537514576,9.622222222222174,9.62222222222199,0.005027107277460942,3.991502089856123,M033,web,ideal_euler_compression_screen,3.991502089856123,3.991502089856123,319.32016718848985,0.020065709203916274,BELOW_MODEL_FIRST_LIMIT,138.80154136320627,8.627091580611429e-15,1.7200267149099237e-14,1.427932399549478e-14,0.0
BAY-0131,L433_P16,433.0,10.998199999999999,16,20,36.0,1.14,bare_steel,80.0,85603.5537514576,9.622222222222096,9.622222222222168,0.010592434828556901,3.2831204837507126,M008,top_chord,steel_axial_yield,3.2831204837507126,3.2831204837507126,262.64963870005704,0.03477623975842963,BELOW_MODEL_FIRST_LIMIT,290.58490377109433,1.9039098660659704e-14,1.5258145256698196e-14,9.179565425675215e-15,0.0
BAY-0132,L433_P16,433.0,10.998199999999999,16,20,36.0,1.14,ideal_compression_slab,80.0,85603.5537514576,9.622222222222103,9.622222222222135,0.004909369457090319,4.775840065190239,M062,web,ideal_euler_compression_screen,4.775840065190239,4.775840065190239,382.0672052152191,0.023446363347993195,BELOW_MODEL_FIRST_LIMIT,135.45507282434934,7.989621759383983e-15,1.594661515196041e-14,1.0539501044293765e-14,0.0
BAY-0133,L433_P16,433.0,10.998199999999999,16,20,50.0,1.09,bare_steel,80.0,85603.5537514576,9.622222222221579,9.622222222221552,0.010710172648926439,3.9915020898563816,M033,web,ideal_euler_compression_screen,3.9915020898563816,3.9915020898563816,319.32016718851054,0.04274967651091254,BELOW_MODEL_FIRST_LIMIT,293.9313723098935,2.0399034279278256e-14,8.354452522331337e-14,6.799678093092752e-14,0.0
BAY-0134,L433_P16,433.0,10.998199999999999,16,20,50.0,1.09,ideal_compression_slab,80.0,85603.5537514576,9.622222222222174,9.62222222222199,0.005027107277460942,3.991502089856123,M033,web,ideal_euler_compression_screen,3.991502089856123,3.991502089856123,319.32016718848985,0.020065709203916274,BELOW_MODEL_FIRST_LIMIT,138.80154136320627,8.627091580611429e-15,1.7200267149099237e-14,1.427932399549478e-14,0.0
BAY-0135,L433_P16,433.0,10.998199999999999,16,20,50.0,1.14,bare_steel,80.0,85603.5537514576,9.622222222222096,9.622222222222168,0.010592434828556901,4.559889560764879,M008,top_chord,steel_axial_yield,4.559889560764879,4.559889560764879,364.79116486119034,0.04830033299781893,BELOW_MODEL_FIRST_LIMIT,290.58490377109433,1.9039098660659704e-14,1.5258145256698196e-14,9.179565425675215e-15,0.0
BAY-0136,L433_P16,433.0,10.998199999999999,16,20,50.0,1.14,ideal_compression_slab,80.0,85603.5537514576,9.622222222222103,9.622222222222135,0.004909369457090319,4.775840065190239,M062,web,ideal_euler_compression_screen,4.775840065190239,4.775840065190239,382.0672052152191,0.023446363347993195,BELOW_MODEL_FIRST_LIMIT,135.45507282434934,7.989621759383983e-15,1.594661515196041e-14,1.0539501044293765e-14,0.0
BAY-0137,L433_P16,433.0,10.998199999999999,16,200,36.0,1.09,bare_steel,80.0,85603.5537514576,9.622222222221861,9.622222222222234,0.011241813769205886,2.8039030041546438,M009,top_chord,steel_axial_yield,2.8039030041546438,2.8039030041546438,224.31224033237152,0.03152095539962342,BELOW_MODEL_FIRST_LIMIT,308.52180041806736,1.4959291804804054e-14,2.6346951450693375e-14,1.8019146946695792e-14,0.0
BAY-0138,L433_P16,433.0,10.998199999999999,16,200,36.0,1.09,ideal_compression_slab,80.0,85603.5537514576,9.622222222222197,9.622222222222367,0.00543366030688392,3.8027383648725253,M062,web,ideal_euler_compression_screen,3.8027383648725253,3.8027383648725253,304.21906918980204,0.020662788510672502,BELOW_MODEL_FIRST_LIMIT,149.97745756280477,9.1583164316343e-15,9.285820580780298e-15,6.459694188438114e-15,0.0
BAY-0139,L433_P16,433.0,10.998199999999999,16,200,36.0,1.14,bare_steel,80.0,85603.5537514576,9.622222222222259,9.62222222222213,0.011118231573700564,2.803903004154543,M008,top_chord,steel_axial_yield,2.803903004154543,2.803903004154543,224.31224033236344,0.031174442910384903,BELOW_MODEL_FIRST_LIMIT,305.00921688357806,1.2239420567566953e-14,1.3045636328345314e-15,2.7198712372371006e-15,0.0
BAY-0140,L433_P16,433.0,10.998199999999999,16,200,36.0,1.14,ideal_compression_slab,80.0,85603.5537514576,9.62222222222223,9.622222222222282,0.0053100781113782575,4.549983898680344,M062,web,ideal_euler_compression_screen,4.549983898680344,4.549983898680344,363.9987118944275,0.024160769907506,BELOW_MODEL_FIRST_LIMIT,146.4648740282971,9.349557378002533e-15,4.463181505027596e-15,3.7398229512010135e-15,0.0
BAY-0141,L433_P16,433.0,10.998199999999999,16,200,50.0,1.09,bare_steel,80.0,85603.5537514576,9.622222222221861,9.622222222222234,0.011241813769205886,3.802738364872566,M062,web,ideal_euler_compression_screen,3.802738364872566,3.802738364872566,304.2190691898053,0.04274967651091189,BELOW_MODEL_FIRST_LIMIT,308.52180041806736,1.4959291804804054e-14,2.6346951450693375e-14,1.8019146946695792e-14,0.0
BAY-0142,L433_P16,433.0,10.998199999999999,16,200,50.0,1.09,ideal_compression_slab,80.0,85603.5537514576,9.622222222222197,9.622222222222367,0.00543366030688392,3.8027383648725253,M062,web,ideal_euler_compression_screen,3.8027383648725253,3.8027383648725253,304.21906918980204,0.020662788510672502,BELOW_MODEL_FIRST_LIMIT,149.97745756280477,9.1583164316343e-15,9.285820580780298e-15,6.459694188438114e-15,0.0
BAY-0143,L433_P16,433.0,10.998199999999999,16,200,50.0,1.14,bare_steel,80.0,85603.5537514576,9.622222222222259,9.62222222222213,0.011118231573700564,3.89430972799242,M008,top_chord,steel_axial_yield,3.89430972799242,3.89430972799242,311.5447782393936,0.043297837375534574,BELOW_MODEL_FIRST_LIMIT,305.00921688357806,1.2239420567566953e-14,1.3045636328345314e-15,2.7198712372371006e-15,0.0
BAY-0144,L433_P16,433.0,10.998199999999999,16,200,50.0,1.14,ideal_compression_slab,80.0,85603.5537514576,9.62222222222223,9.622222222222282,0.0053100781113782575,4.549983898680344,M062,web,ideal_euler_compression_screen,4.549983898680344,4.549983898680344,363.9987118944275,0.024160769907506,BELOW_MODEL_FIRST_LIMIT,146.4648740282971,9.349557378002533e-15,4.463181505027596e-15,3.7398229512010135e-15,0.0
BAY-0145,L433_P16,433.0,10.998199999999999,16,400,36.0,1.09,bare_steel,80.0,85603.5537514576,9.622222222222083,9.622222222222208,0.012281686721508225,2.3384140927369907,M008,top_chord,steel_axial_yield,2.3384140927369907,2.3384140927369907,187.07312741895925,0.028719669312155603,BELOW_MODEL_FIRST_LIMIT,337.06020908032247,1.393934009084014e-14,2.529670545326609e-14,7.819629807056664e-15,0.0
BAY-0146,L433_P16,433.0,10.998199999999999,16,400,36.0,1.09,ideal_compression_slab,80.0,85603.5537514576,9.622222222222216,9.622222222222168,0.006323641676388277,3.480765914347026,M033,web,ideal_euler_compression_screen,3.480765914347026,3.480765914347026,278.4612731477621,0.022011116401716598,BELOW_MODEL_FIRST_LIMIT,174.42429690814825,5.8222243672106685e-15,2.11829561101697e-15,2.8898631895644196e-15,0.0
BAY-0147,L433_P16,433.0,10.998199999999999,16,400,36.0,1.14,bare_steel,80.0,85603.5537514576,9.622222222222135,9.622222222222483,0.012146673115989302,2.338414092736921,M008,top_chord,steel_axial_yield,2.338414092736921,2.338414092736921,187.07312741895367,0.028403951594298073,BELOW_MODEL_FIRST_LIMIT,333.22270995078577,1.3599356186185503e-14,5.0834887043030734e-14,9.179565425675215e-15,0.0
BAY-0148,L433_P16,433.0,10.998199999999999,16,400,36.0,1.14,ideal_compression_slab,80.0,85603.5537514576,9.622222222222367,9.622222222222344,0.00618862807086924,4.164743231259583,M033,web,ideal_euler_compression_screen,4.164743231259583,4.164743231259583,333.1794585007666,0.025774046868935717,BELOW_MODEL_FIRST_LIMIT,170.5867977786054,1.2876890388794399e-14,2.91569993404525e-14,1.410933204316746e-14,0.0
BAY-0149,L433_P16,433.0,10.998199999999999,16,400,50.0,1.09,bare_steel,80.0,85603.5537514576,9.622222222222083,9.622222222222208,0.012281686721508225,3.2477973510235985,M008,top_chord,steel_axial_yield,3.2477973510235985,3.2477973510235985,259.82378808188787,0.039888429600216116,BELOW_MODEL_FIRST_LIMIT,337.06020908032247,1.393934009084014e-14,2.529670545326609e-14,7.819629807056664e-15,0.0
BAY-0150,L433_P16,433.0,10.998199999999999,16,400,50.0,1.09,ideal_compression_slab,80.0,85603.5537514576,9.622222222222216,9.622222222222168,0.006323641676388277,3.480765914347026,M033,web,ideal_euler_compression_screen,3.480765914347026,3.480765914347026,278.4612731477621,0.022011116401716598,BELOW_MODEL_FIRST_LIMIT,174.42429690814825,5.8222243672106685e-15,2.11829561101697e-15,2.8898631895644196e-15,0.0
BAY-0151,L433_P16,433.0,10.998199999999999,16,400,50.0,1.14,bare_steel,80.0,85603.5537514576,9.622222222222135,9.622222222222483,0.012146673115989302,3.247797351023501,M008,top_chord,steel_axial_yield,3.247797351023501,3.247797351023501,259.8237880818801,0.039449932769858434,BELOW_MODEL_FIRST_LIMIT,333.22270995078577,1.3599356186185503e-14,5.0834887043030734e-14,9.179565425675215e-15,0.0
BAY-0152,L433_P16,433.0,10.998199999999999,16,400,50.0,1.14,ideal_compression_slab,80.0,85603.5537514576,9.622222222222367,9.622222222222344,0.00618862807086924,4.164743231259583,M033,web,ideal_euler_compression_screen,4.164743231259583,4.164743231259583,333.1794585007666,0.025774046868935717,BELOW_MODEL_FIRST_LIMIT,170.5867977786054,1.2876890388794399e-14,2.91569993404525e-14,1.410933204316746e-14,0.0
BAY-0153,L433_P16,433.0,10.998199999999999,16,600,36.0,1.09,bare_steel,80.0,85603.5537514576,9.622222222221854,9.622222222221827,0.014340084732706421,1.5431860219737406,M009,top_chord,steel_axial_yield,1.5431860219737406,1.5431860219737406,123.45488175789924,0.02212941831343159,BELOW_MODEL_FIRST_LIMIT,393.5511520392852,1.665921132807724e-14,5.994142998945941e-14,3.9438132939937957e-14,0.0
BAY-0154,L433_P16,433.0,10.998199999999999,16,600,36.0,1.09,ideal_compression_slab,80.0,85603.5537514576,9.622222222221886,9.622222222221765,0.008897150382837659,2.981131374587343,M033,web,ideal_euler_compression_screen,2.981131374587343,2.981131374587343,238.49050996698742,0.026523574150699135,BELOW_MODEL_FIRST_LIMIT,244.97614359601852,1.1389460805930358e-14,5.870524680762146e-14,4.0968060510883826e-14,0.0
BAY-0155,L433_P16,433.0,10.998199999999999,16,600,36.0,1.14,bare_steel,80.0,85603.5537514576,9.622222222222266,9.622222222222403,0.014182442986332255,1.5431860219736024,M008,top_chord,steel_axial_yield,1.5431860219736024,1.5431860219736024,123.45488175788819,0.021886147773945493,BELOW_MODEL_FIRST_LIMIT,389.0704920186805,1.3599356186185503e-14,2.6882504031908173e-14,1.1899436662912316e-14,0.0
BAY-0156,L433_P16,433.0,10.998199999999999,16,600,36.0,1.14,ideal_compression_slab,80.0,85603.5537514576,9.622222222222456,9.622222222222465,0.008739508636463098,3.228281353162104,M024,bottom_chord,steel_axial_yield,3.228281353162104,3.228281353162104,258.2625082529683,0.028213592766892982,BELOW_MODEL_FIRST_LIMIT,240.49548357539146,9.68954128265717e-15,3.50994021814293e-14,2.4988816992115863e-14,0.0
BAY-0157,L433_P16,433.0,10.998199999999999,16,600,50.0,1.09,bare_steel,80.0,85603.5537514576,9.622222222221854,9.622222222221827,0.014340084732706421,2.143313919407973,M009,top_chord,steel_axial_yield,2.143313919407973,2.143313919407973,171.46511355263783,0.030735303213099432,BELOW_MODEL_FIRST_LIMIT,393.5511520392852,1.665921132807724e-14,5.994142998945941e-14,3.9438132939937957e-14,0.0
BAY-0158,L433_P16,433.0,10.998199999999999,16,600,50.0,1.09,ideal_compression_slab,80.0,85603.5537514576,9.622222222221886,9.622222222221765,0.008897150382837659,2.981131374587343,M033,web,ideal_euler_compression_screen,2.981131374587343,2.981131374587343,238.49050996698742,0.026523574150699135,BELOW_MODEL_FIRST_LIMIT,244.97614359601852,1.1389460805930358e-14,5.870524680762146e-14,4.0968060510883826e-14,0.0
BAY-0159,L433_P16,433.0,10.998199999999999,16,600,50.0,1.14,bare_steel,80.0,85603.5537514576,9.622222222222266,9.622222222222403,0.014182442986332255,2.1433139194077815,M008,top_chord,steel_axial_yield,2.1433139194077815,2.1433139194077815,171.4651135526225,0.030397427463813187,BELOW_MODEL_FIRST_LIMIT,389.0704920186805,1.3599356186185503e-14,2.6882504031908173e-14,1.1899436662912316e-14,0.0
BAY-0160,L433_P16,433.0,10.998199999999999,16,600,50.0,1.14,ideal_compression_slab,80.0,85603.5537514576,9.622222222222456,9.622222222222465,0.008739508636463098,3.566929526238117,M062,web,ideal_euler_compression_screen,3.566929526238117,3.566929526238117,285.35436209904935,0.03117321140021325,BELOW_MODEL_FIRST_LIMIT,240.49548357539146,9.68954128265717e-15,3.50994021814293e-14,2.4988816992115863e-14,0.0
BAY-0161,L433_P20,433.0,10.998199999999999,20,20,36.0,1.09,bare_steel,80.0,85603.5537514576,9.62222222222275,9.62222222222282,0.010901238556185217,3.2738403065036237,M010,top_chord,steel_axial_yield,3.2738403065036237,3.2738403065036237,261.9072245202899,0.03568891417605053,BELOW_MODEL_FIRST_LIMIT,299.72468212423524,2.0739018183932893e-14,9.596396846505537e-14,5.864722355292499e-14,0.0
BAY-0162,L433_P20,433.0,10.998199999999999,20,20,36.0,1.09,ideal_compression_slab,80.0,85603.5537514576,9.622222222222222,9.622222222222272,0.005205305866895635,4.3523433554927,M078,web,ideal_euler_compression_screen,4.3523433554927,4.3523433554927,348.18746843941597,0.02265527840309038,BELOW_MODEL_FIRST_LIMIT,144.04622403353903,1.2600653466262505e-14,7.300456891394098e-15,2.7198712372371006e-15,0.0
BAY-0163,L433_P20,433.0,10.998199999999999,20,20,36.0,1.14,bare_steel,80.0,85603.5537514576,9.622222222221879,9.622222222221865,0.010768043873571083,3.273840306504151,M010,top_chord,steel_axial_yield,3.273840306504151,3.273840306504151,261.9072245203321,0.035252856055502095,BELOW_MODEL_FIRST_LIMIT,295.9335376818191,2.974859165728079e-14,4.148964855458605e-14,3.6208285845718904e-14,0.0
BAY-0164,L433_P20,433.0,10.998199999999999,20,20,36.0,1.14,ideal_compression_slab,80.0,85603.5537514576,9.622222222221907,9.622222222222051,0.005072111184282822,5.207587345989906,M078,web,ideal_euler_compression_screen,5.207587345989906,5.207587345989906,416.6069876791925,0.026413462020725104,BELOW_MODEL_FIRST_LIMIT,140.25507959119184,1.2281918555648783e-14,3.850216910158658e-14,2.4988816992115863e-14,0.0
BAY-0165,L433_P20,433.0,10.998199999999999,20,20,50.0,1.09,bare_steel,80.0,85603.5537514576,9.62222222222275,9.62222222222282,0.010901238556185217,4.352343355492423,M078,web,ideal_euler_compression_screen,4.352343355492423,4.352343355492423,348.18746843939385,0.047445933196650546,BELOW_MODEL_FIRST_LIMIT,299.72468212423524,2.0739018183932893e-14,9.596396846505537e-14,5.864722355292499e-14,0.0
BAY-0166,L433_P20,433.0,10.998199999999999,20,20,50.0,1.09,ideal_compression_slab,80.0,85603.5537514576,9.622222222222222,9.622222222222272,0.005205305866895635,4.3523433554927,M078,web,ideal_euler_compression_screen,4.3523433554927,4.3523433554927,348.18746843941597,0.02265527840309038,BELOW_MODEL_FIRST_LIMIT,144.04622403353903,1.2600653466262505e-14,7.300456891394098e-15,2.7198712372371006e-15,0.0
BAY-0167,L433_P20,433.0,10.998199999999999,20,20,50.0,1.14,bare_steel,80.0,85603.5537514576,9.622222222221879,9.622222222221865,0.010768043873571083,4.54700042570021,M010,top_chord,steel_axial_yield,4.54700042570021,4.54700042570021,363.7600340560168,0.048962300077086254,BELOW_MODEL_FIRST_LIMIT,295.9335376818191,2.974859165728079e-14,4.148964855458605e-14,3.6208285845718904e-14,0.0
BAY-0168,L433_P20,433.0,10.998199999999999,20,20,50.0,1.14,ideal_compression_slab,80.0,85603.5537514576,9.622222222221907,9.622222222222051,0.005072111184282822,5.207587345989906,M078,web,ideal_euler_compression_screen,5.207587345989906,5.207587345989906,416.6069876791925,0.026413462020725104,BELOW_MODEL_FIRST_LIMIT,140.25507959119184,1.2281918555648783e-14,3.850216910158658e-14,2.4988816992115863e-14,0.0
BAY-0169,L433_P20,433.0,10.998199999999999,20,200,36.0,1.09,bare_steel,80.0,85603.5537514576,9.622222222222552,9.622222222222481,0.011442363976699104,2.795977398929193,M010,top_chord,steel_axial_yield,2.795977398929193,2.795977398929193,223.67819191433543,0.03199259106917226,BELOW_MODEL_FIRST_LIMIT,314.6026837216406,2.1758969897896805e-14,1.9513785338204906e-14,3.07685433712447e-14,0.0
BAY-0170,L433_P20,433.0,10.998199999999999,20,200,36.0,1.09,ideal_compression_slab,80.0,85603.5537514576,9.622222222222215,9.62222222222217,0.005621059978235317,4.14651494160363,M041,web,ideal_euler_compression_screen,4.14651494160363,4.14651494160363,331.72119532829043,0.02330780918740292,BELOW_MODEL_FIRST_LIMIT,155.49763807002603,1.2791894412630739e-14,2.0105694698310826e-14,2.8898631895644196e-15,0.0
BAY-0171,L433_P20,433.0,10.998199999999999,20,200,36.0,1.14,bare_steel,80.0,85603.5537514576,9.622222222221833,9.622222222221879,0.01130255765741092,2.7959773989293835,M011,top_chord,steel_axial_yield,2.7959773989293835,2.7959773989293835,223.6781919143507,0.03160169576021717,BELOW_MODEL_FIRST_LIMIT,310.62335106376884,2.4478841135133906e-14,4.611546911675108e-14,3.790820536899209e-14,0.0
BAY-0172,L433_P20,433.0,10.998199999999999,20,200,36.0,1.14,ideal_compression_slab,80.0,85603.5537514576,9.622222222222439,9.622222222222195,0.005481253658948063,4.9613132457945985,M041,web,ideal_euler_compression_screen,4.9613132457945985,4.9613132457945985,396.9050596635679,0.027194216381699134,BELOW_MODEL_FIRST_LIMIT,151.51830541220292,1.233504104075107e-14,4.877063818659826e-15,1.002952518731181e-14,0.0
BAY-0173,L433_P20,433.0,10.998199999999999,20,200,50.0,1.09,bare_steel,80.0,85603.5537514576,9.622222222222552,9.622222222222481,0.011442363976699104,3.8833019429572126,M010,top_chord,steel_axial_yield,3.8833019429572126,3.8833019429572126,310.664155436577,0.04443415426273925,BELOW_MODEL_FIRST_LIMIT,314.6026837216406,2.1758969897896805e-14,1.9513785338204906e-14,3.07685433712447e-14,0.0
BAY-0174,L433_P20,433.0,10.998199999999999,20,200,50.0,1.09,ideal_compression_slab,80.0,85603.5537514576,9.622222222222215,9.62222222222217,0.005621059978235317,4.14651494160363,M041,web,ideal_euler_compression_screen,4.14651494160363,4.14651494160363,331.72119532829043,0.02330780918740292,BELOW_MODEL_FIRST_LIMIT,155.49763807002603,1.2791894412630739e-14,2.0105694698310826e-14,2.8898631895644196e-15,0.0
BAY-0175,L433_P20,433.0,10.998199999999999,20,200,50.0,1.14,bare_steel,80.0,85603.5537514576,9.622222222221833,9.622222222221879,0.01130255765741092,3.8833019429574773,M011,top_chord,steel_axial_yield,3.8833019429574773,3.8833019429574773,310.6641554365982,0.04389124411141274,BELOW_MODEL_FIRST_LIMIT,310.62335106376884,2.4478841135133906e-14,4.611546911675108e-14,3.790820536899209e-14,0.0
BAY-0176,L433_P20,433.0,10.998199999999999,20,200,50.0,1.14,ideal_compression_slab,80.0,85603.5537514576,9.622222222222439,9.622222222222195,0.005481253658948063,4.9613132457945985,M041,web,ideal_euler_compression_screen,4.9613132457945985,4.9613132457945985,396.9050596635679,0.027194216381699134,BELOW_MODEL_FIRST_LIMIT,151.51830541220292,1.233504104075107e-14,4.877063818659826e-15,1.002952518731181e-14,0.0
BAY-0177,L433_P20,433.0,10.998199999999999,20,400,36.0,1.09,bare_steel,80.0,85603.5537514576,9.622222222222193,9.622222222222362,0.01250078791557946,2.3318042539070083,M011,top_chord,steel_axial_yield,2.3318042539070083,2.3318042539070083,186.54434031256068,0.02914939043873751,BELOW_MODEL_FIRST_LIMIT,343.7035768906644,1.6319227423422603e-14,2.7123141334482064e-14,5.949718331456158e-15,0.0
BAY-0178,L433_P20,433.0,10.998199999999999,20,400,36.0,1.09,ideal_compression_slab,80.0,85603.5537514576,9.622222222222234,9.622222222222371,0.006529252957149858,3.7954354171162996,M078,web,ideal_euler_compression_screen,3.7954354171162996,3.7954354171162996,303.634833369304,0.024781357920877902,BELOW_MODEL_FIRST_LIMIT,180.4924918104385,9.94452921114815e-15,1.76363649494541e-14,8.49959761636594e-15,0.0
BAY-0179,L433_P20,433.0,10.998199999999999,20,400,36.0,1.14,bare_steel,80.0,85603.5537514576,9.622222222222854,9.622222222222362,0.012348049447354577,2.3318042539071144,M011,top_chord,steel_axial_yield,2.3318042539071144,2.3318042539071144,186.54434031256915,0.028793234228796795,BELOW_MODEL_FIRST_LIMIT,339.3561541288547,1.9039098660659704e-14,1.0552734478689121e-14,4.028809270157455e-14,0.0
BAY-0180,L433_P20,433.0,10.998199999999999,20,400,36.0,1.14,ideal_compression_slab,80.0,85603.5537514576,9.622222222222295,9.622222222222316,0.006376514488925145,4.541245907392095,M078,web,ideal_euler_compression_screen,4.541245907392095,4.541245907392095,363.2996725913676,0.02895732032625771,BELOW_MODEL_FIRST_LIMIT,176.14506904863546,8.159613711711301e-15,4.3565576871699145e-15,8.839581521020577e-15,0.0
BAY-0181,L433_P20,433.0,10.998199999999999,20,400,50.0,1.09,bare_steel,80.0,85603.5537514576,9.622222222222193,9.622222222222362,0.01250078791557946,3.238617019315289,M011,top_chord,steel_axial_yield,3.238617019315289,3.238617019315289,259.08936154522314,0.040485264498246534,BELOW_MODEL_FIRST_LIMIT,343.7035768906644,1.6319227423422603e-14,2.7123141334482064e-14,5.949718331456158e-15,0.0
BAY-0182,L433_P20,433.0,10.998199999999999,20,400,50.0,1.09,ideal_compression_slab,80.0,85603.5537514576,9.622222222222234,9.622222222222371,0.006529252957149858,3.7954354171162996,M078,web,ideal_euler_compression_screen,3.7954354171162996,3.7954354171162996,303.634833369304,0.024781357920877902,BELOW_MODEL_FIRST_LIMIT,180.4924918104385,9.94452921114815e-15,1.76363649494541e-14,8.49959761636594e-15,0.0
BAY-0183,L433_P20,433.0,10.998199999999999,20,400,50.0,1.14,bare_steel,80.0,85603.5537514576,9.622222222222854,9.622222222222362,0.012348049447354577,3.238617019315437,M011,top_chord,steel_axial_yield,3.238617019315437,3.238617019315437,259.08936154523496,0.03999060309555111,BELOW_MODEL_FIRST_LIMIT,339.3561541288547,1.9039098660659704e-14,1.0552734478689121e-14,4.028809270157455e-14,0.0
BAY-0184,L433_P20,433.0,10.998199999999999,20,400,50.0,1.14,ideal_compression_slab,80.0,85603.5537514576,9.622222222222295,9.622222222222316,0.006376514488925145,4.541245907392095,M078,web,ideal_euler_compression_screen,4.541245907392095,4.541245907392095,363.2996725913676,0.02895732032625771,BELOW_MODEL_FIRST_LIMIT,176.14506904863546,8.159613711711301e-15,4.3565576871699145e-15,8.839581521020577e-15,0.0
BAY-0185,L433_P20,433.0,10.998199999999999,20,600,36.0,1.09,bare_steel,80.0,85603.5537514576,9.62222222222265,9.622222222222167,0.014595907060638926,1.538824001182842,M010,top_chord,steel_axial_yield,1.538824001182842,1.538824001182842,123.10592009462736,0.022460532103945288,BELOW_MODEL_FIRST_LIMIT,401.30794143409025,1.645734588468855e-14,3.158692140669256e-14,1.954907451764166e-14,0.0
BAY-0186,L433_P20,433.0,10.998199999999999,20,600,36.0,1.09,ideal_compression_slab,80.0,85603.5537514576,9.622222222221977,9.622222222221993,0.009140649085826057,3.2282813531622816,M030,bottom_chord,steel_axial_yield,3.2282813531622816,3.2282813531622816,258.2625082529825,0.029508586999572116,BELOW_MODEL_FIRST_LIMIT,252.2074874201704,1.6319227423422603e-14,2.3890656303979426e-14,2.4478841135133906e-14,0.0
BAY-0187,L433_P20,433.0,10.998199999999999,20,600,36.0,1.14,bare_steel,80.0,85603.5537514576,9.622222222223247,9.622222222222572,0.01441756978287411,1.5388240011827463,M010,top_chord,steel_axial_yield,1.5388240011827463,1.5388240011827463,123.1059200946197,0.022186102420613796,BELOW_MODEL_FIRST_LIMIT,396.2318951070539,2.4478841135133906e-14,8.98059460792568e-14,7.156661192980121e-14,0.0
BAY-0188,L433_P20,433.0,10.998199999999999,20,600,36.0,1.14,ideal_compression_slab,80.0,85603.5537514576,9.62222222222266,9.622222222222334,0.008962311808060829,3.228281353162101,M030,bottom_chord,steel_axial_yield,3.228281353162101,3.228281353162101,258.2625082529681,0.028932864091187286,BELOW_MODEL_FIRST_LIMIT,247.13144109311258,1.1389460805930358e-14,2.5186412290265024e-14,2.872863994331687e-14,0.0
BAY-0189,L433_P20,433.0,10.998199999999999,20,600,50.0,1.09,bare_steel,80.0,85603.5537514576,9.62222222222265,9.622222222222167,0.014595907060638926,2.137255557198392,M010,top_chord,steel_axial_yield,2.137255557198392,2.137255557198392,170.98044457587136,0.031195183477701793,BELOW_MODEL_FIRST_LIMIT,401.30794143409025,1.645734588468855e-14,3.158692140669256e-14,1.954907451764166e-14,0.0
BAY-0190,L433_P20,433.0,10.998199999999999,20,600,50.0,1.09,ideal_compression_slab,80.0,85603.5537514576,9.622222222221977,9.622222222221993,0.009140649085826057,3.2506327287188648,M078,web,ideal_euler_compression_screen,3.2506327287188648,3.2506327287188648,260.0506182975092,0.029712893080120352,BELOW_MODEL_FIRST_LIMIT,252.2074874201704,1.6319227423422603e-14,2.3890656303979426e-14,2.4478841135133906e-14,0.0
BAY-0191,L433_P20,433.0,10.998199999999999,20,600,50.0,1.14,bare_steel,80.0,85603.5537514576,9.622222222223247,9.622222222222572,0.01441756978287411,2.1372555571982588,M010,top_chord,steel_axial_yield,2.1372555571982588,2.1372555571982588,170.9804445758607,0.030814031139741384,BELOW_MODEL_FIRST_LIMIT,396.2318951070539,2.4478841135133906e-14,8.98059460792568e-14,7.156661192980121e-14,0.0
BAY-0192,L433_P20,433.0,10.998199999999999,20,600,50.0,1.14,ideal_compression_slab,80.0,85603.5537514576,9.62222222222266,9.622222222222334,0.008962311808060829,3.8893884240939114,M041,web,ideal_euler_compression_screen,3.8893884240939114,3.8893884240939114,311.1510739275129,0.03485791179939196,BELOW_MODEL_FIRST_LIMIT,247.13144109311258,1.1389460805930358e-14,2.5186412290265024e-14,2.872863994331687e-14,0.0
