case_id,comparison,other_subdivisions,reference_terminal,other_terminal,reference_terminal_scale,other_terminal_scale,common_scale,terminal_scale_absolute_difference,terminal_scale_relative_difference,displacement_relative_difference,reaction_relative_difference,energy_relative_difference,pass
COLD_DELTA_T_ZERO,half_step,4,TARGET_REACHED_WITHIN_ELASTIC_GUARD_NOT_SAFETY_PROOF,TARGET_REACHED_WITHIN_ELASTIC_GUARD_NOT_SAFETY_PROOF,1.0,1.0,1.0,0.0,0.0,0.0,0.0,0.0,True
SLAB_UNIFORM_100K,half_step,4,TARGET_REACHED_WITHIN_ELASTIC_GUARD_NOT_SAFETY_PROOF,TARGET_REACHED_WITHIN_ELASTIC_GUARD_NOT_SAFETY_PROOF,1.0,1.0,1.0,0.0,0.0,0.0,0.0,0.0,True
SLAB_GRADIENT_TOP_100K,half_step,4,SAFE_DCR_GUARD_REACHED_BEFORE_NOMINAL_LIMIT,SAFE_DCR_GUARD_REACHED_BEFORE_NOMINAL_LIMIT,0.08235462506612141,0.08235462506612141,0.08235462506612141,0.0,0.0,0.0,0.0,0.0,True
COLD_DELTA_T_ZERO,mesh,2,TARGET_REACHED_WITHIN_ELASTIC_GUARD_NOT_SAFETY_PROOF,TARGET_REACHED_WITHIN_ELASTIC_GUARD_NOT_SAFETY_PROOF,1.0,1.0,1.0,0.0,0.0,3.6058062667783532e-12,2.5214067127207416e-08,0.00018217654904000566,True
SLAB_UNIFORM_100K,mesh,2,TARGET_REACHED_WITHIN_ELASTIC_GUARD_NOT_SAFETY_PROOF,TARGET_REACHED_WITHIN_ELASTIC_GUARD_NOT_SAFETY_PROOF,1.0,1.0,1.0,0.0,0.0,8.582597997733783e-12,2.6814694768206107e-07,6.574391624293499e-06,True
SLAB_GRADIENT_TOP_100K,mesh,2,SAFE_DCR_GUARD_REACHED_BEFORE_NOMINAL_LIMIT,SAFE_DCR_GUARD_REACHED_BEFORE_NOMINAL_LIMIT,0.08235462506612141,0.0813896656036377,0.0813896656036377,0.0009649594624837193,0.011717125318814412,5.547071770858431e-15,3.62345178798416e-11,3.232835739296327e-05,True
COLD_DELTA_T_ZERO,mesh,8,TARGET_REACHED_WITHIN_ELASTIC_GUARD_NOT_SAFETY_PROOF,TARGET_REACHED_WITHIN_ELASTIC_GUARD_NOT_SAFETY_PROOF,1.0,1.0,1.0,0.0,0.0,1.0612015617409153e-11,5.672044010658407e-08,1.1386014084810772e-05,True
SLAB_UNIFORM_100K,mesh,8,TARGET_REACHED_WITHIN_ELASTIC_GUARD_NOT_SAFETY_PROOF,TARGET_REACHED_WITHIN_ELASTIC_GUARD_NOT_SAFETY_PROOF,1.0,1.0,1.0,0.0,0.0,2.5659802057893354e-11,4.839265615918757e-07,4.1090492756045156e-07,True
SLAB_GRADIENT_TOP_100K,mesh,8,SAFE_DCR_GUARD_REACHED_BEFORE_NOMINAL_LIMIT,SAFE_DCR_GUARD_REACHED_BEFORE_NOMINAL_LIMIT,0.08235462506612141,0.0825958251953125,0.08235462506612141,0.00024120012919108536,0.002928798825778504,5.507268347975065e-15,1.2770851719215356e-11,1.989606769224059e-06,True
