case_id,phase,gravity_factor,thermal_scale,slab_bottom_temperature_c,slab_top_temperature_c,mechanical_external_work_J,thermoelastic_work_J,stored_J,spring_stored_J,slab_stored_J,sensible_enthalpy_J,total_mechanical_energy_residual_relative,maximum_increment_energy_residual_relative,support_work_J,dissipated_J,global_energy_credit_J
COLD_DELTA_T_ZERO,ZERO,0.0,0.0,20.0,20.0,0.0,0.0,0.0,0.0,0.0,0.0,0.0,0.0,0.0,0.0,0.0
COLD_DELTA_T_ZERO,GRAVITY_PRELOAD,0.05,0.0,20.0,20.0,4.94169701434263,0.0,4.941697014330158,4.691004089810575,0.2506929245195826,0.0,2.523789162555168e-12,2.523789162555168e-12,0.0,0.0,0.0
COLD_DELTA_T_ZERO,GRAVITY_PRELOAD,0.1,0.0,20.0,20.0,19.766788057407986,0.0,19.7667880573706,18.76401635928963,1.0027716980809687,0.0,1.891314154502043e-12,2.523789162555168e-12,0.0,0.0,0.0
COLD_DELTA_T_ZERO,GRAVITY_PRELOAD,0.15000000000000002,0.0,20.0,20.0,44.47527312918348,0.0,44.4752731291212,42.21903680843706,2.2562363206841414,0.0,1.4003077757044043e-12,2.523789162555168e-12,0.0,0.0,0.0
COLD_DELTA_T_ZERO,GRAVITY_PRELOAD,0.2,0.0,20.0,20.0,79.06715222966919,0.0,79.06715222958196,75.05606543725285,4.011086792329111,0.0,1.1031917020173023e-12,2.523789162555168e-12,0.0,0.0,0.0
COLD_DELTA_T_ZERO,GRAVITY_PRELOAD,0.25,0.0,20.0,20.0,123.54242535886505,0.0,123.54242535875294,117.27510224573705,6.267323113015895,0.0,9.0745695272352e-13,2.523789162555168e-12,0.0,0.0,0.0
COLD_DELTA_T_ZERO,THERMAL,0.25,1.0,20.0,20.0,123.54242535886505,0.0,123.54242535875294,117.27510224573705,6.267323113015895,0.0,9.0745695272352e-13,2.523789162555168e-12,0.0,0.0,0.0
SLAB_UNIFORM_100K,ZERO,0.0,0.0,20.0,20.0,0.0,0.0,0.0,0.0,0.0,0.0,0.0,0.0,0.0,0.0,0.0
SLAB_UNIFORM_100K,GRAVITY_PRELOAD,0.05,0.0,20.0,20.0,4.94169701434263,0.0,4.941697014330158,4.691004089810575,0.2506929245195826,0.0,2.523789162555168e-12,2.523789162555168e-12,0.0,0.0,0.0
SLAB_UNIFORM_100K,GRAVITY_PRELOAD,0.1,0.0,20.0,20.0,19.766788057407986,0.0,19.7667880573706,18.76401635928963,1.0027716980809687,0.0,1.891314154502043e-12,2.523789162555168e-12,0.0,0.0,0.0
SLAB_UNIFORM_100K,GRAVITY_PRELOAD,0.15000000000000002,0.0,20.0,20.0,44.47527312918348,0.0,44.4752731291212,42.21903680843706,2.2562363206841414,0.0,1.4003077757044043e-12,2.523789162555168e-12,0.0,0.0,0.0
SLAB_UNIFORM_100K,GRAVITY_PRELOAD,0.2,0.0,20.0,20.0,79.06715222966919,0.0,79.06715222958196,75.05606543725285,4.011086792329111,0.0,1.1031917020173023e-12,2.523789162555168e-12,0.0,0.0,0.0
SLAB_UNIFORM_100K,GRAVITY_PRELOAD,0.25,0.0,20.0,20.0,123.54242535886505,0.0,123.54242535875294,117.27510224573705,6.267323113015895,0.0,9.0745695272352e-13,2.523789162555168e-12,0.0,0.0,0.0
SLAB_UNIFORM_100K,THERMAL,0.25,0.041666666666666664,24.166666666666664,24.166666666666664,93.78047534050951,32.72747549609574,126.50795083649531,118.82059640490458,7.687354431590735,36680617.81861762,8.690542908742136e-13,2.523789162555168e-12,0.0,0.0,0.0
SLAB_UNIFORM_100K,THERMAL,0.25,0.08333333333333333,28.333333333333332,28.333333333333332,64.01852532195029,71.38600194728258,135.40452726911155,125.81409916439807,9.590428104713473,73361235.63723524,8.959675806301829e-13,2.523789162555168e-12,0.0,0.0,0.0
SLAB_UNIFORM_100K,THERMAL,0.25,0.125,32.5,32.5,34.25657530339115,115.97557935354696,150.23215465680536,138.25561052441003,11.976544132395334,110041853.4558529,8.835897627771178e-13,2.523789162555168e-12,0.0,0.0,0.0
SLAB_UNIFORM_100K,THERMAL,0.25,0.16666666666666666,36.666666666666664,36.666666666666664,4.494625284831887,166.49620771488884,170.99083299957664,156.1451304849404,14.845702514636239,146722471.27447048,8.427239301916559e-13,2.523789162555168e-12,0.0,0.0,0.0
SLAB_UNIFORM_100K,THERMAL,0.25,0.20833333333333331,40.83333333333333,40.83333333333333,-25.26732473372714,222.94788703130828,197.6805622974257,179.48265904598946,18.197903251436216,183403089.09308818,6.971957929031707e-13,2.523789162555168e-12,0.0,0.0,0.0
SLAB_UNIFORM_100K,THERMAL,0.25,0.25,45.0,45.0,-55.02927475228634,285.3306173028052,230.301342550352,208.26819620755674,22.033146342795263,220083706.9117058,5.849084102959025e-13,2.523789162555168e-12,0.0,0.0,0.0
SLAB_UNIFORM_100K,THERMAL,0.25,0.29166666666666663,49.166666666666664,49.166666666666664,-84.79122477084547,353.6443985293797,268.853173758356,242.5017419696426,26.35143178871338,256764324.73032337,5.040683870260271e-13,2.523789162555168e-12,0.0,0.0,0.0
SLAB_UNIFORM_100K,THERMAL,0.25,0.3333333333333333,53.33333333333333,53.33333333333333,-114.55317478940466,427.8892307110317,313.3360559214373,282.18329633224675,31.15275958919058,293444942.54894096,4.4344030776861813e-13,2.523789162555168e-12,0.0,0.0,0.0
SLAB_UNIFORM_100K,THERMAL,0.25,0.375,57.5,57.5,-144.3151248079638,508.0651138477613,363.7499890395964,327.31285929536955,36.43712974422688,330125560.36755866,3.9583905772715734e-13,2.523789162555168e-12,0.0,0.0,0.0
SLAB_UNIFORM_100K,THERMAL,0.25,0.41666666666666663,61.666666666666664,61.666666666666664,-174.0770748265231,594.1720479395685,420.0949731128329,377.89043085901073,42.204542253822154,366806178.18617636,3.576080369962323e-13,2.523789162555168e-12,0.0,0.0,0.0
SLAB_UNIFORM_100K,THERMAL,0.25,0.4583333333333333,65.83333333333333,65.83333333333333,-203.8390248450823,686.210032986453,482.37100814114683,433.9160110231703,48.454997117976525,403486796.00479406,3.262111783758795e-13,2.523789162555168e-12,0.0,0.0,0.0
SLAB_UNIFORM_100K,THERMAL,0.25,0.5,70.0,70.0,-233.60097486364143,784.1790689884152,550.5780941245384,495.3895997878484,55.188494336690084,440167413.8234116,3.0009950965322407e-13,2.523789162555168e-12,0.0,0.0,0.0
SLAB_UNIFORM_100K,THERMAL,0.25,0.5416666666666666,74.16666666666666,74.16666666666666,-263.3629248822005,888.0791559454548,624.7162310630076,562.3111971530451,62.40503390996255,476848031.6420292,2.776630319125859e-13,2.523789162555168e-12,0.0,0.0,0.0
SLAB_UNIFORM_100K,THERMAL,0.25,0.5833333333333333,78.33333333333333,78.33333333333333,-293.12487490075955,997.910293857572,704.7854189565545,634.6808031187604,70.10461583779411,513528649.46064675,2.5849561466410103e-13,2.523789162555168e-12,0.0,0.0,0.0
SLAB_UNIFORM_100K,THERMAL,0.25,0.625,82.5,82.5,-322.8868249193189,1113.6724827247667,790.7856578051783,712.4984176849935,78.28724012018479,550209267.2792645,2.4214047061295517e-13,2.523789162555168e-12,0.0,0.0,0.0
SLAB_UNIFORM_100K,THERMAL,0.25,0.6666666666666666,86.66666666666666,86.66666666666666,-352.6487749378779,1235.3657225470388,882.7169476088802,795.7640408517456,86.95290675713471,586889885.0978819,2.2712230910734597e-13,2.523789162555168e-12,0.0,0.0,0.0
SLAB_UNIFORM_100K,THERMAL,0.25,0.7083333333333333,90.83333333333333,90.83333333333333,-382.41072495643704,1362.9900133243889,980.5792883676596,884.4776726190163,96.10161574864335,623570502.9165,2.143633996495146e-13,2.523789162555168e-12,0.0,0.0,0.0
SLAB_UNIFORM_100K,THERMAL,0.25,0.75,95.0,95.0,-412.17267497499614,1496.545355056816,1084.3726800815161,978.6393129868048,105.73336709471138,660251120.7351173,2.029816399253903e-13,2.523789162555168e-12,0.0,0.0,0.0
SLAB_UNIFORM_100K,THERMAL,0.25,0.7916666666666666,99.16666666666666,99.16666666666666,-441.93462499355553,1636.0317477443207,1194.0971227504501,1078.248961955112,115.84816079533817,696931738.5537349,1.9248559260727195e-13,2.523789162555168e-12,0.0,0.0,0.0
SLAB_UNIFORM_100K,THERMAL,0.25,0.8333333333333333,103.33333333333333,103.33333333333333,-471.69657501211464,1781.4491913869033,1309.7526163744624,1183.306619523938,126.44599685052435,733612356.3723527,1.8315494252576455e-13,2.523789162555168e-12,0.0,0.0,0.0
SLAB_UNIFORM_100K,THERMAL,0.25,0.875,107.5,107.5,-501.4585250306739,1932.797685984563,1431.3391609535515,1293.8122856932823,137.5268752602692,770292974.1909703,1.7469490494614363e-13,2.523789162555168e-12,0.0,0.0,0.0
SLAB_UNIFORM_100K,THERMAL,0.25,0.9166666666666666,111.66666666666666,111.66666666666666,-531.2204750492331,2090.0772315373,1558.856756487718,1409.7659604631447,149.0907960245734,806973592.0095881,1.6687958361872302e-13,2.523789162555168e-12,0.0,0.0,0.0
SLAB_UNIFORM_100K,THERMAL,0.25,0.9583333333333333,115.83333333333333,115.83333333333333,-560.982425067792,2253.2878280451155,1692.3054029769635,1531.1676438335262,161.13775914343722,843654209.8282052,1.5983750385521918e-13,2.523789162555168e-12,0.0,0.0,0.0
SLAB_UNIFORM_100K,THERMAL,0.25,1.0,120.0,120.0,-590.7443750863512,2422.4294755080077,1831.685100421285,1658.0173358044258,173.66776461685913,880334827.6468232,1.5337023819705955e-13,2.523789162555168e-12,0.0,0.0,0.0
SLAB_GRADIENT_TOP_100K,ZERO,0.0,0.0,20.0,20.0,0.0,0.0,0.0,0.0,0.0,0.0,0.0,0.0,0.0,0.0,0.0
SLAB_GRADIENT_TOP_100K,GRAVITY_PRELOAD,0.05,0.0,20.0,20.0,4.94169701434263,0.0,4.941697014330158,4.691004089810575,0.2506929245195826,0.0,2.523789162555168e-12,2.523789162555168e-12,0.0,0.0,0.0
SLAB_GRADIENT_TOP_100K,GRAVITY_PRELOAD,0.1,0.0,20.0,20.0,19.766788057407986,0.0,19.7667880573706,18.76401635928963,1.0027716980809687,0.0,1.891314154502043e-12,2.523789162555168e-12,0.0,0.0,0.0
SLAB_GRADIENT_TOP_100K,GRAVITY_PRELOAD,0.15000000000000002,0.0,20.0,20.0,44.47527312918348,0.0,44.4752731291212,42.21903680843706,2.2562363206841414,0.0,1.4003077757044043e-12,2.523789162555168e-12,0.0,0.0,0.0
SLAB_GRADIENT_TOP_100K,GRAVITY_PRELOAD,0.2,0.0,20.0,20.0,79.06715222966919,0.0,79.06715222958196,75.05606543725285,4.011086792329111,0.0,1.1031917020173023e-12,2.523789162555168e-12,0.0,0.0,0.0
SLAB_GRADIENT_TOP_100K,GRAVITY_PRELOAD,0.25,0.0,20.0,20.0,123.54242535886505,0.0,123.54242535875294,117.27510224573705,6.267323113015895,0.0,9.0745695272352e-13,2.523789162555168e-12,0.0,0.0,0.0
SLAB_GRADIENT_TOP_100K,THERMAL,0.25,0.041666666666666664,20.0,24.166666666666664,102.82083925857384,26.00410388639739,128.824943144862,111.94726952358796,16.87767362127403,18340308.909308817,8.478806928864366e-13,2.523789162555168e-12,0.0,0.0,0.0
SLAB_GRADIENT_TOP_100K,THERMAL,0.25,0.05183865626653035,20.0,25.183865626653034,97.76212505916064,33.95686584163903,131.71899090068985,110.88797256037122,20.831018340318614,22817687.26491946,8.337558956998198e-13,2.523789162555168e-12,0.0,0.0,0.0
SLAB_GRADIENT_TOP_100K,THERMAL,0.25,0.051997593604028225,20.0,25.199759360402822,97.68308264979568,34.0861238190344,131.76920646872026,110.87217266406991,20.897033804650363,22887646.30172587,8.334381619361942e-13,2.523789162555168e-12,0.0,0.0,0.0
SLAB_GRADIENT_TOP_100K,THERMAL,0.25,0.052077062272777155,20.0,25.207706227277715,97.6435529764322,34.150810448252095,131.79436343019898,110.86428061551767,20.930082814681327,22922625.82012909,4.18431065907007e-11,5.624514604063435e-09,0.0,0.0,0.0
SLAB_GRADIENT_TOP_100K,THERMAL,0.25,0.05215653094152609,20.0,25.215653094152607,97.60396648636224,34.215535452506835,131.81950194438357,110.8563891975344,20.963112746849184,22957605.33853229,4.1833725470141036e-11,5.624514604063435e-09,0.0,0.0,0.0
SLAB_GRADIENT_TOP_100K,THERMAL,0.25,0.052474405616521835,20.0,25.247440561652184,97.4456205260822,34.47481878630401,131.9204393179009,110.82488195272416,21.095557365176735,23097523.41214512,4.180317114621984e-11,5.624514604063435e-09,0.0,0.0,0.0
SLAB_GRADIENT_TOP_100K,THERMAL,0.25,0.053110154966513314,20.0,25.31101549665133,97.12892860552209,34.995225374433744,132.12415398547049,110.76214791329392,21.362006072176566,23377359.559370782,4.173839455980935e-11,5.624514604063435e-09,0.0,0.0,0.0
SLAB_GRADIENT_TOP_100K,THERMAL,0.25,0.05438165366649628,20.0,25.438165366649628,96.49554476440183,36.043398232834775,132.53894300275118,110.63780163519456,21.901141367556605,23937031.853822116,4.1607235509178076e-11,5.624514604063435e-09,0.0,0.0,0.0
SLAB_GRADIENT_TOP_100K,THERMAL,0.25,0.0569246510664622,20.0,25.692465106646218,95.22877708216144,38.16918267820304,133.39795976587914,110.39359628204079,23.004363483838333,25056376.442724768,4.133983817747358e-11,5.624514604063435e-09,0.0,0.0,0.0
SLAB_GRADIENT_TOP_100K,THERMAL,0.25,0.06201064586639404,20.0,26.201064586639404,92.69524171768056,42.53850648320444,135.23374820639964,109.92313438791234,25.310613818487283,27295065.620530102,4.077854775314799e-11,5.624514604063435e-09,0.0,0.0,0.0
SLAB_GRADIENT_TOP_100K,THERMAL,0.25,0.08235462506612141,20.0,28.23546250661214,82.56110025975713,61.58586722674143,144.14696749201312,108.2806043071206,35.866363184892535,36249822.33175137,3.8256544003284935e-11,5.624514604063435e-09,0.0,0.0,0.0
