"time","INTERNAL ENERGY","KINETIC ENERGY","X-MOMENTUM","Y-MOMENTUM","Z-MOMENTUM","MASS","TIME STEP","ROTATION ENERGY","EXTERNAL WORK","SPRING ENERGY","CONTACT ENERGY","HOURGLASS ENERGY","ELASTIC CONTACT ENERGY","FRICTIONAL CONTACT ENERGY","DAMPING CONTACT ENERGY ","PLASTIC WORK","ADDED MASS","PERCENTAGE ADDED MASS","INLET MASS","OUTLET MASS","INLET ENERGY","OUTLET ENERGY","TH_RWALL_ENGINE_SURROGATE                1 RIGID_ENGINE_MASS_SURROGATE              var 23"
0.000000e+00,0.000000e+00,8.979332e+10,-4.547474e-13,1.818989e-11,-9.068626e+08,5.828723e+06,7.213339e-03,0.000000e+00,0.000000e+00,0.000000e+00,0.000000e+00,0.000000e+00,0.000000e+00,0.000000e+00,0.000000e+00,0.000000e+00,0.000000e+00,0.000000e+00,0.000000e+00,0.000000e+00,0.000000e+00,0.000000e+00,4.119080e+06
5.382901e-02,1.760522e+08,8.802645e+10,2.114530e-10,6.277721e-11,-8.990435e+08,5.828723e+06,6.164514e-03,1.539750e+07,-3.389276e+07,0.000000e+00,0.000000e+00,0.000000e+00,0.000000e+00,0.000000e+00,0.000000e+00,1.254435e+08,0.000000e+00,0.000000e+00,0.000000e+00,0.000000e+00,0.000000e+00,0.000000e+00,5.676774e+06
1.007027e-01,3.180753e+08,8.786262e+10,2.406443e-10,-8.625872e-11,-8.990422e+08,5.828723e+06,5.540411e-03,2.201294e+07,-4.866082e+07,0.000000e+00,0.000000e+00,0.000000e+00,0.000000e+00,0.000000e+00,0.000000e+00,2.378334e+08,0.000000e+00,0.000000e+00,0.000000e+00,0.000000e+00,0.000000e+00,0.000000e+00,7.056236e+06
1.545803e-01,4.380584e+08,8.772374e+10,1.690654e-10,-4.966813e-11,-8.989985e+08,5.828723e+06,5.482898e-03,2.454076e+07,-5.400628e+07,0.000000e+00,0.000000e+00,0.000000e+00,0.000000e+00,0.000000e+00,0.000000e+00,3.426603e+08,0.000000e+00,0.000000e+00,0.000000e+00,0.000000e+00,0.000000e+00,0.000000e+00,8.224250e+06
2.043077e-01,5.273654e+08,8.761736e+10,5.210334e-10,-8.473596e-10,-8.989652e+08,5.828723e+06,5.626677e-03,2.563516e+07,-6.032412e+07,0.000000e+00,0.000000e+00,0.000000e+00,0.000000e+00,0.000000e+00,0.000000e+00,4.241038e+08,0.000000e+00,0.000000e+00,0.000000e+00,0.000000e+00,0.000000e+00,0.000000e+00,9.032661e+06
2.549620e-01,6.121240e+08,8.752716e+10,-3.080647e-10,8.817549e-10,-8.989567e+08,5.828723e+06,5.621778e-03,2.477333e+07,-6.375474e+07,0.000000e+00,0.000000e+00,0.000000e+00,0.000000e+00,0.000000e+00,0.000000e+00,4.993713e+08,0.000000e+00,0.000000e+00,0.000000e+00,0.000000e+00,0.000000e+00,0.000000e+00,9.644888e+06
3.055604e-01,6.951511e+08,8.743685e+10,-2.475808e-10,1.160741e-09,-8.989379e+08,5.828723e+06,5.625105e-03,2.154528e+07,-7.041482e+07,0.000000e+00,0.000000e+00,0.000000e+00,0.000000e+00,0.000000e+00,0.000000e+00,5.700972e+08,0.000000e+00,0.000000e+00,0.000000e+00,0.000000e+00,0.000000e+00,0.000000e+00,1.022081e+07
3.507750e-01,7.669340e+08,8.735849e+10,-1.581863e-12,-3.531029e-11,-8.989191e+08,5.828723e+06,5.690648e-03,2.333063e+07,-7.184612e+07,0.000000e+00,0.000000e+00,0.000000e+00,0.000000e+00,0.000000e+00,0.000000e+00,6.336765e+08,0.000000e+00,0.000000e+00,0.000000e+00,0.000000e+00,0.000000e+00,0.000000e+00,1.066110e+07
4.027579e-01,8.429193e+08,8.728169e+10,-4.945830e-10,-2.554698e-11,-8.989448e+08,5.828723e+06,5.941393e-03,2.219582e+07,-7.907570e+07,0.000000e+00,0.000000e+00,0.000000e+00,0.000000e+00,0.000000e+00,0.000000e+00,7.014961e+08,0.000000e+00,0.000000e+00,0.000000e+00,0.000000e+00,0.000000e+00,0.000000e+00,1.114166e+07
4.505161e-01,9.055057e+08,8.721417e+10,-8.071471e-10,-3.033275e-10,-8.989316e+08,5.828723e+06,5.983376e-03,2.019692e+07,-8.131193e+07,0.000000e+00,0.000000e+00,0.000000e+00,0.000000e+00,0.000000e+00,0.000000e+00,7.581822e+08,0.000000e+00,0.000000e+00,0.000000e+00,0.000000e+00,0.000000e+00,0.000000e+00,1.147147e+07
5.038563e-01,9.700500e+08,8.714412e+10,-7.221534e-10,-9.145543e-10,-8.989722e+08,5.828723e+06,6.141123e-03,2.154949e+07,-8.883818e+07,0.000000e+00,0.000000e+00,0.000000e+00,0.000000e+00,0.000000e+00,0.000000e+00,8.155908e+08,0.000000e+00,0.000000e+00,0.000000e+00,0.000000e+00,0.000000e+00,0.000000e+00,1.209689e+07
5.529593e-01,1.029267e+09,8.708376e+10,8.622632e-10,-3.377836e-09,-8.989974e+08,5.828723e+06,6.118058e-03,2.363198e+07,-9.282919e+07,0.000000e+00,0.000000e+00,0.000000e+00,0.000000e+00,0.000000e+00,0.000000e+00,8.684425e+08,0.000000e+00,0.000000e+00,0.000000e+00,0.000000e+00,0.000000e+00,0.000000e+00,1.259034e+07
6.018903e-01,1.091838e+09,8.701184e+10,3.967340e-10,2.755930e-09,-8.989745e+08,5.828723e+06,6.122909e-03,2.765617e+07,-9.701358e+07,0.000000e+00,0.000000e+00,0.000000e+00,0.000000e+00,0.000000e+00,0.000000e+00,9.228783e+08,0.000000e+00,0.000000e+00,0.000000e+00,0.000000e+00,0.000000e+00,0.000000e+00,1.319130e+07
6.507677e-01,1.159061e+09,8.693995e+10,3.762972e-10,-1.082174e-09,-8.989504e+08,5.828723e+06,6.094373e-03,2.358503e+07,-1.050746e+08,0.000000e+00,0.000000e+00,0.000000e+00,0.000000e+00,0.000000e+00,0.000000e+00,9.780829e+08,0.000000e+00,0.000000e+00,0.000000e+00,0.000000e+00,0.000000e+00,0.000000e+00,1.384258e+07
7.055051e-01,1.233097e+09,8.684951e+10,-1.234337e-09,1.435299e-09,-8.988575e+08,5.828723e+06,6.042506e-03,2.224981e+07,-1.111341e+08,0.000000e+00,0.000000e+00,0.000000e+00,0.000000e+00,0.000000e+00,0.000000e+00,1.039964e+09,0.000000e+00,0.000000e+00,0.000000e+00,0.000000e+00,0.000000e+00,0.000000e+00,1.438441e+07
7.542402e-01,1.304662e+09,8.678502e+10,1.734616e-09,1.491339e-09,-8.988778e+08,5.828723e+06,6.121968e-03,2.305968e+07,-1.168653e+08,0.000000e+00,0.000000e+00,0.000000e+00,0.000000e+00,0.000000e+00,0.000000e+00,1.096699e+09,0.000000e+00,0.000000e+00,0.000000e+00,0.000000e+00,0.000000e+00,0.000000e+00,1.486984e+07
8.031540e-01,1.374469e+09,8.671022e+10,1.277254e-09,8.719483e-10,-8.988408e+08,5.828723e+06,6.092583e-03,2.388915e+07,-1.208957e+08,0.000000e+00,0.000000e+00,0.000000e+00,0.000000e+00,0.000000e+00,0.000000e+00,1.155957e+09,0.000000e+00,0.000000e+00,0.000000e+00,0.000000e+00,0.000000e+00,0.000000e+00,1.548944e+07
8.519962e-01,1.442025e+09,8.663885e+10,1.850024e-09,5.264572e-10,-8.987983e+08,5.828723e+06,6.091290e-03,2.286247e+07,-1.232684e+08,0.000000e+00,0.000000e+00,0.000000e+00,0.000000e+00,0.000000e+00,0.000000e+00,1.212742e+09,0.000000e+00,0.000000e+00,0.000000e+00,0.000000e+00,0.000000e+00,0.000000e+00,1.599499e+07
9.003257e-01,1.511456e+09,8.656500e+10,7.896975e-10,-2.746406e-10,-8.987750e+08,5.828723e+06,5.971029e-03,2.111558e+07,-1.288729e+08,0.000000e+00,0.000000e+00,0.000000e+00,0.000000e+00,0.000000e+00,0.000000e+00,1.269334e+09,0.000000e+00,0.000000e+00,0.000000e+00,0.000000e+00,0.000000e+00,0.000000e+00,1.672820e+07
9.543646e-01,1.587612e+09,8.647958e+10,1.108649e-09,4.525753e-10,-8.987140e+08,5.828723e+06,6.153225e-03,1.929222e+07,-1.307835e+08,0.000000e+00,0.000000e+00,0.000000e+00,0.000000e+00,0.000000e+00,0.000000e+00,1.332684e+09,0.000000e+00,0.000000e+00,0.000000e+00,0.000000e+00,0.000000e+00,0.000000e+00,1.719934e+07
1.003535e+00,1.655110e+09,8.642071e+10,1.742292e-09,7.591917e-10,-8.987659e+08,5.828723e+06,6.145691e-03,1.961816e+07,-1.328343e+08,0.000000e+00,0.000000e+00,0.000000e+00,0.000000e+00,0.000000e+00,0.000000e+00,1.388529e+09,0.000000e+00,0.000000e+00,0.000000e+00,0.000000e+00,0.000000e+00,0.000000e+00,1.769298e+07
1.052622e+00,1.722737e+09,8.635153e+10,2.375465e-09,9.416908e-10,-8.987859e+08,5.828723e+06,6.103450e-03,1.817089e+07,-1.358843e+08,0.000000e+00,0.000000e+00,0.000000e+00,0.000000e+00,0.000000e+00,0.000000e+00,1.444124e+09,0.000000e+00,0.000000e+00,0.000000e+00,0.000000e+00,0.000000e+00,0.000000e+00,1.836719e+07
1.101122e+00,1.790876e+09,8.627818e+10,-5.916285e-10,2.445714e-10,-8.987884e+08,5.828723e+06,5.987856e-03,1.881158e+07,-1.366449e+08,0.000000e+00,0.000000e+00,0.000000e+00,0.000000e+00,0.000000e+00,0.000000e+00,1.499989e+09,0.000000e+00,0.000000e+00,0.000000e+00,0.000000e+00,0.000000e+00,0.000000e+00,1.888176e+07
1.155498e+00,1.862171e+09,8.620401e+10,1.392600e-09,8.731525e-10,-8.987851e+08,5.828723e+06,6.080741e-03,1.929205e+07,-1.372712e+08,0.000000e+00,0.000000e+00,0.000000e+00,0.000000e+00,0.000000e+00,0.000000e+00,1.559443e+09,0.000000e+00,0.000000e+00,0.000000e+00,0.000000e+00,0.000000e+00,0.000000e+00,1.945798e+07
1.203908e+00,1.924382e+09,8.614307e+10,1.760467e-09,1.070394e-09,-8.987783e+08,5.828723e+06,6.005645e-03,1.819695e+07,-1.379339e+08,0.000000e+00,0.000000e+00,0.000000e+00,0.000000e+00,0.000000e+00,0.000000e+00,1.610078e+09,0.000000e+00,0.000000e+00,0.000000e+00,0.000000e+00,0.000000e+00,0.000000e+00,1.995590e+07
1.252273e+00,1.981832e+09,8.608369e+10,-1.374757e-09,4.692939e-10,-8.987439e+08,5.828723e+06,6.220312e-03,1.748622e+07,-1.380201e+08,0.000000e+00,0.000000e+00,0.000000e+00,0.000000e+00,0.000000e+00,0.000000e+00,1.657862e+09,0.000000e+00,0.000000e+00,0.000000e+00,0.000000e+00,0.000000e+00,0.000000e+00,2.035590e+07
1.301898e+00,2.032737e+09,8.603242e+10,-3.672545e-10,6.906336e-10,-8.987254e+08,5.828723e+06,6.178140e-03,1.697805e+07,-1.383165e+08,0.000000e+00,0.000000e+00,0.000000e+00,0.000000e+00,0.000000e+00,0.000000e+00,1.702598e+09,0.000000e+00,0.000000e+00,0.000000e+00,0.000000e+00,0.000000e+00,0.000000e+00,2.070080e+07
1.351189e+00,2.080488e+09,8.598575e+10,6.006800e-09,5.493695e-10,-8.987099e+08,5.828723e+06,6.143332e-03,1.578961e+07,-1.384366e+08,0.000000e+00,0.000000e+00,0.000000e+00,0.000000e+00,0.000000e+00,0.000000e+00,1.745215e+09,0.000000e+00,0.000000e+00,0.000000e+00,0.000000e+00,0.000000e+00,0.000000e+00,2.095643e+07
1.400248e+00,2.126491e+09,8.593999e+10,1.300126e-09,7.803074e-10,-8.986892e+08,5.828723e+06,6.122631e-03,1.541603e+07,-1.386398e+08,0.000000e+00,0.000000e+00,0.000000e+00,0.000000e+00,0.000000e+00,0.000000e+00,1.786468e+09,0.000000e+00,0.000000e+00,0.000000e+00,0.000000e+00,0.000000e+00,0.000000e+00,2.123908e+07
1.455285e+00,2.172002e+09,8.589158e+10,1.106743e-09,2.154096e-10,-8.986491e+08,5.828723e+06,6.105082e-03,1.523130e+07,-1.386623e+08,0.000000e+00,0.000000e+00,0.000000e+00,0.000000e+00,0.000000e+00,0.000000e+00,1.827966e+09,0.000000e+00,0.000000e+00,0.000000e+00,0.000000e+00,0.000000e+00,0.000000e+00,2.147754e+07
1.504067e+00,2.210740e+09,8.585431e+10,-2.432658e-09,5.648046e-10,-8.986283e+08,5.828723e+06,6.088249e-03,1.474910e+07,-1.392387e+08,0.000000e+00,0.000000e+00,0.000000e+00,0.000000e+00,0.000000e+00,0.000000e+00,1.862806e+09,0.000000e+00,0.000000e+00,0.000000e+00,0.000000e+00,0.000000e+00,0.000000e+00,2.165780e+07
1.552700e+00,2.250429e+09,8.581385e+10,-6.229688e-10,5.059244e-10,-8.985912e+08,5.828723e+06,6.064445e-03,1.508311e+07,-1.392746e+08,0.000000e+00,0.000000e+00,0.000000e+00,0.000000e+00,0.000000e+00,0.000000e+00,1.897988e+09,0.000000e+00,0.000000e+00,0.000000e+00,0.000000e+00,0.000000e+00,0.000000e+00,2.183519e+07
1.601287e+00,2.289761e+09,8.577337e+10,-1.266531e-10,9.145563e-10,-8.985379e+08,5.828723e+06,6.213794e-03,1.484010e+07,-1.392771e+08,0.000000e+00,0.000000e+00,0.000000e+00,0.000000e+00,0.000000e+00,0.000000e+00,1.932442e+09,0.000000e+00,0.000000e+00,0.000000e+00,0.000000e+00,0.000000e+00,0.000000e+00,2.198841e+07
1.651004e+00,2.328168e+09,8.573540e+10,-1.462488e-09,7.235347e-10,-8.984790e+08,5.828723e+06,6.218062e-03,1.406321e+07,-1.392803e+08,0.000000e+00,0.000000e+00,0.000000e+00,0.000000e+00,0.000000e+00,0.000000e+00,1.966212e+09,0.000000e+00,0.000000e+00,0.000000e+00,0.000000e+00,0.000000e+00,0.000000e+00,2.211217e+07
1.700908e+00,2.364785e+09,8.570020e+10,-1.917011e-09,1.026121e-09,-8.984131e+08,5.828723e+06,6.244056e-03,1.371999e+07,-1.393128e+08,0.000000e+00,0.000000e+00,0.000000e+00,0.000000e+00,0.000000e+00,0.000000e+00,1.998580e+09,0.000000e+00,0.000000e+00,0.000000e+00,0.000000e+00,0.000000e+00,0.000000e+00,2.224637e+07
1.750894e+00,2.400987e+09,8.566446e+10,-1.090767e-09,1.585750e-09,-8.983377e+08,5.828723e+06,6.255531e-03,1.405153e+07,-1.393501e+08,0.000000e+00,0.000000e+00,0.000000e+00,0.000000e+00,0.000000e+00,0.000000e+00,2.031184e+09,0.000000e+00,0.000000e+00,0.000000e+00,0.000000e+00,0.000000e+00,0.000000e+00,2.239963e+07
1.800985e+00,2.437245e+09,8.562867e+10,-2.950607e-10,4.122634e-10,-8.982604e+08,5.828723e+06,6.267715e-03,1.388754e+07,-1.395019e+08,0.000000e+00,0.000000e+00,0.000000e+00,0.000000e+00,0.000000e+00,0.000000e+00,2.064630e+09,0.000000e+00,0.000000e+00,0.000000e+00,0.000000e+00,0.000000e+00,0.000000e+00,2.257590e+07
1.851148e+00,2.471794e+09,8.559310e+10,1.334198e-09,1.500021e-09,-8.981864e+08,5.828723e+06,6.271108e-03,1.386107e+07,-1.396749e+08,0.000000e+00,0.000000e+00,0.000000e+00,0.000000e+00,0.000000e+00,0.000000e+00,2.096515e+09,0.000000e+00,0.000000e+00,0.000000e+00,0.000000e+00,0.000000e+00,0.000000e+00,2.273581e+07
1.901300e+00,2.504605e+09,8.556095e+10,1.752340e-09,9.817090e-10,-8.981319e+08,5.828723e+06,6.265957e-03,1.369248e+07,-1.397199e+08,0.000000e+00,0.000000e+00,0.000000e+00,0.000000e+00,0.000000e+00,0.000000e+00,2.126380e+09,0.000000e+00,0.000000e+00,0.000000e+00,0.000000e+00,0.000000e+00,0.000000e+00,2.286756e+07
1.951401e+00,2.537474e+09,8.552779e+10,-3.376587e-09,1.046821e-10,-8.980846e+08,5.828723e+06,6.257350e-03,1.369218e+07,-1.399083e+08,0.000000e+00,0.000000e+00,0.000000e+00,0.000000e+00,0.000000e+00,0.000000e+00,2.156130e+09,0.000000e+00,0.000000e+00,0.000000e+00,0.000000e+00,0.000000e+00,0.000000e+00,2.301826e+07
2.001422e+00,2.571130e+09,8.549449e+10,1.553428e-09,3.674399e-10,-8.980404e+08,5.828723e+06,6.246814e-03,1.339342e+07,-1.399335e+08,0.000000e+00,0.000000e+00,0.000000e+00,0.000000e+00,0.000000e+00,0.000000e+00,2.186303e+09,0.000000e+00,0.000000e+00,0.000000e+00,0.000000e+00,0.000000e+00,0.000000e+00,2.314828e+07
2.051368e+00,2.605256e+09,8.546106e+10,4.101161e-09,-2.663699e-10,-8.980006e+08,5.828723e+06,6.240617e-03,1.304284e+07,-1.399693e+08,0.000000e+00,0.000000e+00,0.000000e+00,0.000000e+00,0.000000e+00,0.000000e+00,2.216819e+09,0.000000e+00,0.000000e+00,0.000000e+00,0.000000e+00,0.000000e+00,0.000000e+00,2.327608e+07
2.101298e+00,2.639020e+09,8.542804e+10,3.131637e-09,-2.676293e-10,-8.979573e+08,5.828723e+06,6.244239e-03,1.278138e+07,-1.399768e+08,0.000000e+00,0.000000e+00,0.000000e+00,0.000000e+00,0.000000e+00,0.000000e+00,2.247404e+09,0.000000e+00,0.000000e+00,0.000000e+00,0.000000e+00,0.000000e+00,0.000000e+00,2.341683e+07
2.151281e+00,2.670775e+09,8.539632e+10,-3.565883e-10,6.693555e-10,-8.978991e+08,5.828723e+06,6.252391e-03,1.258590e+07,-1.399948e+08,0.000000e+00,0.000000e+00,0.000000e+00,0.000000e+00,0.000000e+00,0.000000e+00,2.276924e+09,0.000000e+00,0.000000e+00,0.000000e+00,0.000000e+00,0.000000e+00,0.000000e+00,2.355595e+07
2.201328e+00,2.700994e+09,8.536610e+10,-4.012305e-09,1.039211e-10,-8.978343e+08,5.828723e+06,6.259850e-03,1.266698e+07,-1.400580e+08,0.000000e+00,0.000000e+00,0.000000e+00,0.000000e+00,0.000000e+00,0.000000e+00,2.305295e+09,0.000000e+00,0.000000e+00,0.000000e+00,0.000000e+00,0.000000e+00,0.000000e+00,2.368840e+07
2.251425e+00,2.730521e+09,8.533626e+10,-3.051171e-09,8.721781e-10,-8.977579e+08,5.828723e+06,6.262353e-03,1.273455e+07,-1.401318e+08,0.000000e+00,0.000000e+00,0.000000e+00,0.000000e+00,0.000000e+00,0.000000e+00,2.332865e+09,0.000000e+00,0.000000e+00,0.000000e+00,0.000000e+00,0.000000e+00,0.000000e+00,2.381134e+07
2.301489e+00,2.759145e+09,8.530732e+10,-7.909398e-10,2.850010e-11,-8.976876e+08,5.828723e+06,6.252178e-03,1.297645e+07,-1.403105e+08,0.000000e+00,0.000000e+00,0.000000e+00,0.000000e+00,0.000000e+00,0.000000e+00,2.360068e+09,0.000000e+00,0.000000e+00,0.000000e+00,0.000000e+00,0.000000e+00,0.000000e+00,2.392790e+07
2.351475e+00,2.786834e+09,8.527908e+10,9.838710e-10,-2.352431e-10,-8.976227e+08,5.828723e+06,6.243918e-03,1.300574e+07,-1.404745e+08,0.000000e+00,0.000000e+00,0.000000e+00,0.000000e+00,0.000000e+00,0.000000e+00,2.386274e+09,0.000000e+00,0.000000e+00,0.000000e+00,0.000000e+00,0.000000e+00,0.000000e+00,2.405351e+07
2.401413e+00,2.813339e+09,8.525277e+10,-3.305727e-09,7.689811e-10,-8.975691e+08,5.828723e+06,6.241120e-03,1.248318e+07,-1.405105e+08,0.000000e+00,0.000000e+00,0.000000e+00,0.000000e+00,0.000000e+00,0.000000e+00,2.411300e+09,0.000000e+00,0.000000e+00,0.000000e+00,0.000000e+00,0.000000e+00,0.000000e+00,2.414301e+07
2.451376e+00,2.838292e+09,8.522795e+10,-3.907652e-10,-3.430370e-10,-8.975229e+08,5.828723e+06,6.244786e-03,1.252183e+07,-1.405672e+08,0.000000e+00,0.000000e+00,0.000000e+00,0.000000e+00,0.000000e+00,0.000000e+00,2.434954e+09,0.000000e+00,0.000000e+00,0.000000e+00,0.000000e+00,0.000000e+00,0.000000e+00,2.424490e+07
2.501333e+00,2.863233e+09,8.520295e+10,-4.505544e-11,-4.267601e-10,-8.974803e+08,5.828723e+06,6.244850e-03,1.250785e+07,-1.405606e+08,0.000000e+00,0.000000e+00,0.000000e+00,0.000000e+00,0.000000e+00,0.000000e+00,2.458385e+09,0.000000e+00,0.000000e+00,0.000000e+00,0.000000e+00,0.000000e+00,0.000000e+00,2.433897e+07
2.551304e+00,2.886238e+09,8.517981e+10,-3.850515e-09,-2.445900e-10,-8.974438e+08,5.828723e+06,6.248484e-03,1.231169e+07,-1.405606e+08,0.000000e+00,0.000000e+00,0.000000e+00,0.000000e+00,0.000000e+00,0.000000e+00,2.480489e+09,0.000000e+00,0.000000e+00,0.000000e+00,0.000000e+00,0.000000e+00,0.000000e+00,2.441327e+07
2.601312e+00,2.907082e+09,8.515859e+10,-3.029696e-09,-9.161515e-10,-8.974144e+08,5.828723e+06,6.254264e-03,1.224931e+07,-1.405699e+08,0.000000e+00,0.000000e+00,0.000000e+00,0.000000e+00,0.000000e+00,0.000000e+00,2.500433e+09,0.000000e+00,0.000000e+00,0.000000e+00,0.000000e+00,0.000000e+00,0.000000e+00,2.448086e+07
2.651364e+00,2.925698e+09,8.513995e+10,2.420453e-09,-9.366581e-10,-8.973930e+08,5.828723e+06,6.258680e-03,1.229064e+07,-1.405757e+08,0.000000e+00,0.000000e+00,0.000000e+00,0.000000e+00,0.000000e+00,0.000000e+00,2.518616e+09,0.000000e+00,0.000000e+00,0.000000e+00,0.000000e+00,0.000000e+00,0.000000e+00,2.453643e+07
2.701441e+00,2.943939e+09,8.512172e+10,-3.594656e-09,-2.749038e-10,-8.973747e+08,5.828723e+06,6.260509e-03,1.199669e+07,-1.405684e+08,0.000000e+00,0.000000e+00,0.000000e+00,0.000000e+00,0.000000e+00,0.000000e+00,2.535758e+09,0.000000e+00,0.000000e+00,0.000000e+00,0.000000e+00,0.000000e+00,0.000000e+00,2.457708e+07
2.751510e+00,2.962177e+09,8.510395e+10,1.388345e-09,-3.543913e-10,-8.973617e+08,5.828723e+06,6.255110e-03,1.176063e+07,-1.405606e+08,0.000000e+00,0.000000e+00,0.000000e+00,0.000000e+00,0.000000e+00,0.000000e+00,2.552681e+09,0.000000e+00,0.000000e+00,0.000000e+00,0.000000e+00,0.000000e+00,0.000000e+00,2.461933e+07
2.801527e+00,2.980029e+09,8.508613e+10,-3.945104e-09,-7.181657e-10,-8.973496e+08,5.828723e+06,6.249122e-03,1.172432e+07,-1.405581e+08,0.000000e+00,0.000000e+00,0.000000e+00,0.000000e+00,0.000000e+00,0.000000e+00,2.569132e+09,0.000000e+00,0.000000e+00,0.000000e+00,0.000000e+00,0.000000e+00,0.000000e+00,2.465479e+07
2.851511e+00,2.997353e+09,8.506836e+10,1.648180e-10,-8.957246e-10,-8.973213e+08,5.828723e+06,6.246836e-03,1.169320e+07,-1.405617e+08,0.000000e+00,0.000000e+00,0.000000e+00,0.000000e+00,0.000000e+00,0.000000e+00,2.584610e+09,0.000000e+00,0.000000e+00,0.000000e+00,0.000000e+00,0.000000e+00,0.000000e+00,2.468316e+07
2.901475e+00,3.013474e+09,8.505201e+10,-2.844403e-09,-3.240464e-10,-8.972855e+08,5.828723e+06,6.244456e-03,1.164596e+07,-1.405652e+08,0.000000e+00,0.000000e+00,0.000000e+00,0.000000e+00,0.000000e+00,0.000000e+00,2.599446e+09,0.000000e+00,0.000000e+00,0.000000e+00,0.000000e+00,0.000000e+00,0.000000e+00,2.469610e+07
2.951439e+00,3.028974e+09,8.503653e+10,-1.192296e-09,-5.672284e-10,-8.972362e+08,5.828723e+06,6.248133e-03,1.149823e+07,-1.405667e+08,0.000000e+00,0.000000e+00,0.000000e+00,0.000000e+00,0.000000e+00,0.000000e+00,2.613306e+09,0.000000e+00,0.000000e+00,0.000000e+00,0.000000e+00,0.000000e+00,0.000000e+00,2.469479e+07
3.001439e+00,3.043619e+09,8.502221e+10,-2.884746e-09,-6.237801e-10,-8.971736e+08,5.828723e+06,6.252277e-03,1.136602e+07,-1.405673e+08,0.000000e+00,0.000000e+00,0.000000e+00,0.000000e+00,0.000000e+00,0.000000e+00,2.626807e+09,0.000000e+00,0.000000e+00,0.000000e+00,0.000000e+00,0.000000e+00,0.000000e+00,2.469922e+07
3.051472e+00,3.057174e+09,8.500912e+10,2.885781e-10,-6.573094e-10,-8.970992e+08,5.828723e+06,6.256164e-03,1.117585e+07,-1.405767e+08,0.000000e+00,0.000000e+00,0.000000e+00,0.000000e+00,0.000000e+00,0.000000e+00,2.639657e+09,0.000000e+00,0.000000e+00,0.000000e+00,0.000000e+00,0.000000e+00,0.000000e+00,2.470329e+07
3.101530e+00,3.070587e+09,8.499565e+10,-1.996590e-09,-1.280729e-09,-8.970136e+08,5.828723e+06,6.257785e-03,1.113639e+07,-1.405855e+08,0.000000e+00,0.000000e+00,0.000000e+00,0.000000e+00,0.000000e+00,0.000000e+00,2.651335e+09,0.000000e+00,0.000000e+00,0.000000e+00,0.000000e+00,0.000000e+00,0.000000e+00,2.470941e+07
3.151588e+00,3.083869e+09,8.498233e+10,-1.354893e-09,-6.312106e-10,-8.969195e+08,5.828723e+06,6.256036e-03,1.114884e+07,-1.405944e+08,0.000000e+00,0.000000e+00,0.000000e+00,0.000000e+00,0.000000e+00,0.000000e+00,2.662798e+09,0.000000e+00,0.000000e+00,0.000000e+00,0.000000e+00,0.000000e+00,0.000000e+00,2.471463e+07
3.201630e+00,3.097301e+09,8.496908e+10,-2.281599e-09,1.186956e-09,-8.968305e+08,5.828723e+06,6.254426e-03,1.098098e+07,-1.406021e+08,0.000000e+00,0.000000e+00,0.000000e+00,0.000000e+00,0.000000e+00,0.000000e+00,2.674499e+09,0.000000e+00,0.000000e+00,0.000000e+00,0.000000e+00,0.000000e+00,0.000000e+00,2.472055e+07
3.251663e+00,3.110828e+09,8.495526e+10,-5.840602e-10,9.798411e-10,-8.967455e+08,5.828723e+06,6.254141e-03,1.112763e+07,-1.406106e+08,0.000000e+00,0.000000e+00,0.000000e+00,0.000000e+00,0.000000e+00,0.000000e+00,2.686436e+09,0.000000e+00,0.000000e+00,0.000000e+00,0.000000e+00,0.000000e+00,0.000000e+00,2.472229e+07
3.301695e+00,3.124424e+09,8.494138e+10,-1.658861e-09,-3.001293e-10,-8.966716e+08,5.828723e+06,6.253320e-03,1.114798e+07,-1.406199e+08,0.000000e+00,0.000000e+00,0.000000e+00,0.000000e+00,0.000000e+00,0.000000e+00,2.698244e+09,0.000000e+00,0.000000e+00,0.000000e+00,0.000000e+00,0.000000e+00,0.000000e+00,2.471639e+07
3.351719e+00,3.137662e+09,8.492826e+10,1.868476e-09,-1.018349e-09,-8.966076e+08,5.828723e+06,6.253438e-03,1.102528e+07,-1.406280e+08,0.000000e+00,0.000000e+00,0.000000e+00,0.000000e+00,0.000000e+00,0.000000e+00,2.709974e+09,0.000000e+00,0.000000e+00,0.000000e+00,0.000000e+00,0.000000e+00,0.000000e+00,2.470553e+07
3.401756e+00,3.150608e+09,8.491539e+10,-1.926232e-09,-3.094800e-10,-8.965462e+08,5.828723e+06,6.256486e-03,1.100186e+07,-1.406408e+08,0.000000e+00,0.000000e+00,0.000000e+00,0.000000e+00,0.000000e+00,0.000000e+00,2.721506e+09,0.000000e+00,0.000000e+00,0.000000e+00,0.000000e+00,0.000000e+00,0.000000e+00,2.469715e+07
3.451821e+00,3.163620e+09,8.490249e+10,-1.061653e-09,-1.590736e-09,-8.964882e+08,5.828723e+06,6.259437e-03,1.097309e+07,-1.406507e+08,0.000000e+00,0.000000e+00,0.000000e+00,0.000000e+00,0.000000e+00,0.000000e+00,2.732750e+09,0.000000e+00,0.000000e+00,0.000000e+00,0.000000e+00,0.000000e+00,0.000000e+00,2.469603e+07
3.501895e+00,3.176458e+09,8.488976e+10,4.100997e-09,-2.134334e-09,-8.964228e+08,5.828723e+06,6.258975e-03,1.077934e+07,-1.406638e+08,0.000000e+00,0.000000e+00,0.000000e+00,0.000000e+00,0.000000e+00,0.000000e+00,2.743918e+09,0.000000e+00,0.000000e+00,0.000000e+00,0.000000e+00,0.000000e+00,0.000000e+00,2.469888e+07
3.551962e+00,3.189194e+09,8.487700e+10,2.086460e-09,-3.426204e-09,-8.963473e+08,5.828723e+06,6.257580e-03,1.061827e+07,-1.406754e+08,0.000000e+00,0.000000e+00,0.000000e+00,0.000000e+00,0.000000e+00,0.000000e+00,2.754992e+09,0.000000e+00,0.000000e+00,0.000000e+00,0.000000e+00,0.000000e+00,0.000000e+00,2.469923e+07
3.602023e+00,3.201782e+09,8.486432e+10,7.637286e-10,-3.204760e-09,-8.962669e+08,5.828723e+06,6.257795e-03,1.065571e+07,-1.406886e+08,0.000000e+00,0.000000e+00,0.000000e+00,0.000000e+00,0.000000e+00,0.000000e+00,2.766036e+09,0.000000e+00,0.000000e+00,0.000000e+00,0.000000e+00,0.000000e+00,0.000000e+00,2.469910e+07
3.652084e+00,3.213969e+09,8.485192e+10,1.850159e-09,-2.258253e-09,-8.961797e+08,5.828723e+06,6.257033e-03,1.076337e+07,-1.407006e+08,0.000000e+00,0.000000e+00,0.000000e+00,0.000000e+00,0.000000e+00,0.000000e+00,2.776984e+09,0.000000e+00,0.000000e+00,0.000000e+00,0.000000e+00,0.000000e+00,0.000000e+00,2.469891e+07
3.702132e+00,3.225715e+09,8.484003e+10,4.610753e-09,-1.564339e-09,-8.960804e+08,5.828723e+06,6.254444e-03,1.083400e+07,-1.407106e+08,0.000000e+00,0.000000e+00,0.000000e+00,0.000000e+00,0.000000e+00,0.000000e+00,2.787942e+09,0.000000e+00,0.000000e+00,0.000000e+00,0.000000e+00,0.000000e+00,0.000000e+00,2.469679e+07
3.752165e+00,3.237320e+09,8.482851e+10,1.913807e-09,-8.974756e-10,-8.959633e+08,5.828723e+06,6.254792e-03,1.079745e+07,-1.407203e+08,0.000000e+00,0.000000e+00,0.000000e+00,0.000000e+00,0.000000e+00,0.000000e+00,2.798888e+09,0.000000e+00,0.000000e+00,0.000000e+00,0.000000e+00,0.000000e+00,0.000000e+00,2.469588e+07
3.802208e+00,3.248838e+09,8.481713e+10,2.628961e-09,-1.408536e-09,-8.958340e+08,5.828723e+06,6.255333e-03,1.062774e+07,-1.407299e+08,0.000000e+00,0.000000e+00,0.000000e+00,0.000000e+00,0.000000e+00,0.000000e+00,2.809599e+09,0.000000e+00,0.000000e+00,0.000000e+00,0.000000e+00,0.000000e+00,0.000000e+00,2.469760e+07
3.852249e+00,3.260072e+09,8.480617e+10,-7.096507e-10,-3.102931e-09,-8.957003e+08,5.828723e+06,6.255199e-03,1.046395e+07,-1.407390e+08,0.000000e+00,0.000000e+00,0.000000e+00,0.000000e+00,0.000000e+00,0.000000e+00,2.820074e+09,0.000000e+00,0.000000e+00,0.000000e+00,0.000000e+00,0.000000e+00,0.000000e+00,2.470381e+07
3.902294e+00,3.270972e+09,8.479532e+10,1.561679e-09,-2.296896e-09,-8.955566e+08,5.828723e+06,6.256431e-03,1.050482e+07,-1.407477e+08,0.000000e+00,0.000000e+00,0.000000e+00,0.000000e+00,0.000000e+00,0.000000e+00,2.830535e+09,0.000000e+00,0.000000e+00,0.000000e+00,0.000000e+00,0.000000e+00,0.000000e+00,2.471859e+07
3.952349e+00,3.281785e+09,8.478423e+10,5.687887e-09,-1.699300e-09,-8.954049e+08,5.828723e+06,6.257369e-03,1.070099e+07,-1.407563e+08,0.000000e+00,0.000000e+00,0.000000e+00,0.000000e+00,0.000000e+00,0.000000e+00,2.840853e+09,0.000000e+00,0.000000e+00,0.000000e+00,0.000000e+00,0.000000e+00,0.000000e+00,2.473288e+07
4.002409e+00,3.292475e+09,8.477341e+10,8.878095e-10,-1.276325e-10,-8.952462e+08,5.828723e+06,6.257507e-03,1.078882e+07,-1.407648e+08,0.000000e+00,0.000000e+00,0.000000e+00,0.000000e+00,0.000000e+00,0.000000e+00,2.851044e+09,0.000000e+00,0.000000e+00,0.000000e+00,0.000000e+00,0.000000e+00,0.000000e+00,2.474321e+07
4.052466e+00,3.302198e+09,8.476358e+10,-3.539575e-09,-6.194147e-10,-8.950861e+08,5.828723e+06,6.256359e-03,1.086759e+07,-1.407719e+08,0.000000e+00,0.000000e+00,0.000000e+00,0.000000e+00,0.000000e+00,0.000000e+00,2.860991e+09,0.000000e+00,0.000000e+00,0.000000e+00,0.000000e+00,0.000000e+00,0.000000e+00,2.474880e+07
4.102512e+00,3.311717e+09,8.475415e+10,-2.060318e-10,-1.526608e-09,-8.949312e+08,5.828723e+06,6.255041e-03,1.083581e+07,-1.407778e+08,0.000000e+00,0.000000e+00,0.000000e+00,0.000000e+00,0.000000e+00,0.000000e+00,2.870308e+09,0.000000e+00,0.000000e+00,0.000000e+00,0.000000e+00,0.000000e+00,0.000000e+00,2.475213e+07
4.152552e+00,3.321178e+09,8.474467e+10,-1.946258e-10,-5.792669e-10,-8.947844e+08,5.828723e+06,6.254997e-03,1.091076e+07,-1.407828e+08,0.000000e+00,0.000000e+00,0.000000e+00,0.000000e+00,0.000000e+00,0.000000e+00,2.879144e+09,0.000000e+00,0.000000e+00,0.000000e+00,0.000000e+00,0.000000e+00,0.000000e+00,2.475684e+07
4.202591e+00,3.330230e+09,8.473547e+10,2.006301e-09,-3.371810e-10,-8.946427e+08,5.828723e+06,6.254970e-03,1.097836e+07,-1.407871e+08,0.000000e+00,0.000000e+00,0.000000e+00,0.000000e+00,0.000000e+00,0.000000e+00,2.887616e+09,0.000000e+00,0.000000e+00,0.000000e+00,0.000000e+00,0.000000e+00,0.000000e+00,2.476040e+07
4.252630e+00,3.339318e+09,8.472664e+10,1.550238e-09,1.176243e-09,-8.944927e+08,5.828723e+06,6.254415e-03,1.089534e+07,-1.407919e+08,0.000000e+00,0.000000e+00,0.000000e+00,0.000000e+00,0.000000e+00,0.000000e+00,2.896036e+09,0.000000e+00,0.000000e+00,0.000000e+00,0.000000e+00,0.000000e+00,0.000000e+00,2.476852e+07
4.302666e+00,3.348426e+09,8.471777e+10,3.912472e-09,-1.697483e-10,-8.943306e+08,5.828723e+06,6.254520e-03,1.090480e+07,-1.407973e+08,0.000000e+00,0.000000e+00,0.000000e+00,0.000000e+00,0.000000e+00,0.000000e+00,2.904362e+09,0.000000e+00,0.000000e+00,0.000000e+00,0.000000e+00,0.000000e+00,0.000000e+00,2.478404e+07
4.352701e+00,3.357297e+09,8.470885e+10,2.642202e-09,4.478971e-10,-8.941534e+08,5.828723e+06,6.254278e-03,1.098686e+07,-1.408027e+08,0.000000e+00,0.000000e+00,0.000000e+00,0.000000e+00,0.000000e+00,0.000000e+00,2.912680e+09,0.000000e+00,0.000000e+00,0.000000e+00,0.000000e+00,0.000000e+00,0.000000e+00,2.480074e+07
4.402729e+00,3.365886e+09,8.470007e+10,3.032287e-09,1.176852e-09,-8.939614e+08,5.828723e+06,6.252018e-03,1.109007e+07,-1.408074e+08,0.000000e+00,0.000000e+00,0.000000e+00,0.000000e+00,0.000000e+00,0.000000e+00,2.920946e+09,0.000000e+00,0.000000e+00,0.000000e+00,0.000000e+00,0.000000e+00,0.000000e+00,2.481078e+07
4.452738e+00,3.374418e+09,8.469145e+10,2.798409e-10,2.490724e-09,-8.937597e+08,5.828723e+06,6.250894e-03,1.104555e+07,-1.408123e+08,0.000000e+00,0.000000e+00,0.000000e+00,0.000000e+00,0.000000e+00,0.000000e+00,2.928972e+09,0.000000e+00,0.000000e+00,0.000000e+00,0.000000e+00,0.000000e+00,0.000000e+00,2.481176e+07
4.502750e+00,3.382867e+09,8.468319e+10,2.926008e-09,1.097052e-09,-8.935468e+08,5.828723e+06,6.252297e-03,1.093037e+07,-1.408165e+08,0.000000e+00,0.000000e+00,0.000000e+00,0.000000e+00,0.000000e+00,0.000000e+00,2.936931e+09,0.000000e+00,0.000000e+00,0.000000e+00,0.000000e+00,0.000000e+00,0.000000e+00,2.481395e+07
4.552773e+00,3.391040e+09,8.467527e+10,7.324507e-09,1.271210e-09,-8.933201e+08,5.828723e+06,6.253578e-03,1.086200e+07,-1.408198e+08,0.000000e+00,0.000000e+00,0.000000e+00,0.000000e+00,0.000000e+00,0.000000e+00,2.944657e+09,0.000000e+00,0.000000e+00,0.000000e+00,0.000000e+00,0.000000e+00,0.000000e+00,2.482321e+07
4.602807e+00,3.399194e+09,8.466743e+10,1.725092e-09,1.029589e-09,-8.930811e+08,5.828723e+06,6.254860e-03,1.078702e+07,-1.408234e+08,0.000000e+00,0.000000e+00,0.000000e+00,0.000000e+00,0.000000e+00,0.000000e+00,2.952138e+09,0.000000e+00,0.000000e+00,0.000000e+00,0.000000e+00,0.000000e+00,0.000000e+00,2.484126e+07
4.652848e+00,3.407398e+09,8.465945e+10,2.545912e-09,6.606335e-10,-8.928386e+08,5.828723e+06,6.255448e-03,1.074336e+07,-1.408283e+08,0.000000e+00,0.000000e+00,0.000000e+00,0.000000e+00,0.000000e+00,0.000000e+00,2.959466e+09,0.000000e+00,0.000000e+00,0.000000e+00,0.000000e+00,0.000000e+00,0.000000e+00,2.486691e+07
4.702892e+00,3.415194e+09,8.465142e+10,2.765018e-09,5.241002e-10,-8.925965e+08,5.828723e+06,6.255728e-03,1.083541e+07,-1.408329e+08,0.000000e+00,0.000000e+00,0.000000e+00,0.000000e+00,0.000000e+00,0.000000e+00,2.966648e+09,0.000000e+00,0.000000e+00,0.000000e+00,0.000000e+00,0.000000e+00,0.000000e+00,2.488977e+07
4.752935e+00,3.422781e+09,8.464359e+10,4.383367e-11,1.461771e-10,-8.923571e+08,5.828723e+06,6.254008e-03,1.080890e+07,-1.408360e+08,0.000000e+00,0.000000e+00,0.000000e+00,0.000000e+00,0.000000e+00,0.000000e+00,2.973784e+09,0.000000e+00,0.000000e+00,0.000000e+00,0.000000e+00,0.000000e+00,0.000000e+00,2.490152e+07
4.802958e+00,3.430434e+09,8.463588e+10,3.316198e-09,4.178591e-10,-8.921201e+08,5.828723e+06,6.251902e-03,1.063288e+07,-1.408382e+08,0.000000e+00,0.000000e+00,0.000000e+00,0.000000e+00,0.000000e+00,0.000000e+00,2.980859e+09,0.000000e+00,0.000000e+00,0.000000e+00,0.000000e+00,0.000000e+00,0.000000e+00,2.490236e+07
4.852975e+00,3.437848e+09,8.462863e+10,4.271745e-09,1.419024e-09,-8.918895e+08,5.828723e+06,6.252860e-03,1.052666e+07,-1.408409e+08,0.000000e+00,0.000000e+00,0.000000e+00,0.000000e+00,0.000000e+00,0.000000e+00,2.987820e+09,0.000000e+00,0.000000e+00,0.000000e+00,0.000000e+00,0.000000e+00,0.000000e+00,2.490134e+07
4.903004e+00,3.444914e+09,8.462175e+10,1.345617e-09,2.004278e-10,-8.916619e+08,5.828723e+06,6.254820e-03,1.052162e+07,-1.408451e+08,0.000000e+00,0.000000e+00,0.000000e+00,0.000000e+00,0.000000e+00,0.000000e+00,2.994608e+09,0.000000e+00,0.000000e+00,0.000000e+00,0.000000e+00,0.000000e+00,0.000000e+00,2.490985e+07
4.953049e+00,3.451963e+09,8.461491e+10,-2.241323e-09,-9.277136e-10,-8.914392e+08,5.828723e+06,6.256220e-03,1.056718e+07,-1.408496e+08,0.000000e+00,0.000000e+00,0.000000e+00,0.000000e+00,0.000000e+00,0.000000e+00,3.001233e+09,0.000000e+00,0.000000e+00,0.000000e+00,0.000000e+00,0.000000e+00,0.000000e+00,2.493190e+07
5.003101e+00,3.459085e+09,8.460781e+10,1.707912e-11,2.626477e-09,-8.912247e+08,5.828723e+06,6.256766e-03,1.054738e+07,-1.408542e+08,0.000000e+00,0.000000e+00,0.000000e+00,0.000000e+00,0.000000e+00,0.000000e+00,3.007726e+09,0.000000e+00,0.000000e+00,0.000000e+00,0.000000e+00,0.000000e+00,0.000000e+00,2.496041e+07
5.053154e+00,3.465883e+09,8.460084e+10,-1.668893e-09,-2.240838e-09,-8.910189e+08,5.828723e+06,6.256325e-03,1.054602e+07,-1.408587e+08,0.000000e+00,0.000000e+00,0.000000e+00,0.000000e+00,0.000000e+00,0.000000e+00,3.014083e+09,0.000000e+00,0.000000e+00,0.000000e+00,0.000000e+00,0.000000e+00,0.000000e+00,2.498227e+07
5.103199e+00,3.472303e+09,8.459442e+10,1.774371e-09,-2.229755e-09,-8.908177e+08,5.828723e+06,6.254430e-03,1.053844e+07,-1.408627e+08,0.000000e+00,0.000000e+00,0.000000e+00,0.000000e+00,0.000000e+00,0.000000e+00,3.020273e+09,0.000000e+00,0.000000e+00,0.000000e+00,0.000000e+00,0.000000e+00,0.000000e+00,2.499738e+07
5.153230e+00,3.478712e+09,8.458802e+10,1.007080e-09,-2.140241e-09,-8.906144e+08,5.828723e+06,6.253495e-03,1.047688e+07,-1.408661e+08,0.000000e+00,0.000000e+00,0.000000e+00,0.000000e+00,0.000000e+00,0.000000e+00,3.026336e+09,0.000000e+00,0.000000e+00,0.000000e+00,0.000000e+00,0.000000e+00,0.000000e+00,2.501016e+07
5.203253e+00,3.484944e+09,8.458170e+10,-4.899334e-09,1.591217e-09,-8.904054e+08,5.828723e+06,6.251881e-03,1.045886e+07,-1.408688e+08,0.000000e+00,0.000000e+00,0.000000e+00,0.000000e+00,0.000000e+00,0.000000e+00,3.032271e+09,0.000000e+00,0.000000e+00,0.000000e+00,0.000000e+00,0.000000e+00,0.000000e+00,2.501744e+07
5.253265e+00,3.490892e+09,8.457581e+10,-7.055632e-09,-2.378852e-09,-8.901933e+08,5.828723e+06,6.251616e-03,1.043942e+07,-1.408715e+08,0.000000e+00,0.000000e+00,0.000000e+00,0.000000e+00,0.000000e+00,0.000000e+00,3.038027e+09,0.000000e+00,0.000000e+00,0.000000e+00,0.000000e+00,0.000000e+00,0.000000e+00,2.502748e+07
5.303284e+00,3.496669e+09,8.457028e+10,-3.373353e-09,-3.143944e-09,-8.899789e+08,5.828723e+06,6.253600e-03,1.044245e+07,-1.408752e+08,0.000000e+00,0.000000e+00,0.000000e+00,0.000000e+00,0.000000e+00,0.000000e+00,3.043785e+09,0.000000e+00,0.000000e+00,0.000000e+00,0.000000e+00,0.000000e+00,0.000000e+00,2.504642e+07
5.353320e+00,3.501958e+09,8.456508e+10,-7.170230e-09,-7.929673e-09,-8.897569e+08,5.828723e+06,6.255305e-03,1.055754e+07,-1.408790e+08,0.000000e+00,0.000000e+00,0.000000e+00,0.000000e+00,0.000000e+00,0.000000e+00,3.049531e+09,0.000000e+00,0.000000e+00,0.000000e+00,0.000000e+00,0.000000e+00,0.000000e+00,2.507219e+07
5.403364e+00,3.506844e+09,8.456017e+10,3.246656e-10,-5.175406e-08,-8.895300e+08,5.828723e+06,6.255280e-03,1.076816e+07,-1.408826e+08,0.000000e+00,0.000000e+00,0.000000e+00,0.000000e+00,0.000000e+00,0.000000e+00,3.054811e+09,0.000000e+00,0.000000e+00,0.000000e+00,0.000000e+00,0.000000e+00,0.000000e+00,2.510237e+07
5.453403e+00,3.511688e+09,8.455534e+10,2.318061e-09,-4.722075e-08,-8.893053e+08,5.828723e+06,6.254306e-03,1.080058e+07,-1.408859e+08,0.000000e+00,0.000000e+00,0.000000e+00,0.000000e+00,0.000000e+00,0.000000e+00,3.059975e+09,0.000000e+00,0.000000e+00,0.000000e+00,0.000000e+00,0.000000e+00,0.000000e+00,2.513101e+07
5.503432e+00,3.516654e+09,8.455037e+10,2.650491e-09,-3.615220e-08,-8.890822e+08,5.828723e+06,6.252854e-03,1.067633e+07,-1.408888e+08,0.000000e+00,0.000000e+00,0.000000e+00,0.000000e+00,0.000000e+00,0.000000e+00,3.064997e+09,0.000000e+00,0.000000e+00,0.000000e+00,0.000000e+00,0.000000e+00,0.000000e+00,2.515277e+07
5.553447e+00,3.521519e+09,8.454546e+10,5.403147e-09,5.847805e-09,-8.888635e+08,5.828723e+06,6.250098e-03,1.061152e+07,-1.408917e+08,0.000000e+00,0.000000e+00,0.000000e+00,0.000000e+00,0.000000e+00,0.000000e+00,3.069937e+09,0.000000e+00,0.000000e+00,0.000000e+00,0.000000e+00,0.000000e+00,0.000000e+00,2.516811e+07
5.603434e+00,3.526197e+09,8.454096e+10,9.807173e-09,-9.250559e-08,-8.886483e+08,5.828723e+06,6.246489e-03,1.057073e+07,-1.408952e+08,0.000000e+00,0.000000e+00,0.000000e+00,0.000000e+00,0.000000e+00,0.000000e+00,3.074777e+09,0.000000e+00,0.000000e+00,0.000000e+00,0.000000e+00,0.000000e+00,0.000000e+00,2.518413e+07
5.653403e+00,3.530930e+09,8.453653e+10,-8.740805e-09,-1.636340e-07,-8.884348e+08,5.828723e+06,6.246654e-03,1.058277e+07,-1.408992e+08,0.000000e+00,0.000000e+00,0.000000e+00,0.000000e+00,0.000000e+00,0.000000e+00,3.079533e+09,0.000000e+00,0.000000e+00,0.000000e+00,0.000000e+00,0.000000e+00,0.000000e+00,2.521030e+07
5.703387e+00,3.535746e+09,8.453181e+10,-1.078168e-08,-2.356115e-07,-8.882202e+08,5.828723e+06,6.249756e-03,1.058145e+07,-1.409029e+08,0.000000e+00,0.000000e+00,0.000000e+00,0.000000e+00,0.000000e+00,0.000000e+00,3.084120e+09,0.000000e+00,0.000000e+00,0.000000e+00,0.000000e+00,0.000000e+00,0.000000e+00,2.524125e+07
5.753393e+00,3.540359e+09,8.452724e+10,2.830743e-09,-9.212531e-09,-8.880086e+08,5.828723e+06,6.251960e-03,1.065677e+07,-1.409060e+08,0.000000e+00,0.000000e+00,0.000000e+00,0.000000e+00,0.000000e+00,0.000000e+00,3.088581e+09,0.000000e+00,0.000000e+00,0.000000e+00,0.000000e+00,0.000000e+00,0.000000e+00,2.527086e+07
5.803413e+00,3.544732e+09,8.452291e+10,1.456641e-09,8.239002e-08,-8.877991e+08,5.828723e+06,6.252915e-03,1.072427e+07,-1.409096e+08,0.000000e+00,0.000000e+00,0.000000e+00,0.000000e+00,0.000000e+00,0.000000e+00,3.093095e+09,0.000000e+00,0.000000e+00,0.000000e+00,0.000000e+00,0.000000e+00,0.000000e+00,2.530289e+07
5.853441e+00,3.549220e+09,8.451845e+10,1.926648e-08,-9.500163e-08,-8.875889e+08,5.828723e+06,6.253918e-03,1.057777e+07,-1.409124e+08,0.000000e+00,0.000000e+00,0.000000e+00,0.000000e+00,0.000000e+00,0.000000e+00,3.097640e+09,0.000000e+00,0.000000e+00,0.000000e+00,0.000000e+00,0.000000e+00,0.000000e+00,2.532916e+07
5.903467e+00,3.553574e+09,8.451410e+10,1.675899e-08,1.591638e-07,-8.873779e+08,5.828723e+06,6.251344e-03,1.047450e+07,-1.409141e+08,0.000000e+00,0.000000e+00,0.000000e+00,0.000000e+00,0.000000e+00,0.000000e+00,3.102020e+09,0.000000e+00,0.000000e+00,0.000000e+00,0.000000e+00,0.000000e+00,0.000000e+00,2.534840e+07
5.953463e+00,3.557712e+09,8.450987e+10,2.211331e-08,1.353626e-07,-8.871610e+08,5.828723e+06,6.247540e-03,1.044825e+07,-1.409158e+08,0.000000e+00,0.000000e+00,0.000000e+00,0.000000e+00,0.000000e+00,0.000000e+00,3.106172e+09,0.000000e+00,0.000000e+00,0.000000e+00,0.000000e+00,0.000000e+00,0.000000e+00,2.536335e+07
6.003436e+00,3.561849e+09,8.450589e+10,3.165751e-08,-1.295092e-08,-8.869407e+08,5.828723e+06,6.246238e-03,1.046350e+07,-1.409183e+08,0.000000e+00,0.000000e+00,0.000000e+00,0.000000e+00,0.000000e+00,0.000000e+00,3.110235e+09,0.000000e+00,0.000000e+00,0.000000e+00,0.000000e+00,0.000000e+00,0.000000e+00,2.538123e+07
6.053406e+00,3.565967e+09,8.450193e+10,-1.668461e-08,1.289504e-07,-8.867158e+08,5.828723e+06,6.246465e-03,1.054834e+07,-1.409219e+08,0.000000e+00,0.000000e+00,0.000000e+00,0.000000e+00,0.000000e+00,0.000000e+00,3.114071e+09,0.000000e+00,0.000000e+00,0.000000e+00,0.000000e+00,0.000000e+00,0.000000e+00,2.541112e+07
6.103386e+00,3.569874e+09,8.449825e+10,5.169121e-08,3.673608e-07,-8.864848e+08,5.828723e+06,6.249229e-03,1.060782e+07,-1.409255e+08,0.000000e+00,0.000000e+00,0.000000e+00,0.000000e+00,0.000000e+00,0.000000e+00,3.117856e+09,0.000000e+00,0.000000e+00,0.000000e+00,0.000000e+00,0.000000e+00,0.000000e+00,2.544944e+07
6.153396e+00,3.573648e+09,8.449451e+10,9.733363e-08,3.635421e-07,-8.862513e+08,5.828723e+06,6.254124e-03,1.064645e+07,-1.409291e+08,0.000000e+00,0.000000e+00,0.000000e+00,0.000000e+00,0.000000e+00,0.000000e+00,3.121392e+09,0.000000e+00,0.000000e+00,0.000000e+00,0.000000e+00,0.000000e+00,0.000000e+00,2.548984e+07
6.203447e+00,3.577525e+09,8.449044e+10,-4.842623e-08,-3.457052e-07,-8.860236e+08,5.828723e+06,6.258592e-03,1.060529e+07,-1.409324e+08,0.000000e+00,0.000000e+00,0.000000e+00,0.000000e+00,0.000000e+00,0.000000e+00,3.124943e+09,0.000000e+00,0.000000e+00,0.000000e+00,0.000000e+00,0.000000e+00,0.000000e+00,2.552022e+07
6.253513e+00,3.581441e+09,8.448650e+10,-1.296908e-07,1.210707e-06,-8.858022e+08,5.828723e+06,6.256811e-03,1.052458e+07,-1.409356e+08,0.000000e+00,0.000000e+00,0.000000e+00,0.000000e+00,0.000000e+00,0.000000e+00,3.128594e+09,0.000000e+00,0.000000e+00,0.000000e+00,0.000000e+00,0.000000e+00,0.000000e+00,2.554358e+07
6.303556e+00,3.585265e+09,8.448257e+10,-2.886449e-08,4.202882e-06,-8.855814e+08,5.828723e+06,6.253655e-03,1.045239e+07,-1.409384e+08,0.000000e+00,0.000000e+00,0.000000e+00,0.000000e+00,0.000000e+00,0.000000e+00,3.132194e+09,0.000000e+00,0.000000e+00,0.000000e+00,0.000000e+00,0.000000e+00,0.000000e+00,2.556509e+07
6.353575e+00,3.589056e+09,8.447884e+10,-7.202956e-09,2.227640e-06,-8.853716e+08,5.828723e+06,6.250766e-03,1.045592e+07,-1.409412e+08,0.000000e+00,0.000000e+00,0.000000e+00,0.000000e+00,0.000000e+00,0.000000e+00,3.135696e+09,0.000000e+00,0.000000e+00,0.000000e+00,0.000000e+00,0.000000e+00,0.000000e+00,2.558614e+07
6.403571e+00,3.592825e+09,8.447512e+10,-1.983092e-07,1.034436e-05,-8.851726e+08,5.828723e+06,6.247893e-03,1.053749e+07,-1.409446e+08,0.000000e+00,0.000000e+00,0.000000e+00,0.000000e+00,0.000000e+00,0.000000e+00,3.139187e+09,0.000000e+00,0.000000e+00,0.000000e+00,0.000000e+00,0.000000e+00,0.000000e+00,2.561112e+07
6.453551e+00,3.596581e+09,8.447159e+10,-1.774537e-08,1.441167e-05,-8.849854e+08,5.828723e+06,6.247994e-03,1.051302e+07,-1.409487e+08,0.000000e+00,0.000000e+00,0.000000e+00,0.000000e+00,0.000000e+00,0.000000e+00,3.142606e+09,0.000000e+00,0.000000e+00,0.000000e+00,0.000000e+00,0.000000e+00,0.000000e+00,2.563965e+07
6.503547e+00,3.600364e+09,8.446826e+10,1.330926e-07,1.480890e-05,-8.848051e+08,5.828723e+06,6.251880e-03,1.038636e+07,-1.409531e+08,0.000000e+00,0.000000e+00,0.000000e+00,0.000000e+00,0.000000e+00,0.000000e+00,3.145904e+09,0.000000e+00,0.000000e+00,0.000000e+00,0.000000e+00,0.000000e+00,0.000000e+00,2.567579e+07
6.553584e+00,3.604121e+09,8.446453e+10,-1.583586e-08,1.309425e-05,-8.846174e+08,5.828723e+06,6.257982e-03,1.028479e+07,-1.409570e+08,0.000000e+00,0.000000e+00,0.000000e+00,0.000000e+00,0.000000e+00,0.000000e+00,3.149122e+09,0.000000e+00,0.000000e+00,0.000000e+00,0.000000e+00,0.000000e+00,0.000000e+00,2.571077e+07
6.603659e+00,3.607716e+09,8.446086e+10,2.623927e-07,2.032611e-05,-8.844234e+08,5.828723e+06,6.260370e-03,1.015391e+07,-1.409605e+08,0.000000e+00,0.000000e+00,0.000000e+00,0.000000e+00,0.000000e+00,0.000000e+00,3.152221e+09,0.000000e+00,0.000000e+00,0.000000e+00,0.000000e+00,0.000000e+00,0.000000e+00,2.573920e+07
6.653739e+00,3.611086e+09,8.445754e+10,3.028917e-07,2.387039e-05,-8.842280e+08,5.828723e+06,6.259080e-03,9.995352e+06,-1.409635e+08,0.000000e+00,0.000000e+00,0.000000e+00,0.000000e+00,0.000000e+00,0.000000e+00,3.155277e+09,0.000000e+00,0.000000e+00,0.000000e+00,0.000000e+00,0.000000e+00,0.000000e+00,2.575913e+07
6.703801e+00,3.614305e+09,8.445447e+10,2.418491e-07,1.467609e-05,-8.840319e+08,5.828723e+06,6.255990e-03,9.964593e+06,-1.409662e+08,0.000000e+00,0.000000e+00,0.000000e+00,0.000000e+00,0.000000e+00,0.000000e+00,3.158224e+09,0.000000e+00,0.000000e+00,0.000000e+00,0.000000e+00,0.000000e+00,0.000000e+00,2.577955e+07
6.753835e+00,3.617436e+09,8.445139e+10,4.913305e-07,2.325311e-05,-8.838323e+08,5.828723e+06,6.251801e-03,1.001921e+07,-1.409688e+08,0.000000e+00,0.000000e+00,0.000000e+00,0.000000e+00,0.000000e+00,0.000000e+00,3.161080e+09,0.000000e+00,0.000000e+00,0.000000e+00,0.000000e+00,0.000000e+00,0.000000e+00,2.580178e+07
6.803834e+00,3.620408e+09,8.444887e+10,-3.359634e-07,2.894374e-05,-8.836328e+08,5.828723e+06,6.247567e-03,1.007550e+07,-1.409721e+08,0.000000e+00,0.000000e+00,0.000000e+00,0.000000e+00,0.000000e+00,0.000000e+00,3.163891e+09,0.000000e+00,0.000000e+00,0.000000e+00,0.000000e+00,0.000000e+00,0.000000e+00,2.583528e+07
6.853808e+00,3.623241e+09,8.444639e+10,-2.728762e-07,1.255577e-05,-8.834362e+08,5.828723e+06,6.246797e-03,1.004486e+07,-1.409766e+08,0.000000e+00,0.000000e+00,0.000000e+00,0.000000e+00,0.000000e+00,0.000000e+00,3.166677e+09,0.000000e+00,0.000000e+00,0.000000e+00,0.000000e+00,0.000000e+00,0.000000e+00,2.588303e+07
6.903794e+00,3.626019e+09,8.444358e+10,5.469225e-07,3.604169e-05,-8.832429e+08,5.828723e+06,6.250520e-03,9.955529e+06,-1.409809e+08,0.000000e+00,0.000000e+00,0.000000e+00,0.000000e+00,0.000000e+00,0.000000e+00,3.169320e+09,0.000000e+00,0.000000e+00,0.000000e+00,0.000000e+00,0.000000e+00,0.000000e+00,2.592754e+07
6.953814e+00,3.628744e+09,8.444065e+10,1.647183e-06,3.731037e-05,-8.830504e+08,5.828723e+06,6.254533e-03,9.868579e+06,-1.409835e+08,0.000000e+00,0.000000e+00,0.000000e+00,0.000000e+00,0.000000e+00,0.000000e+00,3.171898e+09,0.000000e+00,0.000000e+00,0.000000e+00,0.000000e+00,0.000000e+00,0.000000e+00,2.595433e+07
7.003859e+00,3.631301e+09,8.443807e+10,1.304879e-06,2.586727e-05,-8.828584e+08,5.828723e+06,6.256973e-03,9.865636e+06,-1.409852e+08,0.000000e+00,0.000000e+00,0.000000e+00,0.000000e+00,0.000000e+00,0.000000e+00,3.174482e+09,0.000000e+00,0.000000e+00,0.000000e+00,0.000000e+00,0.000000e+00,0.000000e+00,2.597506e+07
7.053919e+00,3.633725e+09,8.443567e+10,3.486776e-06,1.245433e-04,-8.826677e+08,5.828723e+06,6.257542e-03,9.924204e+06,-1.409869e+08,0.000000e+00,0.000000e+00,0.000000e+00,0.000000e+00,0.000000e+00,0.000000e+00,3.176921e+09,0.000000e+00,0.000000e+00,0.000000e+00,0.000000e+00,0.000000e+00,0.000000e+00,2.600009e+07
7.103969e+00,3.636015e+09,8.443343e+10,-6.233242e-05,1.208989e-03,-8.824785e+08,5.828723e+06,6.253754e-03,9.996017e+06,-1.409891e+08,0.000000e+00,0.000000e+00,0.000000e+00,0.000000e+00,0.000000e+00,0.000000e+00,3.179203e+09,0.000000e+00,0.000000e+00,0.000000e+00,0.000000e+00,0.000000e+00,0.000000e+00,2.602665e+07
7.153978e+00,3.638119e+09,8.443169e+10,4.843840e-05,2.165029e-03,-8.822959e+08,5.828723e+06,6.247809e-03,1.007873e+07,-1.409922e+08,0.000000e+00,0.000000e+00,0.000000e+00,0.000000e+00,0.000000e+00,0.000000e+00,3.181452e+09,0.000000e+00,0.000000e+00,0.000000e+00,0.000000e+00,0.000000e+00,0.000000e+00,2.606473e+07
7.203942e+00,3.640249e+09,8.442980e+10,7.441991e-04,-6.308375e-04,-8.821140e+08,5.828723e+06,6.242771e-03,1.003534e+07,-1.409956e+08,0.000000e+00,0.000000e+00,0.000000e+00,0.000000e+00,0.000000e+00,0.000000e+00,3.183601e+09,0.000000e+00,0.000000e+00,0.000000e+00,0.000000e+00,0.000000e+00,0.000000e+00,2.610971e+07
7.253876e+00,3.642232e+09,8.442778e+10,9.596143e-04,-4.977250e-03,-8.819316e+08,5.828723e+06,6.241374e-03,9.952142e+06,-1.409985e+08,0.000000e+00,0.000000e+00,0.000000e+00,0.000000e+00,0.000000e+00,0.000000e+00,3.185587e+09,0.000000e+00,0.000000e+00,0.000000e+00,0.000000e+00,0.000000e+00,0.000000e+00,2.614831e+07
7.303813e+00,3.643965e+09,8.442615e+10,7.846591e-03,-2.129289e-04,-8.817493e+08,5.828723e+06,6.243628e-03,9.822851e+06,-1.410017e+08,0.000000e+00,0.000000e+00,0.000000e+00,0.000000e+00,0.000000e+00,0.000000e+00,3.187417e+09,0.000000e+00,0.000000e+00,0.000000e+00,0.000000e+00,0.000000e+00,0.000000e+00,2.618289e+07
7.353777e+00,3.645575e+09,8.442479e+10,5.115227e-03,3.957972e-03,-8.815656e+08,5.828723e+06,6.248347e-03,9.651609e+06,-1.410048e+08,0.000000e+00,0.000000e+00,0.000000e+00,0.000000e+00,0.000000e+00,0.000000e+00,3.189160e+09,0.000000e+00,0.000000e+00,0.000000e+00,0.000000e+00,0.000000e+00,0.000000e+00,2.622068e+07
7.403784e+00,3.647087e+09,8.442316e+10,-2.500252e-02,2.445858e-02,-8.813814e+08,5.828723e+06,6.254187e-03,9.583888e+06,-1.410071e+08,0.000000e+00,0.000000e+00,0.000000e+00,0.000000e+00,0.000000e+00,0.000000e+00,3.190804e+09,0.000000e+00,0.000000e+00,0.000000e+00,0.000000e+00,0.000000e+00,0.000000e+00,2.625464e+07
7.453834e+00,3.648376e+09,8.442168e+10,-1.327198e-01,1.671503e-01,-8.811965e+08,5.828723e+06,6.257990e-03,9.632114e+06,-1.410083e+08,0.000000e+00,0.000000e+00,0.000000e+00,0.000000e+00,0.000000e+00,0.000000e+00,3.192304e+09,0.000000e+00,0.000000e+00,0.000000e+00,0.000000e+00,0.000000e+00,0.000000e+00,2.627689e+07
7.503896e+00,3.649323e+09,8.442104e+10,7.224740e-02,1.300490e-01,-8.810109e+08,5.828723e+06,6.256204e-03,9.738381e+06,-1.410102e+08,0.000000e+00,0.000000e+00,0.000000e+00,0.000000e+00,0.000000e+00,0.000000e+00,3.193623e+09,0.000000e+00,0.000000e+00,0.000000e+00,0.000000e+00,0.000000e+00,0.000000e+00,2.630520e+07
7.553926e+00,3.650170e+09,8.442049e+10,-5.427123e-02,4.066544e-02,-8.808241e+08,5.828723e+06,6.250538e-03,9.825773e+06,-1.410133e+08,0.000000e+00,0.000000e+00,0.000000e+00,0.000000e+00,0.000000e+00,0.000000e+00,3.194798e+09,0.000000e+00,0.000000e+00,0.000000e+00,0.000000e+00,0.000000e+00,0.000000e+00,2.634791e+07
7.603915e+00,3.651045e+09,8.441958e+10,-3.737893e-02,1.528395e-01,-8.806375e+08,5.828723e+06,6.246812e-03,9.835018e+06,-1.410171e+08,0.000000e+00,0.000000e+00,0.000000e+00,0.000000e+00,0.000000e+00,0.000000e+00,3.195919e+09,0.000000e+00,0.000000e+00,0.000000e+00,0.000000e+00,0.000000e+00,0.000000e+00,2.639243e+07
7.653880e+00,3.651815e+09,8.441886e+10,-3.487350e-02,1.632928e-01,-8.804530e+08,5.828723e+06,6.244283e-03,9.741289e+06,-1.410210e+08,0.000000e+00,0.000000e+00,0.000000e+00,0.000000e+00,0.000000e+00,0.000000e+00,3.196926e+09,0.000000e+00,0.000000e+00,0.000000e+00,0.000000e+00,0.000000e+00,0.000000e+00,2.643375e+07
7.703834e+00,3.652513e+09,8.441821e+10,-1.051429e-01,-8.445790e-02,-8.802734e+08,5.828723e+06,6.245135e-03,9.613591e+06,-1.410242e+08,0.000000e+00,0.000000e+00,0.000000e+00,0.000000e+00,0.000000e+00,0.000000e+00,3.197814e+09,0.000000e+00,0.000000e+00,0.000000e+00,0.000000e+00,0.000000e+00,0.000000e+00,2.647096e+07
7.753813e+00,3.653146e+09,8.441753e+10,1.007896e-01,4.663654e-01,-8.800988e+08,5.828723e+06,6.250927e-03,9.568380e+06,-1.410270e+08,0.000000e+00,0.000000e+00,0.000000e+00,0.000000e+00,0.000000e+00,0.000000e+00,3.198625e+09,0.000000e+00,0.000000e+00,0.000000e+00,0.000000e+00,0.000000e+00,0.000000e+00,2.650279e+07
7.803845e+00,3.653691e+09,8.441696e+10,1.051990e-01,1.045848e+00,-8.799311e+08,5.828723e+06,6.257463e-03,9.579776e+06,-1.410295e+08,0.000000e+00,0.000000e+00,0.000000e+00,0.000000e+00,0.000000e+00,0.000000e+00,3.199388e+09,0.000000e+00,0.000000e+00,0.000000e+00,0.000000e+00,0.000000e+00,0.000000e+00,2.652873e+07
7.853918e+00,3.654097e+09,8.441682e+10,-2.061551e-01,1.466546e+00,-8.797692e+08,5.828723e+06,6.260539e-03,9.632912e+06,-1.410322e+08,0.000000e+00,0.000000e+00,0.000000e+00,0.000000e+00,0.000000e+00,0.000000e+00,3.200120e+09,0.000000e+00,0.000000e+00,0.000000e+00,0.000000e+00,0.000000e+00,0.000000e+00,2.656040e+07
7.904000e+00,3.654341e+09,8.441676e+10,-2.473139e-01,1.740296e+00,-8.796087e+08,5.828723e+06,6.259164e-03,9.682763e+06,-1.410357e+08,0.000000e+00,0.000000e+00,0.000000e+00,0.000000e+00,0.000000e+00,0.000000e+00,3.200835e+09,0.000000e+00,0.000000e+00,0.000000e+00,0.000000e+00,0.000000e+00,0.000000e+00,2.660073e+07
7.954060e+00,3.654514e+09,8.441657e+10,-5.460122e-02,2.174837e+00,-8.794495e+08,5.828723e+06,6.254899e-03,9.693443e+06,-1.410392e+08,0.000000e+00,0.000000e+00,0.000000e+00,0.000000e+00,0.000000e+00,0.000000e+00,3.201514e+09,0.000000e+00,0.000000e+00,0.000000e+00,0.000000e+00,0.000000e+00,0.000000e+00,2.663841e+07
8.004081e+00,3.654642e+09,8.441659e+10,-1.205448e-01,2.819298e+00,-8.792955e+08,5.828723e+06,6.249752e-03,9.661862e+06,-1.410426e+08,0.000000e+00,0.000000e+00,0.000000e+00,0.000000e+00,0.000000e+00,0.000000e+00,3.202107e+09,0.000000e+00,0.000000e+00,0.000000e+00,0.000000e+00,0.000000e+00,0.000000e+00,2.667501e+07
8.054065e+00,3.654696e+09,8.441677e+10,-5.307515e-02,2.986537e+00,-8.791486e+08,5.828723e+06,6.246192e-03,9.642545e+06,-1.410462e+08,0.000000e+00,0.000000e+00,0.000000e+00,0.000000e+00,0.000000e+00,0.000000e+00,3.202627e+09,0.000000e+00,0.000000e+00,0.000000e+00,0.000000e+00,0.000000e+00,0.000000e+00,2.671770e+07
8.104032e+00,3.654728e+09,8.441670e+10,-1.503333e-01,2.943839e+00,-8.790073e+08,5.828723e+06,6.246437e-03,9.613178e+06,-1.410498e+08,0.000000e+00,0.000000e+00,0.000000e+00,0.000000e+00,0.000000e+00,0.000000e+00,3.203123e+09,0.000000e+00,0.000000e+00,0.000000e+00,0.000000e+00,0.000000e+00,0.000000e+00,2.676184e+07
8.154016e+00,3.654635e+09,8.441662e+10,-1.116783e+00,2.762793e+00,-8.788716e+08,5.828723e+06,6.250561e-03,9.579980e+06,-1.410528e+08,0.000000e+00,0.000000e+00,0.000000e+00,0.000000e+00,0.000000e+00,0.000000e+00,3.203547e+09,0.000000e+00,0.000000e+00,0.000000e+00,0.000000e+00,0.000000e+00,0.000000e+00,2.679491e+07
8.204039e+00,3.654355e+09,8.441697e+10,-7.340262e-01,2.811428e+00,-8.787426e+08,5.828723e+06,6.255790e-03,9.617341e+06,-1.410553e+08,0.000000e+00,0.000000e+00,0.000000e+00,0.000000e+00,0.000000e+00,0.000000e+00,3.203939e+09,0.000000e+00,0.000000e+00,0.000000e+00,0.000000e+00,0.000000e+00,0.000000e+00,2.682300e+07
8.254101e+00,3.654068e+09,8.441755e+10,-1.011120e+00,2.461601e+00,-8.786141e+08,5.828723e+06,6.259808e-03,9.662978e+06,-1.410579e+08,0.000000e+00,0.000000e+00,0.000000e+00,0.000000e+00,0.000000e+00,0.000000e+00,3.204329e+09,0.000000e+00,0.000000e+00,0.000000e+00,0.000000e+00,0.000000e+00,0.000000e+00,2.685653e+07
8.304181e+00,3.653799e+09,8.441814e+10,-1.190464e+00,2.311559e+00,-8.784825e+08,5.828723e+06,6.259266e-03,9.646864e+06,-1.410613e+08,0.000000e+00,0.000000e+00,0.000000e+00,0.000000e+00,0.000000e+00,0.000000e+00,3.204734e+09,0.000000e+00,0.000000e+00,0.000000e+00,0.000000e+00,0.000000e+00,0.000000e+00,2.690032e+07
8.354239e+00,3.653407e+09,8.441854e+10,-9.987572e-01,2.157699e+00,-8.783512e+08,5.828723e+06,6.254028e-03,9.633759e+06,-1.410650e+08,0.000000e+00,0.000000e+00,0.000000e+00,0.000000e+00,0.000000e+00,0.000000e+00,3.205146e+09,0.000000e+00,0.000000e+00,0.000000e+00,0.000000e+00,0.000000e+00,0.000000e+00,2.694589e+07
8.404252e+00,3.652953e+09,8.441910e+10,-1.091686e+00,2.645131e+00,-8.782226e+08,5.828723e+06,6.248770e-03,9.631397e+06,-1.410684e+08,0.000000e+00,0.000000e+00,0.000000e+00,0.000000e+00,0.000000e+00,0.000000e+00,3.205554e+09,0.000000e+00,0.000000e+00,0.000000e+00,0.000000e+00,0.000000e+00,0.000000e+00,2.699220e+07
8.454227e+00,3.652643e+09,8.441938e+10,-1.536177e+00,2.890068e+00,-8.780947e+08,5.828723e+06,6.244729e-03,9.576292e+06,-1.410716e+08,0.000000e+00,0.000000e+00,0.000000e+00,0.000000e+00,0.000000e+00,0.000000e+00,3.205951e+09,0.000000e+00,0.000000e+00,0.000000e+00,0.000000e+00,0.000000e+00,0.000000e+00,2.703839e+07
8.504175e+00,3.652336e+09,8.441944e+10,-1.607590e+00,2.516336e+00,-8.779697e+08,5.828723e+06,6.242633e-03,9.579971e+06,-1.410741e+08,0.000000e+00,0.000000e+00,0.000000e+00,0.000000e+00,0.000000e+00,0.000000e+00,3.206321e+09,0.000000e+00,0.000000e+00,0.000000e+00,0.000000e+00,0.000000e+00,0.000000e+00,2.706997e+07
8.554123e+00,3.651834e+09,8.442003e+10,-7.551031e-01,1.854130e+00,-8.778508e+08,5.828723e+06,6.245717e-03,9.623437e+06,-1.410762e+08,0.000000e+00,0.000000e+00,0.000000e+00,0.000000e+00,0.000000e+00,0.000000e+00,3.206673e+09,0.000000e+00,0.000000e+00,0.000000e+00,0.000000e+00,0.000000e+00,0.000000e+00,2.709698e+07
8.604111e+00,3.651321e+09,8.442086e+10,-5.444190e-01,1.562027e+00,-8.777370e+08,5.828723e+06,6.251787e-03,9.610385e+06,-1.410782e+08,0.000000e+00,0.000000e+00,0.000000e+00,0.000000e+00,0.000000e+00,0.000000e+00,3.206998e+09,0.000000e+00,0.000000e+00,0.000000e+00,0.000000e+00,0.000000e+00,0.000000e+00,2.713177e+07
8.654140e+00,3.650882e+09,8.442155e+10,-9.286674e-01,3.263853e-01,-8.776290e+08,5.828723e+06,6.255448e-03,9.549434e+06,-1.410804e+08,0.000000e+00,0.000000e+00,0.000000e+00,0.000000e+00,0.000000e+00,0.000000e+00,3.207304e+09,0.000000e+00,0.000000e+00,0.000000e+00,0.000000e+00,0.000000e+00,0.000000e+00,2.717411e+07
8.704185e+00,3.650349e+09,8.442225e+10,-1.900223e+00,-4.555422e-01,-8.775245e+08,5.828723e+06,6.255285e-03,9.503737e+06,-1.410833e+08,0.000000e+00,0.000000e+00,0.000000e+00,0.000000e+00,0.000000e+00,0.000000e+00,3.207601e+09,0.000000e+00,0.000000e+00,0.000000e+00,0.000000e+00,0.000000e+00,0.000000e+00,2.722015e+07
8.754219e+00,3.649654e+09,8.442302e+10,-2.564597e+00,-8.962495e-01,-8.774218e+08,5.828723e+06,6.252541e-03,9.516488e+06,-1.410865e+08,0.000000e+00,0.000000e+00,0.000000e+00,0.000000e+00,0.000000e+00,0.000000e+00,3.207867e+09,0.000000e+00,0.000000e+00,0.000000e+00,0.000000e+00,0.000000e+00,0.000000e+00,2.726892e+07
8.804226e+00,3.648933e+09,8.442350e+10,-1.412428e+00,-7.957972e-01,-8.773231e+08,5.828723e+06,6.248360e-03,9.578772e+06,-1.410889e+08,0.000000e+00,0.000000e+00,0.000000e+00,0.000000e+00,0.000000e+00,0.000000e+00,3.208109e+09,0.000000e+00,0.000000e+00,0.000000e+00,0.000000e+00,0.000000e+00,0.000000e+00,2.731110e+07
8.854198e+00,3.648276e+09,8.442404e+10,-2.042361e+00,-8.571693e-01,-8.772329e+08,5.828723e+06,6.244349e-03,9.601823e+06,-1.410907e+08,0.000000e+00,0.000000e+00,0.000000e+00,0.000000e+00,0.000000e+00,0.000000e+00,3.208337e+09,0.000000e+00,0.000000e+00,0.000000e+00,0.000000e+00,0.000000e+00,0.000000e+00,2.734396e+07
8.904145e+00,3.647572e+09,8.442493e+10,-1.886191e+00,-1.883642e+00,-8.771501e+08,5.828723e+06,6.243115e-03,9.610866e+06,-1.410928e+08,0.000000e+00,0.000000e+00,0.000000e+00,0.000000e+00,0.000000e+00,0.000000e+00,3.208559e+09,0.000000e+00,0.000000e+00,0.000000e+00,0.000000e+00,0.000000e+00,0.000000e+00,2.737785e+07
8.954098e+00,3.646824e+09,8.442606e+10,-1.628015e+00,-2.231908e+00,-8.770720e+08,5.828723e+06,6.245974e-03,9.586136e+06,-1.410958e+08,0.000000e+00,0.000000e+00,0.000000e+00,0.000000e+00,0.000000e+00,0.000000e+00,3.208786e+09,0.000000e+00,0.000000e+00,0.000000e+00,0.000000e+00,0.000000e+00,0.000000e+00,2.742083e+07
9.004086e+00,3.646062e+09,8.442696e+10,-2.014184e+00,-4.146756e+00,-8.769958e+08,5.828723e+06,6.251775e-03,9.523756e+06,-1.410991e+08,0.000000e+00,0.000000e+00,0.000000e+00,0.000000e+00,0.000000e+00,0.000000e+00,3.209019e+09,0.000000e+00,0.000000e+00,0.000000e+00,0.000000e+00,0.000000e+00,0.000000e+00,2.746851e+07
9.054116e+00,3.645253e+09,8.442774e+10,-2.420406e+00,-6.378902e+00,-8.769252e+08,5.828723e+06,6.256152e-03,9.513361e+06,-1.411019e+08,0.000000e+00,0.000000e+00,0.000000e+00,0.000000e+00,0.000000e+00,0.000000e+00,3.209251e+09,0.000000e+00,0.000000e+00,0.000000e+00,0.000000e+00,0.000000e+00,0.000000e+00,2.751056e+07
9.104174e+00,3.644461e+09,8.442861e+10,-3.267326e+00,-8.388783e+00,-8.768654e+08,5.828723e+06,6.258112e-03,9.571935e+06,-1.411052e+08,0.000000e+00,0.000000e+00,0.000000e+00,0.000000e+00,0.000000e+00,0.000000e+00,3.209464e+09,0.000000e+00,0.000000e+00,0.000000e+00,0.000000e+00,0.000000e+00,0.000000e+00,2.755428e+07
9.154239e+00,3.643783e+09,8.442928e+10,-3.395333e+00,-7.517603e+00,-8.768152e+08,5.828723e+06,6.257510e-03,9.598182e+06,-1.411089e+08,0.000000e+00,0.000000e+00,0.000000e+00,0.000000e+00,0.000000e+00,0.000000e+00,3.209670e+09,0.000000e+00,0.000000e+00,0.000000e+00,0.000000e+00,0.000000e+00,0.000000e+00,2.759940e+07
9.204288e+00,3.643048e+09,8.442979e+10,-3.067202e+00,-5.348739e+00,-8.767732e+08,5.828723e+06,6.254002e-03,9.648103e+06,-1.411119e+08,0.000000e+00,0.000000e+00,0.000000e+00,0.000000e+00,0.000000e+00,0.000000e+00,3.209878e+09,0.000000e+00,0.000000e+00,0.000000e+00,0.000000e+00,0.000000e+00,0.000000e+00,2.763637e+07
9.254305e+00,3.642315e+09,8.443051e+10,-2.983858e+00,-3.817401e+00,-8.767381e+08,5.828723e+06,6.249719e-03,9.663274e+06,-1.411140e+08,0.000000e+00,0.000000e+00,0.000000e+00,0.000000e+00,0.000000e+00,0.000000e+00,3.210086e+09,0.000000e+00,0.000000e+00,0.000000e+00,0.000000e+00,0.000000e+00,0.000000e+00,2.766553e+07
9.304294e+00,3.641637e+09,8.443152e+10,-4.302234e+00,-1.082507e-01,-8.767106e+08,5.828723e+06,6.247949e-03,9.635191e+06,-1.411164e+08,0.000000e+00,0.000000e+00,0.000000e+00,0.000000e+00,0.000000e+00,0.000000e+00,3.210275e+09,0.000000e+00,0.000000e+00,0.000000e+00,0.000000e+00,0.000000e+00,0.000000e+00,2.769855e+07
9.354280e+00,3.640994e+09,8.443249e+10,-5.761512e+00,1.368349e+00,-8.766893e+08,5.828723e+06,6.249384e-03,9.589945e+06,-1.411198e+08,0.000000e+00,0.000000e+00,0.000000e+00,0.000000e+00,0.000000e+00,0.000000e+00,3.210451e+09,0.000000e+00,0.000000e+00,0.000000e+00,0.000000e+00,0.000000e+00,0.000000e+00,2.774107e+07
9.404285e+00,3.640289e+09,8.443333e+10,-6.103198e+00,2.262728e+00,-8.766729e+08,5.828723e+06,6.252307e-03,9.572921e+06,-1.411237e+08,0.000000e+00,0.000000e+00,0.000000e+00,0.000000e+00,0.000000e+00,0.000000e+00,3.210629e+09,0.000000e+00,0.000000e+00,0.000000e+00,0.000000e+00,0.000000e+00,0.000000e+00,2.778832e+07
9.454315e+00,3.639550e+09,8.443412e+10,-4.513602e+00,2.063812e+00,-8.766610e+08,5.828723e+06,6.255449e-03,9.596463e+06,-1.411276e+08,0.000000e+00,0.000000e+00,0.000000e+00,0.000000e+00,0.000000e+00,0.000000e+00,3.210817e+09,0.000000e+00,0.000000e+00,0.000000e+00,0.000000e+00,0.000000e+00,0.000000e+00,2.783768e+07
9.504367e+00,3.638855e+09,8.443469e+10,-2.931524e+00,1.533141e+00,-8.766504e+08,5.828723e+06,6.257434e-03,9.640336e+06,-1.411312e+08,0.000000e+00,0.000000e+00,0.000000e+00,0.000000e+00,0.000000e+00,0.000000e+00,3.211007e+09,0.000000e+00,0.000000e+00,0.000000e+00,0.000000e+00,0.000000e+00,0.000000e+00,2.788290e+07
9.554428e+00,3.638243e+09,8.443530e+10,-3.447169e+00,2.879373e+00,-8.766420e+08,5.828723e+06,6.257250e-03,9.654832e+06,-1.411343e+08,0.000000e+00,0.000000e+00,0.000000e+00,0.000000e+00,0.000000e+00,0.000000e+00,3.211185e+09,0.000000e+00,0.000000e+00,0.000000e+00,0.000000e+00,0.000000e+00,0.000000e+00,2.792235e+07
9.604476e+00,3.637665e+09,8.443594e+10,-4.246203e+00,2.359475e+00,-8.766381e+08,5.828723e+06,6.253975e-03,9.676577e+06,-1.411368e+08,0.000000e+00,0.000000e+00,0.000000e+00,0.000000e+00,0.000000e+00,0.000000e+00,3.211360e+09,0.000000e+00,0.000000e+00,0.000000e+00,0.000000e+00,0.000000e+00,0.000000e+00,2.795995e+07
9.654492e+00,3.637135e+09,8.443659e+10,-6.153819e+00,5.682580e+00,-8.766401e+08,5.828723e+06,6.249727e-03,9.671156e+06,-1.411392e+08,0.000000e+00,0.000000e+00,0.000000e+00,0.000000e+00,0.000000e+00,0.000000e+00,3.211537e+09,0.000000e+00,0.000000e+00,0.000000e+00,0.000000e+00,0.000000e+00,0.000000e+00,2.799838e+07
9.704482e+00,3.636712e+09,8.443720e+10,-7.519100e+00,7.913989e+00,-8.766483e+08,5.828723e+06,6.247885e-03,9.603171e+06,-1.411419e+08,0.000000e+00,0.000000e+00,0.000000e+00,0.000000e+00,0.000000e+00,0.000000e+00,3.211733e+09,0.000000e+00,0.000000e+00,0.000000e+00,0.000000e+00,0.000000e+00,0.000000e+00,2.803838e+07
9.754464e+00,3.636407e+09,8.443776e+10,-7.304615e+00,1.197101e+01,-8.766607e+08,5.828723e+06,6.248058e-03,9.510382e+06,-1.411450e+08,0.000000e+00,0.000000e+00,0.000000e+00,0.000000e+00,0.000000e+00,0.000000e+00,3.211954e+09,0.000000e+00,0.000000e+00,0.000000e+00,0.000000e+00,0.000000e+00,0.000000e+00,2.808237e+07
9.804454e+00,3.636176e+09,8.443812e+10,-6.488593e+00,1.558695e+01,-8.766753e+08,5.828723e+06,6.249924e-03,9.475510e+06,-1.411485e+08,0.000000e+00,0.000000e+00,0.000000e+00,0.000000e+00,0.000000e+00,0.000000e+00,3.212198e+09,0.000000e+00,0.000000e+00,0.000000e+00,0.000000e+00,0.000000e+00,0.000000e+00,2.812967e+07
9.854466e+00,3.636019e+09,8.443829e+10,-5.861105e+00,1.734584e+01,-8.766926e+08,5.828723e+06,6.253614e-03,9.487088e+06,-1.411520e+08,0.000000e+00,0.000000e+00,0.000000e+00,0.000000e+00,0.000000e+00,0.000000e+00,3.212454e+09,0.000000e+00,0.000000e+00,0.000000e+00,0.000000e+00,0.000000e+00,0.000000e+00,2.817560e+07
9.904504e+00,3.635861e+09,8.443834e+10,-6.674853e+00,1.967284e+01,-8.767130e+08,5.828723e+06,6.255506e-03,9.546236e+06,-1.411547e+08,0.000000e+00,0.000000e+00,0.000000e+00,0.000000e+00,0.000000e+00,0.000000e+00,3.212741e+09,0.000000e+00,0.000000e+00,0.000000e+00,0.000000e+00,0.000000e+00,0.000000e+00,2.821687e+07
9.954544e+00,3.635769e+09,8.443838e+10,-5.146777e+00,1.794290e+01,-8.767380e+08,5.828723e+06,6.253755e-03,9.606253e+06,-1.411569e+08,0.000000e+00,0.000000e+00,0.000000e+00,0.000000e+00,0.000000e+00,0.000000e+00,3.213046e+09,0.000000e+00,0.000000e+00,0.000000e+00,0.000000e+00,0.000000e+00,0.000000e+00,2.825406e+07
1.000456e+01,3.635863e+09,8.443839e+10,-1.905991e+00,1.702741e+01,-8.767700e+08,5.828723e+06,6.250900e-03,9.615573e+06,-1.411589e+08,0.000000e+00,0.000000e+00,0.000000e+00,0.000000e+00,0.000000e+00,0.000000e+00,3.213361e+09,0.000000e+00,0.000000e+00,0.000000e+00,0.000000e+00,0.000000e+00,0.000000e+00,2.829133e+07
1.005456e+01,3.635989e+09,8.443835e+10,-1.612472e+00,1.667883e+01,-8.768068e+08,5.828723e+06,6.248194e-03,9.592213e+06,-1.411610e+08,0.000000e+00,0.000000e+00,0.000000e+00,0.000000e+00,0.000000e+00,0.000000e+00,3.213692e+09,0.000000e+00,0.000000e+00,0.000000e+00,0.000000e+00,0.000000e+00,0.000000e+00,2.832783e+07
1.010454e+01,3.636118e+09,8.443842e+10,-9.127899e-01,1.230391e+01,-8.768486e+08,5.828723e+06,6.245505e-03,9.569727e+06,-1.411636e+08,0.000000e+00,0.000000e+00,0.000000e+00,0.000000e+00,0.000000e+00,0.000000e+00,3.214035e+09,0.000000e+00,0.000000e+00,0.000000e+00,0.000000e+00,0.000000e+00,0.000000e+00,2.836711e+07
1.015450e+01,3.636423e+09,8.443838e+10,-1.146148e+00,7.767503e+00,-8.768996e+08,5.828723e+06,6.245243e-03,9.529782e+06,-1.411666e+08,0.000000e+00,0.000000e+00,0.000000e+00,0.000000e+00,0.000000e+00,0.000000e+00,3.214400e+09,0.000000e+00,0.000000e+00,0.000000e+00,0.000000e+00,0.000000e+00,0.000000e+00,2.841408e+07
1.020447e+01,3.636805e+09,8.443801e+10,-1.555055e+00,1.369698e+00,-8.769600e+08,5.828723e+06,6.248828e-03,9.532446e+06,-1.411696e+08,0.000000e+00,0.000000e+00,0.000000e+00,0.000000e+00,0.000000e+00,0.000000e+00,3.214810e+09,0.000000e+00,0.000000e+00,0.000000e+00,0.000000e+00,0.000000e+00,0.000000e+00,2.846211e+07
1.025447e+01,3.637188e+09,8.443761e+10,-3.013159e+00,4.301219e+00,-8.770250e+08,5.828723e+06,6.252166e-03,9.542594e+06,-1.411726e+08,0.000000e+00,0.000000e+00,0.000000e+00,0.000000e+00,0.000000e+00,0.000000e+00,3.215244e+09,0.000000e+00,0.000000e+00,0.000000e+00,0.000000e+00,0.000000e+00,0.000000e+00,2.850637e+07
1.030449e+01,3.637600e+09,8.443726e+10,-2.946212e+00,1.014600e+01,-8.770925e+08,5.828723e+06,6.252760e-03,9.532490e+06,-1.411751e+08,0.000000e+00,0.000000e+00,0.000000e+00,0.000000e+00,0.000000e+00,0.000000e+00,3.215683e+09,0.000000e+00,0.000000e+00,0.000000e+00,0.000000e+00,0.000000e+00,0.000000e+00,2.854739e+07
1.035452e+01,3.638085e+09,8.443686e+10,9.246170e-01,1.435237e+01,-8.771642e+08,5.828723e+06,6.252291e-03,9.522296e+06,-1.411773e+08,0.000000e+00,0.000000e+00,0.000000e+00,0.000000e+00,0.000000e+00,0.000000e+00,3.216116e+09,0.000000e+00,0.000000e+00,0.000000e+00,0.000000e+00,0.000000e+00,0.000000e+00,2.858673e+07
1.040453e+01,3.638652e+09,8.443629e+10,4.910906e+00,1.316509e+01,-8.772394e+08,5.828723e+06,6.251763e-03,9.503579e+06,-1.411793e+08,0.000000e+00,0.000000e+00,0.000000e+00,0.000000e+00,0.000000e+00,0.000000e+00,3.216562e+09,0.000000e+00,0.000000e+00,0.000000e+00,0.000000e+00,0.000000e+00,0.000000e+00,2.862345e+07
1.045454e+01,3.639236e+09,8.443584e+10,8.062473e+00,8.826454e+00,-8.773196e+08,5.828723e+06,6.250419e-03,9.510374e+06,-1.411815e+08,0.000000e+00,0.000000e+00,0.000000e+00,0.000000e+00,0.000000e+00,0.000000e+00,3.217041e+09,0.000000e+00,0.000000e+00,0.000000e+00,0.000000e+00,0.000000e+00,0.000000e+00,2.866086e+07
1.050454e+01,3.639914e+09,8.443531e+10,6.106912e+00,4.618709e+00,-8.774033e+08,5.828723e+06,6.249554e-03,9.497576e+06,-1.411845e+08,0.000000e+00,0.000000e+00,0.000000e+00,0.000000e+00,0.000000e+00,0.000000e+00,3.217539e+09,0.000000e+00,0.000000e+00,0.000000e+00,0.000000e+00,0.000000e+00,0.000000e+00,2.870356e+07
1.055454e+01,3.640689e+09,8.443458e+10,3.364568e+00,2.631630e+00,-8.774884e+08,5.828723e+06,6.250462e-03,9.496879e+06,-1.411881e+08,0.000000e+00,0.000000e+00,0.000000e+00,0.000000e+00,0.000000e+00,0.000000e+00,3.218044e+09,0.000000e+00,0.000000e+00,0.000000e+00,0.000000e+00,0.000000e+00,0.000000e+00,2.874667e+07
1.060455e+01,3.641462e+09,8.443387e+10,2.014223e+00,-2.736046e+00,-8.775740e+08,5.828723e+06,6.252543e-03,9.538844e+06,-1.411918e+08,0.000000e+00,0.000000e+00,0.000000e+00,0.000000e+00,0.000000e+00,0.000000e+00,3.218564e+09,0.000000e+00,0.000000e+00,0.000000e+00,0.000000e+00,0.000000e+00,0.000000e+00,2.878885e+07
1.065458e+01,3.642272e+09,8.443318e+10,2.125417e+00,-5.846821e+00,-8.776588e+08,5.828723e+06,6.254588e-03,9.560335e+06,-1.411954e+08,0.000000e+00,0.000000e+00,0.000000e+00,0.000000e+00,0.000000e+00,0.000000e+00,3.219086e+09,0.000000e+00,0.000000e+00,0.000000e+00,0.000000e+00,0.000000e+00,0.000000e+00,2.883241e+07
1.070462e+01,3.643147e+09,8.443236e+10,1.479943e+00,-9.042653e+00,-8.777439e+08,5.828723e+06,6.255940e-03,9.534246e+06,-1.411985e+08,0.000000e+00,0.000000e+00,0.000000e+00,0.000000e+00,0.000000e+00,0.000000e+00,3.219594e+09,0.000000e+00,0.000000e+00,0.000000e+00,0.000000e+00,0.000000e+00,0.000000e+00,2.887558e+07
1.075467e+01,3.643925e+09,8.443154e+10,-3.618095e-01,-9.132719e+00,-8.778282e+08,5.828723e+06,6.255208e-03,9.538768e+06,-1.412013e+08,0.000000e+00,0.000000e+00,0.000000e+00,0.000000e+00,0.000000e+00,0.000000e+00,3.220112e+09,0.000000e+00,0.000000e+00,0.000000e+00,0.000000e+00,0.000000e+00,0.000000e+00,2.891517e+07
1.080470e+01,3.644673e+09,8.443085e+10,-1.706485e+00,-6.836321e+00,-8.779103e+08,5.828723e+06,6.252935e-03,9.541499e+06,-1.412040e+08,0.000000e+00,0.000000e+00,0.000000e+00,0.000000e+00,0.000000e+00,0.000000e+00,3.220641e+09,0.000000e+00,0.000000e+00,0.000000e+00,0.000000e+00,0.000000e+00,0.000000e+00,2.895285e+07
1.085472e+01,3.645501e+09,8.443017e+10,3.642723e-01,-1.858813e+00,-8.779935e+08,5.828723e+06,6.251757e-03,9.527751e+06,-1.412070e+08,0.000000e+00,0.000000e+00,0.000000e+00,0.000000e+00,0.000000e+00,0.000000e+00,3.221170e+09,0.000000e+00,0.000000e+00,0.000000e+00,0.000000e+00,0.000000e+00,0.000000e+00,2.899235e+07
1.090473e+01,3.646378e+09,8.442940e+10,2.001677e+00,4.087093e-01,-8.780802e+08,5.828723e+06,6.251985e-03,9.519936e+06,-1.412104e+08,0.000000e+00,0.000000e+00,0.000000e+00,0.000000e+00,0.000000e+00,0.000000e+00,3.221708e+09,0.000000e+00,0.000000e+00,0.000000e+00,0.000000e+00,0.000000e+00,0.000000e+00,2.903436e+07
1.095475e+01,3.647188e+09,8.442862e+10,-4.792578e-01,8.389195e+00,-8.781707e+08,5.828723e+06,6.252512e-03,9.543052e+06,-1.412143e+08,0.000000e+00,0.000000e+00,0.000000e+00,0.000000e+00,0.000000e+00,0.000000e+00,3.222293e+09,0.000000e+00,0.000000e+00,0.000000e+00,0.000000e+00,0.000000e+00,0.000000e+00,2.907594e+07
1.100477e+01,3.647978e+09,8.442798e+10,-2.897141e+00,1.384303e+01,-8.782648e+08,5.828723e+06,6.253332e-03,9.541980e+06,-1.412179e+08,0.000000e+00,0.000000e+00,0.000000e+00,0.000000e+00,0.000000e+00,0.000000e+00,3.222911e+09,0.000000e+00,0.000000e+00,0.000000e+00,0.000000e+00,0.000000e+00,0.000000e+00,2.911850e+07
1.105480e+01,3.648817e+09,8.442723e+10,-7.913082e+00,8.144524e+00,-8.783619e+08,5.828723e+06,6.253986e-03,9.529557e+06,-1.412208e+08,0.000000e+00,0.000000e+00,0.000000e+00,0.000000e+00,0.000000e+00,0.000000e+00,3.223559e+09,0.000000e+00,0.000000e+00,0.000000e+00,0.000000e+00,0.000000e+00,0.000000e+00,2.916266e+07
1.110484e+01,3.649682e+09,8.442637e+10,-9.196692e+00,7.635765e+00,-8.784607e+08,5.828723e+06,6.253735e-03,9.517898e+06,-1.412230e+08,0.000000e+00,0.000000e+00,0.000000e+00,0.000000e+00,0.000000e+00,0.000000e+00,3.224228e+09,0.000000e+00,0.000000e+00,0.000000e+00,0.000000e+00,0.000000e+00,0.000000e+00,2.920349e+07
1.115486e+01,3.650537e+09,8.442559e+10,8.320412e-01,7.520531e+00,-8.785604e+08,5.828723e+06,6.252507e-03,9.484369e+06,-1.412254e+08,0.000000e+00,0.000000e+00,0.000000e+00,0.000000e+00,0.000000e+00,0.000000e+00,3.224910e+09,0.000000e+00,0.000000e+00,0.000000e+00,0.000000e+00,0.000000e+00,0.000000e+00,2.924195e+07
1.120487e+01,3.651398e+09,8.442480e+10,6.194181e+00,2.925925e+00,-8.786595e+08,5.828723e+06,6.250402e-03,9.464824e+06,-1.412283e+08,0.000000e+00,0.000000e+00,0.000000e+00,0.000000e+00,0.000000e+00,0.000000e+00,3.225586e+09,0.000000e+00,0.000000e+00,0.000000e+00,0.000000e+00,0.000000e+00,0.000000e+00,2.928139e+07
1.125487e+01,3.652397e+09,8.442393e+10,2.907206e+00,-3.710263e+00,-8.787590e+08,5.828723e+06,6.249263e-03,9.399933e+06,-1.412313e+08,0.000000e+00,0.000000e+00,0.000000e+00,0.000000e+00,0.000000e+00,0.000000e+00,3.226243e+09,0.000000e+00,0.000000e+00,0.000000e+00,0.000000e+00,0.000000e+00,0.000000e+00,2.932132e+07
1.130487e+01,3.653448e+09,8.442296e+10,1.271606e+00,-6.985398e+00,-8.788615e+08,5.828723e+06,6.249854e-03,9.326398e+06,-1.412343e+08,0.000000e+00,0.000000e+00,0.000000e+00,0.000000e+00,0.000000e+00,0.000000e+00,3.226878e+09,0.000000e+00,0.000000e+00,0.000000e+00,0.000000e+00,0.000000e+00,0.000000e+00,2.935873e+07
1.135487e+01,3.654372e+09,8.442222e+10,8.325866e+00,-4.301887e+00,-8.789687e+08,5.828723e+06,6.250707e-03,9.332320e+06,-1.412376e+08,0.000000e+00,0.000000e+00,0.000000e+00,0.000000e+00,0.000000e+00,0.000000e+00,3.227502e+09,0.000000e+00,0.000000e+00,0.000000e+00,0.000000e+00,0.000000e+00,0.000000e+00,2.939714e+07
1.140488e+01,3.655290e+09,8.442154e+10,1.854560e+01,2.127852e+00,-8.790784e+08,5.828723e+06,6.251540e-03,9.308610e+06,-1.412410e+08,0.000000e+00,0.000000e+00,0.000000e+00,0.000000e+00,0.000000e+00,0.000000e+00,3.228116e+09,0.000000e+00,0.000000e+00,0.000000e+00,0.000000e+00,0.000000e+00,0.000000e+00,2.944121e+07
1.145489e+01,3.656189e+09,8.442054e+10,2.229332e+01,1.112087e+01,-8.791888e+08,5.828723e+06,6.252143e-03,9.300590e+06,-1.412435e+08,0.000000e+00,0.000000e+00,0.000000e+00,0.000000e+00,0.000000e+00,0.000000e+00,3.228719e+09,0.000000e+00,0.000000e+00,0.000000e+00,0.000000e+00,0.000000e+00,0.000000e+00,2.948275e+07
1.150491e+01,3.657027e+09,8.441945e+10,2.034094e+01,2.533286e+01,-8.793028e+08,5.828723e+06,6.251673e-03,9.354045e+06,-1.412450e+08,0.000000e+00,0.000000e+00,0.000000e+00,0.000000e+00,0.000000e+00,0.000000e+00,3.229302e+09,0.000000e+00,0.000000e+00,0.000000e+00,0.000000e+00,0.000000e+00,0.000000e+00,2.951380e+07
1.155492e+01,3.657834e+09,8.441877e+10,2.282387e+01,3.190731e+01,-8.794212e+08,5.828723e+06,6.250118e-03,9.409156e+06,-1.412464e+08,0.000000e+00,0.000000e+00,0.000000e+00,0.000000e+00,0.000000e+00,0.000000e+00,3.229879e+09,0.000000e+00,0.000000e+00,0.000000e+00,0.000000e+00,0.000000e+00,0.000000e+00,2.954403e+07
1.160491e+01,3.658610e+09,8.441828e+10,2.003416e+01,2.655185e+01,-8.795386e+08,5.828723e+06,6.248191e-03,9.479213e+06,-1.412492e+08,0.000000e+00,0.000000e+00,0.000000e+00,0.000000e+00,0.000000e+00,0.000000e+00,3.230452e+09,0.000000e+00,0.000000e+00,0.000000e+00,0.000000e+00,0.000000e+00,0.000000e+00,2.958593e+07
1.165489e+01,3.659428e+09,8.441748e+10,1.521995e+01,1.144332e+01,-8.796531e+08,5.828723e+06,6.247534e-03,9.524752e+06,-1.412528e+08,0.000000e+00,0.000000e+00,0.000000e+00,0.000000e+00,0.000000e+00,0.000000e+00,3.231043e+09,0.000000e+00,0.000000e+00,0.000000e+00,0.000000e+00,0.000000e+00,0.000000e+00,2.963170e+07
1.170488e+01,3.660301e+09,8.441655e+10,1.082008e+01,4.686875e+00,-8.797681e+08,5.828723e+06,6.248746e-03,9.525042e+06,-1.412562e+08,0.000000e+00,0.000000e+00,0.000000e+00,0.000000e+00,0.000000e+00,0.000000e+00,3.231636e+09,0.000000e+00,0.000000e+00,0.000000e+00,0.000000e+00,0.000000e+00,0.000000e+00,2.967172e+07
1.175487e+01,3.661145e+09,8.441577e+10,1.178209e+01,5.750787e+00,-8.798858e+08,5.828723e+06,6.250134e-03,9.515726e+06,-1.412590e+08,0.000000e+00,0.000000e+00,0.000000e+00,0.000000e+00,0.000000e+00,0.000000e+00,3.232241e+09,0.000000e+00,0.000000e+00,0.000000e+00,0.000000e+00,0.000000e+00,0.000000e+00,2.970973e+07
1.180488e+01,3.661969e+09,8.441498e+10,1.224173e+01,1.621818e+01,-8.800058e+08,5.828723e+06,6.251681e-03,9.460517e+06,-1.412613e+08,0.000000e+00,0.000000e+00,0.000000e+00,0.000000e+00,0.000000e+00,0.000000e+00,3.232849e+09,0.000000e+00,0.000000e+00,0.000000e+00,0.000000e+00,0.000000e+00,0.000000e+00,2.974585e+07
1.185490e+01,3.662793e+09,8.441422e+10,-6.959819e-01,2.176667e+01,-8.801295e+08,5.828723e+06,6.253642e-03,9.392317e+06,-1.412634e+08,0.000000e+00,0.000000e+00,0.000000e+00,0.000000e+00,0.000000e+00,0.000000e+00,3.233449e+09,0.000000e+00,0.000000e+00,0.000000e+00,0.000000e+00,0.000000e+00,0.000000e+00,2.977844e+07
1.190493e+01,3.663621e+09,8.441360e+10,-1.363882e+01,1.863975e+01,-8.802587e+08,5.828723e+06,6.254285e-03,9.372802e+06,-1.412655e+08,0.000000e+00,0.000000e+00,0.000000e+00,0.000000e+00,0.000000e+00,0.000000e+00,3.234041e+09,0.000000e+00,0.000000e+00,0.000000e+00,0.000000e+00,0.000000e+00,0.000000e+00,2.981373e+07
1.195496e+01,3.664423e+09,8.441294e+10,-2.012829e+01,1.713009e+01,-8.803904e+08,5.828723e+06,6.252930e-03,9.375851e+06,-1.412683e+08,0.000000e+00,0.000000e+00,0.000000e+00,0.000000e+00,0.000000e+00,0.000000e+00,3.234626e+09,0.000000e+00,0.000000e+00,0.000000e+00,0.000000e+00,0.000000e+00,0.000000e+00,2.985410e+07
1.200498e+01,3.665181e+09,8.441215e+10,-1.698282e+01,1.419168e+01,-8.805215e+08,5.828723e+06,6.250816e-03,9.390224e+06,-1.412716e+08,0.000000e+00,0.000000e+00,0.000000e+00,0.000000e+00,0.000000e+00,0.000000e+00,3.235190e+09,0.000000e+00,0.000000e+00,0.000000e+00,0.000000e+00,0.000000e+00,0.000000e+00,2.989307e+07
1.205498e+01,3.665876e+09,8.441148e+10,-1.164320e+01,1.809628e+01,-8.806536e+08,5.828723e+06,6.250107e-03,9.412330e+06,-1.412753e+08,0.000000e+00,0.000000e+00,0.000000e+00,0.000000e+00,0.000000e+00,0.000000e+00,3.235748e+09,0.000000e+00,0.000000e+00,0.000000e+00,0.000000e+00,0.000000e+00,0.000000e+00,2.992978e+07
1.210499e+01,3.666566e+09,8.441090e+10,-1.436078e+00,1.536227e+01,-8.807868e+08,5.828723e+06,6.251879e-03,9.396601e+06,-1.412791e+08,0.000000e+00,0.000000e+00,0.000000e+00,0.000000e+00,0.000000e+00,0.000000e+00,3.236323e+09,0.000000e+00,0.000000e+00,0.000000e+00,0.000000e+00,0.000000e+00,0.000000e+00,2.996692e+07
1.215501e+01,3.667220e+09,8.441025e+10,9.433177e+00,-1.698135e+00,-8.809180e+08,5.828723e+06,6.253965e-03,9.402042e+06,-1.412823e+08,0.000000e+00,0.000000e+00,0.000000e+00,0.000000e+00,0.000000e+00,0.000000e+00,3.236916e+09,0.000000e+00,0.000000e+00,0.000000e+00,0.000000e+00,0.000000e+00,0.000000e+00,3.000297e+07
1.220505e+01,3.667809e+09,8.440967e+10,1.682104e+01,-1.315822e+01,-8.810462e+08,5.828723e+06,6.255280e-03,9.430311e+06,-1.412851e+08,0.000000e+00,0.000000e+00,0.000000e+00,0.000000e+00,0.000000e+00,0.000000e+00,3.237506e+09,0.000000e+00,0.000000e+00,0.000000e+00,0.000000e+00,0.000000e+00,0.000000e+00,3.003745e+07
1.225509e+01,3.668354e+09,8.440920e+10,1.578399e+01,-2.061304e+01,-8.811734e+08,5.828723e+06,6.256925e-03,9.430614e+06,-1.412879e+08,0.000000e+00,0.000000e+00,0.000000e+00,0.000000e+00,0.000000e+00,0.000000e+00,3.238052e+09,0.000000e+00,0.000000e+00,0.000000e+00,0.000000e+00,0.000000e+00,0.000000e+00,3.007268e+07
1.230515e+01,3.668857e+09,8.440875e+10,1.775685e+01,-3.053348e+01,-8.812994e+08,5.828723e+06,6.257042e-03,9.432159e+06,-1.412906e+08,0.000000e+00,0.000000e+00,0.000000e+00,0.000000e+00,0.000000e+00,0.000000e+00,3.238573e+09,0.000000e+00,0.000000e+00,0.000000e+00,0.000000e+00,0.000000e+00,0.000000e+00,3.010873e+07
1.235520e+01,3.669377e+09,8.440833e+10,2.177795e+01,-2.676656e+01,-8.814228e+08,5.828723e+06,6.253915e-03,9.418156e+06,-1.412936e+08,0.000000e+00,0.000000e+00,0.000000e+00,0.000000e+00,0.000000e+00,0.000000e+00,3.239072e+09,0.000000e+00,0.000000e+00,0.000000e+00,0.000000e+00,0.000000e+00,0.000000e+00,3.014436e+07
1.240522e+01,3.669899e+09,8.440802e+10,2.510562e+01,-3.044458e+01,-8.815443e+08,5.828723e+06,6.249988e-03,9.393978e+06,-1.412972e+08,0.000000e+00,0.000000e+00,0.000000e+00,0.000000e+00,0.000000e+00,0.000000e+00,3.239546e+09,0.000000e+00,0.000000e+00,0.000000e+00,0.000000e+00,0.000000e+00,0.000000e+00,3.018308e+07
1.245521e+01,3.670372e+09,8.440772e+10,2.601737e+01,-2.940657e+01,-8.816625e+08,5.828723e+06,6.248322e-03,9.348988e+06,-1.413016e+08,0.000000e+00,0.000000e+00,0.000000e+00,0.000000e+00,0.000000e+00,0.000000e+00,3.240006e+09,0.000000e+00,0.000000e+00,0.000000e+00,0.000000e+00,0.000000e+00,0.000000e+00,3.022563e+07
1.250520e+01,3.670755e+09,8.440728e+10,2.459923e+01,-2.228148e+01,-8.817755e+08,5.828723e+06,6.249018e-03,9.320029e+06,-1.413054e+08,0.000000e+00,0.000000e+00,0.000000e+00,0.000000e+00,0.000000e+00,0.000000e+00,3.240472e+09,0.000000e+00,0.000000e+00,0.000000e+00,0.000000e+00,0.000000e+00,0.000000e+00,3.026471e+07
1.255519e+01,3.671169e+09,8.440674e+10,2.772603e+01,-2.322373e+01,-8.818867e+08,5.828723e+06,6.251297e-03,9.306622e+06,-1.413079e+08,0.000000e+00,0.000000e+00,0.000000e+00,0.000000e+00,0.000000e+00,0.000000e+00,3.240929e+09,0.000000e+00,0.000000e+00,0.000000e+00,0.000000e+00,0.000000e+00,0.000000e+00,3.029577e+07
1.260522e+01,3.671575e+09,8.440639e+10,3.122493e+01,-2.050492e+01,-8.820008e+08,5.828723e+06,6.254477e-03,9.334336e+06,-1.413098e+08,0.000000e+00,0.000000e+00,0.000000e+00,0.000000e+00,0.000000e+00,0.000000e+00,3.241379e+09,0.000000e+00,0.000000e+00,0.000000e+00,0.000000e+00,0.000000e+00,0.000000e+00,3.032415e+07
1.265526e+01,3.671940e+09,8.440619e+10,2.945696e+01,-2.469849e+01,-8.821151e+08,5.828723e+06,6.255968e-03,9.362462e+06,-1.413120e+08,0.000000e+00,0.000000e+00,0.000000e+00,0.000000e+00,0.000000e+00,0.000000e+00,3.241812e+09,0.000000e+00,0.000000e+00,0.000000e+00,0.000000e+00,0.000000e+00,0.000000e+00,3.035760e+07
1.270530e+01,3.672242e+09,8.440587e+10,2.171336e+01,-3.621394e+01,-8.822252e+08,5.828723e+06,6.254252e-03,9.408528e+06,-1.413147e+08,0.000000e+00,0.000000e+00,0.000000e+00,0.000000e+00,0.000000e+00,0.000000e+00,3.242220e+09,0.000000e+00,0.000000e+00,0.000000e+00,0.000000e+00,0.000000e+00,0.000000e+00,3.039233e+07
1.275533e+01,3.672560e+09,8.440549e+10,1.473043e+01,-5.242353e+01,-8.823327e+08,5.828723e+06,6.251068e-03,9.444339e+06,-1.413174e+08,0.000000e+00,0.000000e+00,0.000000e+00,0.000000e+00,0.000000e+00,0.000000e+00,3.242628e+09,0.000000e+00,0.000000e+00,0.000000e+00,0.000000e+00,0.000000e+00,0.000000e+00,3.042315e+07
1.280532e+01,3.672944e+09,8.440518e+10,9.655738e+00,-6.426542e+01,-8.824399e+08,5.828723e+06,6.247973e-03,9.414504e+06,-1.413202e+08,0.000000e+00,0.000000e+00,0.000000e+00,0.000000e+00,0.000000e+00,0.000000e+00,3.243038e+09,0.000000e+00,0.000000e+00,0.000000e+00,0.000000e+00,0.000000e+00,0.000000e+00,3.045268e+07
1.285530e+01,3.673250e+09,8.440504e+10,5.407563e+00,-6.910229e+01,-8.825451e+08,5.828723e+06,6.245996e-03,9.374836e+06,-1.413234e+08,0.000000e+00,0.000000e+00,0.000000e+00,0.000000e+00,0.000000e+00,0.000000e+00,3.243434e+09,0.000000e+00,0.000000e+00,0.000000e+00,0.000000e+00,0.000000e+00,0.000000e+00,3.048464e+07
1.290527e+01,3.673469e+09,8.440491e+10,-6.004501e+00,-5.203523e+01,-8.826470e+08,5.828723e+06,6.246617e-03,9.364646e+06,-1.413266e+08,0.000000e+00,0.000000e+00,0.000000e+00,0.000000e+00,0.000000e+00,0.000000e+00,3.243815e+09,0.000000e+00,0.000000e+00,0.000000e+00,0.000000e+00,0.000000e+00,0.000000e+00,3.051861e+07
1.295525e+01,3.673689e+09,8.440471e+10,-1.321685e+01,-4.051652e+01,-8.827462e+08,5.828723e+06,6.249484e-03,9.395258e+06,-1.413292e+08,0.000000e+00,0.000000e+00,0.000000e+00,0.000000e+00,0.000000e+00,0.000000e+00,3.244176e+09,0.000000e+00,0.000000e+00,0.000000e+00,0.000000e+00,0.000000e+00,0.000000e+00,3.055235e+07
1.300526e+01,3.673901e+09,8.440446e+10,-1.118521e+01,-3.631581e+01,-8.828415e+08,5.828723e+06,6.252532e-03,9.436169e+06,-1.413312e+08,0.000000e+00,0.000000e+00,0.000000e+00,0.000000e+00,0.000000e+00,0.000000e+00,3.244528e+09,0.000000e+00,0.000000e+00,0.000000e+00,0.000000e+00,0.000000e+00,0.000000e+00,3.058460e+07
1.305528e+01,3.674072e+09,8.440422e+10,-1.614552e+01,-2.733523e+01,-8.829345e+08,5.828723e+06,6.254254e-03,9.458127e+06,-1.413332e+08,0.000000e+00,0.000000e+00,0.000000e+00,0.000000e+00,0.000000e+00,0.000000e+00,3.244865e+09,0.000000e+00,0.000000e+00,0.000000e+00,0.000000e+00,0.000000e+00,0.000000e+00,3.061332e+07
1.310532e+01,3.674259e+09,8.440408e+10,-2.049379e+01,-1.291957e+01,-8.830285e+08,5.828723e+06,6.253962e-03,9.438141e+06,-1.413356e+08,0.000000e+00,0.000000e+00,0.000000e+00,0.000000e+00,0.000000e+00,0.000000e+00,3.245188e+09,0.000000e+00,0.000000e+00,0.000000e+00,0.000000e+00,0.000000e+00,0.000000e+00,3.063970e+07
1.315534e+01,3.674402e+09,8.440408e+10,-2.015202e+01,-9.470110e+00,-8.831224e+08,5.828723e+06,6.251727e-03,9.429766e+06,-1.413387e+08,0.000000e+00,0.000000e+00,0.000000e+00,0.000000e+00,0.000000e+00,0.000000e+00,3.245483e+09,0.000000e+00,0.000000e+00,0.000000e+00,0.000000e+00,0.000000e+00,0.000000e+00,3.066850e+07
1.320535e+01,3.674529e+09,8.440407e+10,-1.359529e+01,-6.494948e+00,-8.832138e+08,5.828723e+06,6.248922e-03,9.402077e+06,-1.413420e+08,0.000000e+00,0.000000e+00,0.000000e+00,0.000000e+00,0.000000e+00,0.000000e+00,3.245737e+09,0.000000e+00,0.000000e+00,0.000000e+00,0.000000e+00,0.000000e+00,0.000000e+00,3.069986e+07
1.325533e+01,3.674614e+09,8.440402e+10,-9.846762e+00,-2.629618e+01,-8.833023e+08,5.828723e+06,6.247115e-03,9.378041e+06,-1.413452e+08,0.000000e+00,0.000000e+00,0.000000e+00,0.000000e+00,0.000000e+00,0.000000e+00,3.245967e+09,0.000000e+00,0.000000e+00,0.000000e+00,0.000000e+00,0.000000e+00,0.000000e+00,3.073054e+07
1.330531e+01,3.674676e+09,8.440406e+10,-1.049126e+01,-5.032094e+01,-8.833868e+08,5.828723e+06,6.247647e-03,9.363366e+06,-1.413481e+08,0.000000e+00,0.000000e+00,0.000000e+00,0.000000e+00,0.000000e+00,0.000000e+00,3.246183e+09,0.000000e+00,0.000000e+00,0.000000e+00,0.000000e+00,0.000000e+00,0.000000e+00,3.076190e+07
1.335530e+01,3.674713e+09,8.440407e+10,9.818244e-01,-6.243832e+01,-8.834645e+08,5.828723e+06,6.250281e-03,9.343804e+06,-1.413506e+08,0.000000e+00,0.000000e+00,0.000000e+00,0.000000e+00,0.000000e+00,0.000000e+00,3.246389e+09,0.000000e+00,0.000000e+00,0.000000e+00,0.000000e+00,0.000000e+00,0.000000e+00,3.079385e+07
1.340531e+01,3.674691e+09,8.440401e+10,1.361881e+01,-5.961228e+01,-8.835370e+08,5.828723e+06,6.253671e-03,9.353878e+06,-1.413528e+08,0.000000e+00,0.000000e+00,0.000000e+00,0.000000e+00,0.000000e+00,0.000000e+00,3.246583e+09,0.000000e+00,0.000000e+00,0.000000e+00,0.000000e+00,0.000000e+00,0.000000e+00,3.082152e+07
1.345535e+01,3.674712e+09,8.440404e+10,2.701146e+01,-4.741882e+01,-8.836070e+08,5.828723e+06,6.256260e-03,9.364734e+06,-1.413553e+08,0.000000e+00,0.000000e+00,0.000000e+00,0.000000e+00,0.000000e+00,0.000000e+00,3.246774e+09,0.000000e+00,0.000000e+00,0.000000e+00,0.000000e+00,0.000000e+00,0.000000e+00,3.084708e+07
1.350540e+01,3.674713e+09,8.440417e+10,2.275111e+01,-2.386383e+01,-8.836745e+08,5.828723e+06,6.256921e-03,9.376835e+06,-1.413587e+08,0.000000e+00,0.000000e+00,0.000000e+00,0.000000e+00,0.000000e+00,0.000000e+00,3.246964e+09,0.000000e+00,0.000000e+00,0.000000e+00,0.000000e+00,0.000000e+00,0.000000e+00,3.087625e+07
1.355546e+01,3.674595e+09,8.440420e+10,1.155218e+01,-1.923929e+01,-8.837388e+08,5.828723e+06,6.255809e-03,9.412428e+06,-1.413625e+08,0.000000e+00,0.000000e+00,0.000000e+00,0.000000e+00,0.000000e+00,0.000000e+00,3.247156e+09,0.000000e+00,0.000000e+00,0.000000e+00,0.000000e+00,0.000000e+00,0.000000e+00,3.090450e+07
1.360550e+01,3.674473e+09,8.440422e+10,1.054950e+01,-2.041204e+01,-8.838013e+08,5.828723e+06,6.253341e-03,9.442472e+06,-1.413659e+08,0.000000e+00,0.000000e+00,0.000000e+00,0.000000e+00,0.000000e+00,0.000000e+00,3.247342e+09,0.000000e+00,0.000000e+00,0.000000e+00,0.000000e+00,0.000000e+00,0.000000e+00,3.092725e+07
1.365551e+01,3.674417e+09,8.440451e+10,7.217859e+00,-1.061652e+01,-8.838619e+08,5.828723e+06,6.250173e-03,9.437129e+06,-1.413689e+08,0.000000e+00,0.000000e+00,0.000000e+00,0.000000e+00,0.000000e+00,0.000000e+00,3.247521e+09,0.000000e+00,0.000000e+00,0.000000e+00,0.000000e+00,0.000000e+00,0.000000e+00,3.095372e+07
1.370551e+01,3.674339e+09,8.440478e+10,1.095900e+01,-9.948095e+00,-8.839179e+08,5.828723e+06,6.249018e-03,9.429504e+06,-1.413720e+08,0.000000e+00,0.000000e+00,0.000000e+00,0.000000e+00,0.000000e+00,0.000000e+00,3.247703e+09,0.000000e+00,0.000000e+00,0.000000e+00,0.000000e+00,0.000000e+00,0.000000e+00,3.098743e+07
1.375551e+01,3.674183e+09,8.440490e+10,1.175726e+01,-7.964570e+00,-8.839685e+08,5.828723e+06,6.251582e-03,9.435478e+06,-1.413750e+08,0.000000e+00,0.000000e+00,0.000000e+00,0.000000e+00,0.000000e+00,0.000000e+00,3.247887e+09,0.000000e+00,0.000000e+00,0.000000e+00,0.000000e+00,0.000000e+00,0.000000e+00,3.102004e+07
1.380553e+01,3.673991e+09,8.440507e+10,8.154539e+00,-1.399197e+01,-8.840154e+08,5.828723e+06,6.254743e-03,9.437502e+06,-1.413781e+08,0.000000e+00,0.000000e+00,0.000000e+00,0.000000e+00,0.000000e+00,0.000000e+00,3.248068e+09,0.000000e+00,0.000000e+00,0.000000e+00,0.000000e+00,0.000000e+00,0.000000e+00,3.104873e+07
1.385557e+01,3.673830e+09,8.440526e+10,-4.144630e+00,-3.133739e+01,-8.840584e+08,5.828723e+06,6.256159e-03,9.418575e+06,-1.413813e+08,0.000000e+00,0.000000e+00,0.000000e+00,0.000000e+00,0.000000e+00,0.000000e+00,3.248244e+09,0.000000e+00,0.000000e+00,0.000000e+00,0.000000e+00,0.000000e+00,0.000000e+00,3.107593e+07
1.390563e+01,3.673645e+09,8.440539e+10,-2.184742e+01,-4.857874e+01,-8.840979e+08,5.828723e+06,6.256804e-03,9.393138e+06,-1.413847e+08,0.000000e+00,0.000000e+00,0.000000e+00,0.000000e+00,0.000000e+00,0.000000e+00,3.248416e+09,0.000000e+00,0.000000e+00,0.000000e+00,0.000000e+00,0.000000e+00,0.000000e+00,3.109933e+07
1.395568e+01,3.673385e+09,8.440565e+10,-3.382172e+01,-4.091299e+01,-8.841345e+08,5.828723e+06,6.255692e-03,9.367274e+06,-1.413881e+08,0.000000e+00,0.000000e+00,0.000000e+00,0.000000e+00,0.000000e+00,0.000000e+00,3.248575e+09,0.000000e+00,0.000000e+00,0.000000e+00,0.000000e+00,0.000000e+00,0.000000e+00,3.111876e+07
1.400571e+01,3.673110e+09,8.440608e+10,-3.651760e+01,-2.844551e+01,-8.841661e+08,5.828723e+06,6.252042e-03,9.363258e+06,-1.413913e+08,0.000000e+00,0.000000e+00,0.000000e+00,0.000000e+00,0.000000e+00,0.000000e+00,3.248726e+09,0.000000e+00,0.000000e+00,0.000000e+00,0.000000e+00,0.000000e+00,0.000000e+00,3.114061e+07
1.405571e+01,3.672882e+09,8.440648e+10,-2.475130e+01,-1.830655e+01,-8.841907e+08,5.828723e+06,6.248248e-03,9.364261e+06,-1.413943e+08,0.000000e+00,0.000000e+00,0.000000e+00,0.000000e+00,0.000000e+00,0.000000e+00,3.248879e+09,0.000000e+00,0.000000e+00,0.000000e+00,0.000000e+00,0.000000e+00,0.000000e+00,3.116829e+07
1.410569e+01,3.672653e+09,8.440670e+10,-2.029602e+01,-2.242937e+01,-8.842113e+08,5.828723e+06,6.246727e-03,9.368596e+06,-1.413968e+08,0.000000e+00,0.000000e+00,0.000000e+00,0.000000e+00,0.000000e+00,0.000000e+00,3.249030e+09,0.000000e+00,0.000000e+00,0.000000e+00,0.000000e+00,0.000000e+00,0.000000e+00,3.119649e+07
1.415567e+01,3.672350e+09,8.440693e+10,-2.382331e+01,-2.555683e+01,-8.842289e+08,5.828723e+06,6.247757e-03,9.396547e+06,-1.413990e+08,0.000000e+00,0.000000e+00,0.000000e+00,0.000000e+00,0.000000e+00,0.000000e+00,3.249180e+09,0.000000e+00,0.000000e+00,0.000000e+00,0.000000e+00,0.000000e+00,0.000000e+00,3.122110e+07
1.420566e+01,3.672040e+09,8.440725e+10,-2.845134e+01,-2.095032e+01,-8.842420e+08,5.828723e+06,6.250268e-03,9.405925e+06,-1.414015e+08,0.000000e+00,0.000000e+00,0.000000e+00,0.000000e+00,0.000000e+00,0.000000e+00,3.249335e+09,0.000000e+00,0.000000e+00,0.000000e+00,0.000000e+00,0.000000e+00,0.000000e+00,3.124393e+07
1.425567e+01,3.671748e+09,8.440748e+10,-2.286822e+01,-9.268056e+00,-8.842524e+08,5.828723e+06,6.253174e-03,9.417194e+06,-1.414046e+08,0.000000e+00,0.000000e+00,0.000000e+00,0.000000e+00,0.000000e+00,0.000000e+00,3.249496e+09,0.000000e+00,0.000000e+00,0.000000e+00,0.000000e+00,0.000000e+00,0.000000e+00,3.126464e+07
1.430570e+01,3.671487e+09,8.440765e+10,-8.104362e+00,-1.248602e+01,-8.842625e+08,5.828723e+06,6.254763e-03,9.422050e+06,-1.414076e+08,0.000000e+00,0.000000e+00,0.000000e+00,0.000000e+00,0.000000e+00,0.000000e+00,3.249660e+09,0.000000e+00,0.000000e+00,0.000000e+00,0.000000e+00,0.000000e+00,0.000000e+00,3.128070e+07
1.435574e+01,3.671173e+09,8.440797e+10,9.153663e+00,-1.683781e+01,-8.842713e+08,5.828723e+06,6.253693e-03,9.450266e+06,-1.414103e+08,0.000000e+00,0.000000e+00,0.000000e+00,0.000000e+00,0.000000e+00,0.000000e+00,3.249818e+09,0.000000e+00,0.000000e+00,0.000000e+00,0.000000e+00,0.000000e+00,0.000000e+00,3.129526e+07
1.440576e+01,3.670711e+09,8.440848e+10,2.171074e+01,-1.754730e+01,-8.842748e+08,5.828723e+06,6.251037e-03,9.530140e+06,-1.414126e+08,0.000000e+00,0.000000e+00,0.000000e+00,0.000000e+00,0.000000e+00,0.000000e+00,3.249927e+09,0.000000e+00,0.000000e+00,0.000000e+00,0.000000e+00,0.000000e+00,0.000000e+00,3.131332e+07
1.445576e+01,3.670308e+09,8.440900e+10,3.303514e+01,-1.917988e+01,-8.842720e+08,5.828723e+06,6.248341e-03,9.529398e+06,-1.414148e+08,0.000000e+00,0.000000e+00,0.000000e+00,0.000000e+00,0.000000e+00,0.000000e+00,3.249997e+09,0.000000e+00,0.000000e+00,0.000000e+00,0.000000e+00,0.000000e+00,0.000000e+00,3.133582e+07
1.450574e+01,3.669998e+09,8.440940e+10,3.910781e+01,-2.009899e+01,-8.842631e+08,5.828723e+06,6.246469e-03,9.483339e+06,-1.414171e+08,0.000000e+00,0.000000e+00,0.000000e+00,0.000000e+00,0.000000e+00,0.000000e+00,3.250068e+09,0.000000e+00,0.000000e+00,0.000000e+00,0.000000e+00,0.000000e+00,0.000000e+00,3.135973e+07
1.455571e+01,3.669646e+09,8.440976e+10,3.442467e+01,-1.395201e+01,-8.842469e+08,5.828723e+06,6.246940e-03,9.461631e+06,-1.414198e+08,0.000000e+00,0.000000e+00,0.000000e+00,0.000000e+00,0.000000e+00,0.000000e+00,3.250145e+09,0.000000e+00,0.000000e+00,0.000000e+00,0.000000e+00,0.000000e+00,0.000000e+00,3.138234e+07
1.460569e+01,3.669293e+09,8.441011e+10,2.621558e+01,-1.812488e+01,-8.842230e+08,5.828723e+06,6.249770e-03,9.421510e+06,-1.414229e+08,0.000000e+00,0.000000e+00,0.000000e+00,0.000000e+00,0.000000e+00,0.000000e+00,3.250217e+09,0.000000e+00,0.000000e+00,0.000000e+00,0.000000e+00,0.000000e+00,0.000000e+00,3.140257e+07
1.465570e+01,3.668966e+09,8.441039e+10,3.046716e+01,-3.911441e+01,-8.841924e+08,5.828723e+06,6.252743e-03,9.385550e+06,-1.414264e+08,0.000000e+00,0.000000e+00,0.000000e+00,0.000000e+00,0.000000e+00,0.000000e+00,3.250288e+09,0.000000e+00,0.000000e+00,0.000000e+00,0.000000e+00,0.000000e+00,0.000000e+00,3.141855e+07
1.470573e+01,3.668667e+09,8.441071e+10,2.911065e+01,-5.726855e+01,-8.841587e+08,5.828723e+06,6.254860e-03,9.379721e+06,-1.414297e+08,0.000000e+00,0.000000e+00,0.000000e+00,0.000000e+00,0.000000e+00,0.000000e+00,3.250359e+09,0.000000e+00,0.000000e+00,0.000000e+00,0.000000e+00,0.000000e+00,0.000000e+00,3.143242e+07
1.475578e+01,3.668456e+09,8.441105e+10,1.517005e+01,-7.213150e+01,-8.841230e+08,5.828723e+06,6.255463e-03,9.360447e+06,-1.414328e+08,0.000000e+00,0.000000e+00,0.000000e+00,0.000000e+00,0.000000e+00,0.000000e+00,3.250432e+09,0.000000e+00,0.000000e+00,0.000000e+00,0.000000e+00,0.000000e+00,0.000000e+00,3.144886e+07
1.480582e+01,3.668222e+09,8.441128e+10,3.236353e+00,-6.980003e+01,-8.840837e+08,5.828723e+06,6.254026e-03,9.402418e+06,-1.414353e+08,0.000000e+00,0.000000e+00,0.000000e+00,0.000000e+00,0.000000e+00,0.000000e+00,3.250506e+09,0.000000e+00,0.000000e+00,0.000000e+00,0.000000e+00,0.000000e+00,0.000000e+00,3.146713e+07
1.485584e+01,3.668036e+09,8.441147e+10,-9.864816e+00,-5.543991e+01,-8.840421e+08,5.828723e+06,6.251692e-03,9.425759e+06,-1.414378e+08,0.000000e+00,0.000000e+00,0.000000e+00,0.000000e+00,0.000000e+00,0.000000e+00,3.250579e+09,0.000000e+00,0.000000e+00,0.000000e+00,0.000000e+00,0.000000e+00,0.000000e+00,3.148547e+07
1.490585e+01,3.667921e+09,8.441167e+10,-1.848894e+01,-4.081684e+01,-8.839999e+08,5.828723e+06,6.249726e-03,9.418539e+06,-1.414404e+08,0.000000e+00,0.000000e+00,0.000000e+00,0.000000e+00,0.000000e+00,0.000000e+00,3.250648e+09,0.000000e+00,0.000000e+00,0.000000e+00,0.000000e+00,0.000000e+00,0.000000e+00,3.150528e+07
1.495584e+01,3.667880e+09,8.441173e+10,-2.522137e+01,-4.936239e+01,-8.839541e+08,5.828723e+06,6.249813e-03,9.375435e+06,-1.414433e+08,0.000000e+00,0.000000e+00,0.000000e+00,0.000000e+00,0.000000e+00,0.000000e+00,3.250722e+09,0.000000e+00,0.000000e+00,0.000000e+00,0.000000e+00,0.000000e+00,0.000000e+00,3.152474e+07
