id,kind,rho_total,layout,gravity_end,terminal,point_count,rejected_trials,case_id,phase,phase_progress,gravity_factor,actuator_offset_m,external_work_J,external_absolute_work_J,external_energy_residual,max_damage,cracked_sections,cracked_quadrature_length_m,reinforcement_plastic_points,governing_kind,governing_id,global_energy_credit_J,equilibrium_residual,exact_energy_residual,stored_J,spring_stored_J,slab_stored_J,dissipated_J,concrete_dissipated_J,steel_dissipated_J,exact_internal_work_J,max_DCR,compression_ratio,rebar_strain_ratio,max_slab_down_m,max_truss_down_m,max_opening_m,max_overlap_m,contact_count,vertical_tension_count,seat_reaction_N,actuator_reaction_N,gravity_load_N,minimum_scaled_tangent_eigenvalue,newton_iterations,support_uplift_unchecked,support_horizontal_compression_unchecked,first_sampled_crack,max_path_external_energy_residual,max_path_equilibrium_residual,max_path_exact_energy_residual
COLD_PLAIN,gravity,0.0,symmetric,1.25,END_WITHIN_CHECKED_LOCAL_DOMAIN_NOT_SAFETY_PROOF,26,0,COLD_PLAIN,gravity,1.0,1.25,0.0,3091.7513327338415,3091.7513327338415,1.587037050526784e-13,0.0,0,0.0,0,web,STEEL-062,0.0,4.616760706993753e-13,0.0,3091.751332734332,2933.7299020530804,158.0214306812518,0.0,0.0,0.0,3091.751332734332,0.7359564790763141,0.14081965856768053,0.0,0.054022819313467856,0.0540176489639047,0.0,9.120172464119097e-06,17,0,176199.00064893934,0.0,176199.00064892997,1.144525931118381e-05,2,False,False,,2.0310240868245706e-12,9.103127407898717e-13,0.0
COLD_R02,gravity,0.002,symmetric,2.5,FIRST_NOMINAL_OR_MATERIAL_DOMAIN_LIMIT,35,0,COLD_R02,gravity,0.6796740722656252,1.6991851806640628,0.0,5707.126898191634,5707.126898191634,2.5975878762386964e-14,0.0,0,0.0,0,web,STEEL-062,0.0,4.4721826341533446e-13,0.0,5707.126898191782,5417.603617310046,289.5232808817364,0.0,0.0,0.0,5707.126898191782,1.000000231822881,0.1894020172479722,0.0171540310235413,0.07335920962574441,0.07335218329329853,0.0,1.244265231658409e-05,17,0,239515.7846003863,0.0,239515.78460038308,1.1286231928924667e-05,2,False,False,,4.549003254810711e-13,1.3940387286601038e-12,0.0
BEND_PLAIN,slab_actuator,0.0,symmetric,,END_WITHIN_CHECKED_LOCAL_DOMAIN_NOT_SAFETY_PROOF,46,0,BEND_PLAIN,actuator_0,1.0,0.25,-0.002,170.6524412175206,170.6524412175206,5.246241077302206e-13,0.0,0,0.0,0,web,STEEL-062,0.0,4.148554208364676e-13,0.0,170.65244121761012,161.8695710727845,8.782870144825601,0.0,0.0,0.0,170.65244121761012,0.16578982920322502,0.0439793849100609,0.0,0.012790541816862183,0.012784786138929152,0.0,2.121757272781702e-06,17,0,39235.672597403114,-3995.8724676262837,35239.80012978593,2.7354708876053325e-05,3,False,False,,2.0310240868245706e-12,6.615145908845136e-13,0.0
BEND_R01,slab_actuator,0.001,symmetric,,END_WITHIN_CHECKED_LOCAL_DOMAIN_NOT_SAFETY_PROOF,46,0,BEND_R01,actuator_0,1.0,0.25,-0.002,170.5934344340067,170.5934344340067,7.16401255160936e-15,0.0,0,0.0,0,web,STEEL-062,0.0,4.101953445370165e-13,0.0,170.59343443400547,161.84696320606085,8.74647122794461,0.0,0.0,0.0,170.59343443400547,0.16576727867172605,0.043727279741036386,0.003703283181382983,0.012784912480016843,0.012779248626205733,0.0,2.1214712192744317e-06,17,0,39238.04889106823,-3998.248761276459,35239.80012978593,2.7077730305514994e-05,3,False,False,,1.5269345472098427e-14,1.5936837395047375e-12,0.0
BEND_R02,slab_actuator,0.002,symmetric,,END_WITHIN_CHECKED_LOCAL_DOMAIN_NOT_SAFETY_PROOF,46,0,BEND_R02,actuator_0,1.0,0.25,-0.002,170.53530164280167,170.53530164280167,1.0833012843555374e-13,0.0,0,0.0,0,web,STEEL-062,0.0,4.870629870707888e-13,0.0,170.53530164282014,161.82417821514767,8.711123427672485,0.0,0.0,0.0,170.53530164282014,0.16574467057998768,0.043479877648753266,0.0036788386060848215,0.01277936638691495,0.012773792785993514,0.0,2.1211780999973173e-06,17,0,39240.39268301314,-4000.5925532305673,35239.80012978593,2.6806316947154774e-05,3,False,False,,4.549003254810711e-13,1.3940387286601038e-12,1.1208240059879858e-16
BEND_R04,slab_actuator,0.004,symmetric,,END_WITHIN_CHECKED_LOCAL_DOMAIN_NOT_SAFETY_PROOF,46,0,BEND_R04,actuator_0,1.0,0.25,-0.002,170.42155687451162,170.42155687451162,6.931084691337156e-13,0.0,0,0.0,0,web,STEEL-062,0.0,4.595882378488974e-13,0.0,170.42155687462974,161.77808861029433,8.643468264335407,0.0,0.0,0.0,170.42155687462974,0.1656992897388792,0.0429986597405335,0.0036313121763334876,0.012768514360637081,0.012763116712829821,0.0,2.1205715970470246e-06,17,0,39244.98631044243,-4005.1861806559727,35239.80012978593,2.6279528562711798e-05,3,False,False,,2.654061299031654e-12,1.4439153306910595e-12,1.1123232518399233e-16
BEND_TOP,slab_actuator,0.002,top,,END_WITHIN_CHECKED_LOCAL_DOMAIN_NOT_SAFETY_PROOF,46,0,BEND_TOP,actuator_0,1.0,0.25,-0.002,170.41657092985426,170.41657092985426,1.079052694296877e-13,0.0,0,0.0,0,web,STEEL-062,0.0,3.421408632785125e-13,0.0,170.41657092987265,161.7047897241246,8.711781205748053,0.0,0.0,0.0,170.41657092987265,0.16568321997394592,0.04317733208364038,0.0036427497933801283,0.01276862115697556,0.012763019130125708,0.0,2.1214230820527924e-06,17,0,39244.2267162291,-4004.4265864432773,35239.80012978593,2.680871636592622e-05,3,False,False,,4.407734875140873e-13,7.846682333494166e-13,2.1144046388776054e-16
CYCLE_R02,slab_cycle,0.002,symmetric,,END_WITHIN_CHECKED_LOCAL_DOMAIN_NOT_SAFETY_PROOF,166,0,CYCLE_R02,actuator_3,1.0,0.25,0.0,123.54242535887802,295.49408835245913,7.035836339149392e-14,0.0,0,0.0,0,web,STEEL-062,0.0,3.81022122683538e-13,0.0,123.54242535889881,117.27510224587523,6.267323113023576,0.0,0.0,0.0,123.54242535889881,0.14712937753966582,0.027866594442342053,0.002523861321701342,0.010793292346906016,0.01079225856722652,0.0,1.83067926588814e-06,17,0,35239.800129787895,-4.082721716258675e-09,35239.80012978593,2.6806316947154774e-05,3,False,False,,2.467527596212847e-09,1.281168870793613e-11,2.1849192410377076e-16
TRUSS_LOWER_R02,truss_actuator,0.002,symmetric,,FIRST_NOMINAL_OR_MATERIAL_DOMAIN_LIMIT,34,0,TRUSS_LOWER_R02,actuator_0,0.6812576293945315,0.25,-0.06812576293945315,6235.473466554818,6235.473466554818,6.993155296359163e-08,0.5907201159946638,8,1.1318874999999997,0,top_chord,STEEL-009,0.0,4.637979073896831e-13,2.8924141639792644e-17,6235.112002075924,5916.726374135219,318.3856279407044,0.3619005352673427,0.3619005352673427,0.0,6235.473902611191,1.0000003728420228,0.29913579550432134,0.024518236490880838,0.07885030517265239,0.07891802150667962,6.771633402723187e-05,5.9843968623646965e-06,16,1,171492.59436561435,-136252.79423583052,35239.80012978593,2.7020980985379174e-05,3,False,False,"{'phase': 'actuator_0', 'phase_progress': 0.35000000000000003, 'gravity_factor': 0.25, 'actuator_offset_m': -0.035}",7.559509913832516e-08,1.3940387286601038e-12,1.0002638919075459e-16
TRUSS_LOWER_PLAIN,truss_actuator,0.0,symmetric,,FIRST_NOMINAL_OR_MATERIAL_DOMAIN_LIMIT,34,0,TRUSS_LOWER_PLAIN,actuator_0,0.6806419372558596,0.25,-0.06806419372558596,6221.095486871373,6221.095486871373,7.249295605157527e-08,0.5824136012433501,8,1.1318874999999997,0,top_chord,STEEL-009,0.0,6.458794120280482e-13,9.640463415021756e-17,6220.763625747801,5900.764006175413,319.9996195723875,0.332312109207723,0.332312109207723,0.0,6221.095937857008,1.0000000984502015,0.30103982523676553,0.0,0.07880080801129052,0.07886772351837049,6.691550707996208e-05,5.9520580672087426e-06,16,1,171229.0380704127,-135989.23794062916,35239.80012978593,2.7575515480972976e-05,3,False,False,"{'phase': 'actuator_0', 'phase_progress': 0.35000000000000003, 'gravity_factor': 0.25, 'actuator_offset_m': -0.035}",1.2319210847188084e-07,9.360206246709221e-13,1.6230947796478535e-16
TRUSS_LOWER_R01,truss_actuator,0.001,symmetric,,FIRST_NOMINAL_OR_MATERIAL_DOMAIN_LIMIT,34,0,TRUSS_LOWER_R01,actuator_0,0.6809524536132815,0.25,-0.06809524536132815,6228.339076820493,6228.339076820493,7.538331600864396e-08,0.5866772693240202,8,1.1318874999999997,0,top_chord,STEEL-009,0.0,7.525099979041361e-13,6.12835368121239e-17,6227.992404629599,5908.813602880028,319.178801749571,0.3471417037813629,0.3471417037813629,0.0,6228.339546333381,1.0000005441751654,0.3000857849618097,0.02463279079390649,0.07882578207887958,0.07889309751815128,6.73154392717007e-05,5.968274079083506e-06,16,1,171361.79577138735,-136121.99564160238,35239.80012978593,2.7295505110544186e-05,3,False,False,"{'phase': 'actuator_0', 'phase_progress': 0.35000000000000003, 'gravity_factor': 0.25, 'actuator_offset_m': -0.035}",8.28250446306579e-08,1.5936837395047375e-12,1.2797225193400956e-16
TRUSS_LOWER_R04,truss_actuator,0.004,symmetric,,FIRST_NOMINAL_OR_MATERIAL_DOMAIN_LIMIT,34,0,TRUSS_LOWER_R04,actuator_0,0.681853485107422,0.25,-0.0681853485107422,6249.440507418024,6249.440507418024,7.71073199791526e-08,0.598345937645937,8,1.1318874999999997,0,top_chord,STEEL-008,0.0,7.369832293748844e-13,1.6539361483634273e-17,6249.049153148713,5932.171193064871,316.8779600838424,0.39183614695674474,0.39183614695674474,0.0,6249.44098929567,1.0000000477378266,0.29727728682802873,0.024294689253710068,0.07889815072934074,0.07896666238408187,6.851165474112964e-05,6.016378655102788e-06,16,1,171748.6947256814,-136508.89459589813,35239.80012978593,2.6488215840661934e-05,4,False,False,"{'phase': 'actuator_0', 'phase_progress': 0.325, 'gravity_factor': 0.25, 'actuator_offset_m': -0.0325}",8.542562916571064e-08,1.4439153306910595e-12,1.3155355378247047e-16
TRUSS_LOWER_TOP,truss_actuator,0.002,top,,FIRST_NOMINAL_OR_MATERIAL_DOMAIN_LIMIT,34,0,TRUSS_LOWER_TOP,actuator_0,0.681578063964844,0.25,-0.0681578063964844,6244.798488255447,6244.798488255447,7.430483187443139e-08,0.605206287675123,8,1.1318874999999997,0,top_chord,STEEL-009,0.0,4.604032784419781e-13,8.882070140956798e-17,6244.388330134567,5925.518557146565,318.86977298800184,0.41062213961630745,0.41062213961630745,0.0,6244.798952274184,1.0000008447413018,0.2973643253262409,0.024251172859287465,0.07887221662217991,0.0789393187430404,6.710212086048772e-05,6.037765512911927e-06,16,1,171686.03212935457,-136446.23199956998,35239.80012978593,2.7022303213630378e-05,3,False,False,"{'phase': 'actuator_0', 'phase_progress': 0.325, 'gravity_factor': 0.25, 'actuator_offset_m': -0.0325}",8.366607275476106e-08,9.178013725101873e-13,1.4958695891978958e-16
TRUSS_CYCLE_R02,truss_cycle,0.002,symmetric,,END_WITHIN_CHECKED_LOCAL_DOMAIN_NOT_SAFETY_PROOF,86,0,TRUSS_CYCLE_R02,actuator_1,1.0,0.25,0.0,123.7591243853173,9914.244018765196,3.3370786553378844e-09,0.516761920541186,8,1.1318874999999997,0,web,STEEL-033,0.0,3.7176837740378556e-13,1.951156688462783e-17,123.54202239453333,117.27511958772303,6.266902806810306,0.21713507539607477,0.21713507539607477,0.0,123.7591574699294,0.14712919555177015,0.027859038138885156,0.0025233683198748824,0.010793293487975768,0.010792258567226466,0.0,1.8306792343114023e-06,17,0,35239.7610064941,0.039123290778206865,35239.80012978593,2.702815602144026e-05,3,False,False,"{'phase': 'actuator_0', 'phase_progress': 0.5500000000000002, 'gravity_factor': 0.25, 'actuator_offset_m': -0.03300000000000001}",2.5265649405867616e-08,1.3940387286601038e-12,1.4754402159344632e-16
