acquisition_sequence,document_id,expected_filename,book_number,group_id,subsystem,register_pdf_title,register_tower_label,register_hyperlink,register_evidence_class,local_identity_status,exact_visible_file_match_count,unique_source_hash_count,source_paths_json,source_sha256_json,working_copy_paths_json,drawing_page_content_read,tower_a_to_wtc1_mapping_verified,floor93_99_applicability_verified,as_built_or_revision_authority_verified,physical_assignment_count,solver_requirement_closed
1,WTCI-000013-L,WTCI-000013-L.pdf,3,CORE_COLUMN_BOOK3,core_vertical,Core Columns,A+B,https://archive.org/download/WTCI000013L/WTCI-000013-L.pdf,ARCHIVE_REGISTER_CLAIM_NOT_OFFICIAL_SOURCE,NOT_LOCALIZED_IN_BOUNDED_VISIBLE_FILESYSTEM_NAME_CHECK,0,0,[],[],[],NO,NO,NO,NO,0,NO
2,WTCI-000710-L,WTCI-000710-L.pdf,5,CORE_BEAM_BOOK5,core_inplane,"Beams,types,sched,typ,detail",A+B,https://ia801502.us.archive.org/34/items/WTCI000016L/Drawing%20Book%205/Book%205/WTCI-000710-L.pdf,ARCHIVE_REGISTER_CLAIM_NOT_OFFICIAL_SOURCE,NOT_LOCALIZED_IN_BOUNDED_VISIBLE_FILESYSTEM_NAME_CHECK,0,0,[],[],[],NO,NO,NO,NO,0,NO
3,WTCI-000020-L,WTCI-000020-L.pdf,6,CONNECTION_BOOK6,core_office_perimeter_connections,Various,A+B,https://ia801405.us.archive.org/21/items/WTCI000020L/Drawing%20Book%206/WTCI-000020-L.pdf,ARCHIVE_REGISTER_CLAIM_NOT_OFFICIAL_SOURCE,NOT_LOCALIZED_IN_BOUNDED_VISIBLE_FILESYSTEM_NAME_CHECK,0,0,[],[],[],NO,NO,NO,NO,0,NO
4,WTCI-000702-L,WTCI-000702-L.pdf,7,OFFICE_FLOOR_BOOK7,office_floor,Floor System,A+B,https://ia601507.us.archive.org/21/items/WTCI000131L002/Drawing%20Book%207/WTCI-000702-L.PDF,ARCHIVE_REGISTER_CLAIM_NOT_OFFICIAL_SOURCE,NOT_LOCALIZED_IN_BOUNDED_VISIBLE_FILESYSTEM_NAME_CHECK,0,0,[],[],[],NO,NO,NO,NO,0,NO
5,WTCI-000703-L,WTCI-000703-L.pdf,8,SLAB_REINFORCEMENT_BOOK8,office_floor_slab,Concrete Reinforcing,A+B,https://ia801401.us.archive.org/27/items/WTCI001067L/Drawing%20Book%208/WTCI-000703-L.pdf,ARCHIVE_REGISTER_CLAIM_NOT_OFFICIAL_SOURCE,NOT_LOCALIZED_IN_BOUNDED_VISIBLE_FILESYSTEM_NAME_CHECK,0,0,[],[],[],NO,NO,NO,NO,0,NO
6,WTCI-000705-L,WTCI-000705-L.pdf,11,TRUSS_DETAIL_BOOK11,office_floor_truss,Truss Details,A+B,https://ia801505.us.archive.org/17/items/WTCI000033L/Drawing%20Book%2011/WTCI-000705-L.pdf,ARCHIVE_REGISTER_CLAIM_NOT_OFFICIAL_SOURCE,NOT_LOCALIZED_IN_BOUNDED_VISIBLE_FILESYSTEM_NAME_CHECK,0,0,[],[],[],NO,NO,NO,NO,0,NO
7,WTCI-000721-L,WTCI-000721-L.pdf,1,PERIMETER_COLUMN_BOOK1,perimeter_columns,Exterior Columns to Elev 363,A+B,https://archive.org/download/WTCI000721L/Drawing%20Book%201/Book%201/WTCI-000721-L.pdf,ARCHIVE_REGISTER_CLAIM_NOT_OFFICIAL_SOURCE,NOT_LOCALIZED_IN_BOUNDED_VISIBLE_FILESYSTEM_NAME_CHECK,0,0,[],[],[],NO,NO,NO,NO,0,NO
8,WTCI-000722-L,WTCI-000722-L.pdf,2,PERIMETER_TREE_BOOK2,perimeter_wall_trees,Exterior Wall Trees,A+B,https://archive.org/download/WTCI000722L/Drawing%20Book%202/Book%202/WTCI-000722-L.pdf,ARCHIVE_REGISTER_CLAIM_NOT_OFFICIAL_SOURCE,NOT_LOCALIZED_IN_BOUNDED_VISIBLE_FILESYSTEM_NAME_CHECK,0,0,[],[],[],NO,NO,NO,NO,0,NO
9,WTCI-000709-L,WTCI-000709-L.pdf,4,PERIMETER_PANEL_BOOK4,perimeter_wall_panels,Exterior Wall Panels,A+B,https://archive.org/download/WTCI000017L/Drawing%20Book%204/WTCI-000709-L.pdf,ARCHIVE_REGISTER_CLAIM_NOT_OFFICIAL_SOURCE,NOT_LOCALIZED_IN_BOUNDED_VISIBLE_FILESYSTEM_NAME_CHECK,0,0,[],[],[],NO,NO,NO,NO,0,NO
