acquisition_sequence,document_id,book_number,register_content_summary,register_page_count,container_page_count,page_count_match,interpretation
1,WTCI-000013-L,3,"146 page PDF file, Core Column Schedule/Detail",146,146,YES,DIAGNOSTIC_REGISTER_CLAIM_COMPARISON_NOT_PROVENANCE_OR_AS_BUILT_VALIDATION
2,WTCI-000710-L,5,"036 page PDF file, Beams schedules,types, stud details",36,36,YES,DIAGNOSTIC_REGISTER_CLAIM_COMPARISON_NOT_PROVENANCE_OR_AS_BUILT_VALIDATION
3,WTCI-000020-L,6,"293 pg PDF file, Conns/Temp Elev/seats/louver/Anch",293,293,YES,DIAGNOSTIC_REGISTER_CLAIM_COMPARISON_NOT_PROVENANCE_OR_AS_BUILT_VALIDATION
4,WTCI-000702-L,7,"063 page PDF file, Index to Drawing Book 7",63,68,NO,DIAGNOSTIC_REGISTER_CLAIM_COMPARISON_NOT_PROVENANCE_OR_AS_BUILT_VALIDATION
5,WTCI-000703-L,8,"115 page PDF file, Index to Book 8 - Concrete Reinf.",115,115,YES,DIAGNOSTIC_REGISTER_CLAIM_COMPARISON_NOT_PROVENANCE_OR_AS_BUILT_VALIDATION
6,WTCI-000705-L,11,"018 page PDF file, Index to Book 11",18,18,YES,DIAGNOSTIC_REGISTER_CLAIM_COMPARISON_NOT_PROVENANCE_OR_AS_BUILT_VALIDATION
7,WTCI-000721-L,1,"039 page PDF file, schedules for exterior panels",39,39,YES,DIAGNOSTIC_REGISTER_CLAIM_COMPARISON_NOT_PROVENANCE_OR_AS_BUILT_VALIDATION
8,WTCI-000722-L,2,"029 page PDF file,  Schdl,Notes,Index For Trees",29,29,YES,DIAGNOSTIC_REGISTER_CLAIM_COMPARISON_NOT_PROVENANCE_OR_AS_BUILT_VALIDATION
9,WTCI-000709-L,4,"045 page PDF file, Schedules",45,45,YES,DIAGNOSTIC_REGISTER_CLAIM_COMPARISON_NOT_PROVENANCE_OR_AS_BUILT_VALIDATION
