target_id,status,documented_as_existing,public_exact_file_located,local_exact_file_located,exact_solver_ready_file_located,basis,limitation,measure_that_would_change_status
STRUCTURAL_RELATIONAL_DATABASES,PUBLIC_REPORT_ONLY_EXACT_INPUT_NOT_LOCATED,true,false,false,false,NCSTAR 1-2A décrit les WTC-DB et leurs bases relationnelles ; la collecte V10M et la recherche officielle ciblée n'ont trouvé que les rapports et pages de dépôt.,"Ni les fichiers MDB/XLS complets, ni les relations, requêtes, macros et contrôles d'intégrité ne sont disponibles comme paquet exact.","Obtenir un paquet officiel fichier par fichier avec hachages, schéma, relations, requêtes et documentation de version, puis le valider localement."
SAP2000_REFERENCE_MODEL_INPUTS,PUBLIC_REPORT_ONLY_EXACT_INPUT_NOT_LOCATED,true,false,false,false,NCSTAR 1-2A décrit les modèles SAP2000 version 8 et les tables programmatiquement générées.,"Aucun modèle SDB, jeu complet de tables importables, journal de version ou résultat de référence exact n'est localisé.","Acquérir les entrées SAP2000 exactes, leur version, leurs dépendances et des résultats de contrôle publiés, avec hachages."
TRUEGRID_COMMAND_FILES,PUBLIC_REPORT_ONLY_EXACT_INPUT_NOT_LOCATED,true,false,false,false,NCSTAR 1-2 et 1-2B décrivent des commandes TrueGrid et des générateurs Visual Basic pour les modèles d'impact.,Aucune hiérarchie de commandes TrueGrid ni source des générateurs WTC 1 n'est acquise.,"Obtenir les commandes TrueGrid, générateurs, données appelées et version du logiciel, puis reproduire un deck identique."
LSDYNA_WTC1_IMPACT_DECKS,PUBLIC_REPORT_ONLY_EXACT_INPUT_NOT_LOCATED,true,false,false,false,NCSTAR 1-2 décrit les modèles LS-DYNA et leur génération par TrueGrid.,"Les decks, cartes matériau, contacts, critères d'érosion, maillages et graines des scénarios WTC 1 ne sont pas disponibles.","Acquérir le deck WTC 1 complet et toutes ses inclusions, avec version LS-DYNA, hachages et résultats de contrôle."
ANSYS_WTC1_GLOBAL_MODEL_INPUTS,PUBLIC_REPORT_ONLY_EXACT_INPUT_NOT_LOCATED,true,false,false,false,NCSTAR 1-6D décrit les conversions SAP2000 vers ANSYS et les analyses globales WTC 1.,"Les bases ANSYS, scripts de conversion, paramètres de solution et étapes de chargement exactes ne sont pas acquis.","Obtenir les entrées ANSYS complètes, scripts et historiques de chargement avec version, hachages et résultats de validation."
FDS_WTC1_EVENT_INPUTS,PUBLIC_REPORT_ONLY_EXACT_INPUT_NOT_LOCATED,true,false,false,false,"NCSTAR 1-5F décrit les entrées, scénarios et calculs FDS WTC 1.","Aucun fichier FDS événementiel complet, variante de sensibilité ou état de redémarrage exact n'est acquis.","Obtenir les fichiers FDS WTC 1 et leurs dépendances, version du code, maillages et sorties de référence, tous hachés."
THERMAL_INTERFACE_TIME_HISTORIES,PUBLIC_REPORT_ONLY_EXACT_INPUT_NOT_LOCATED,true,false,false,false,NCSTAR 1-5F et 1-6D décrivent le passage de l'environnement FDS aux températures des éléments puis aux histoires thermiques structurelles.,"Les champs, pas de temps, identifiants d'éléments et fichiers d'interface exacts ne sont pas acquis.","Obtenir les fichiers d'interface température-temps avec repérage géométrique, unités, interpolation, hachages et cas de contrôle."
DRAWING_BOOK_5_EXACT_REVISION_SET,PARTIAL_PUBLIC_DRAWINGS_CHAIN_OR_REVISION_OPEN,true,false,false,false,"SP 1000-5 décrit le rôle du Book 5 ; V10I à V10L possèdent une copie candidate et des pages repérées, sans réception officielle fichier par fichier.","La copie candidate ne prouve pas encore le jeu de révisions faisant autorité, l'as-built ni les affectations complètes aux niveaux 93 à 99.","Obtenir un inventaire officiel ou une réception FOIA/PANYNJ liant chaque fichier Book 5 à ses révisions, puis transcrire et recouper les pages applicables."
DRAWING_BOOK_6_EXACT_REVISION_SET,PARTIAL_PUBLIC_DRAWINGS_CHAIN_OR_REVISION_OPEN,true,false,false,false,SP 1000-5 décrit le rôle du Book 6 ; les conteneurs locaux restent des copies candidates sans chaîne officielle exacte ni transcription mécanique complète.,"Les détails applicables, révisions, boulons, soudures, plaques et lois de rupture ne sont pas établis pour les niveaux 93 à 99.","Obtenir le jeu Book 6 officiel révisé et ses reçus, puis transcrire les détails applicables avec unités et contrôles croisés."
FULL_COLLAPSE_PROPAGATION_MODEL,NOT_CREATED_BY_NIST_FOR_TOWERS,false,false,false,false,La FAQ NIST spécifique aux tours borne l'analyse détaillée à la séquence menant à l'initiation et ne présente pas un modèle global complet de propagation WTC 1.,"Il n'existe donc pas, dans le périmètre déclaré du NIST, un deck de propagation totale WTC 1 que V10M pourrait simplement récupérer.","Construire et valider indépendamment un modèle de propagation complet, avec bilans d'énergie, études de convergence, modes d'arrêt et comparaison aux observables."
