ledger_id,track_id,case_id,category,quantity,reference_value,recomputed_value,unit,residual_reference_minus_recomputed,relative_residual,status,evidence_class,closure_scope,missing_for_full_closure
KIN-less_severe-mass_from_weight,OFFICIAL_MODEL_DEPENDENT_REFERENCE,less_severe,INCOMING_KINEMATICS,mass_from_weight,122206.8563254,122206.8563254,kg,0.0,0.0,PASS_ARITHMETIC_REPLAY,OFFICIAL_INPUT_TRANSCRIPTION_WITH_DERIVED_KINEMATICS,incoming aircraft scalar accounting only,"postimpact velocities, tower reaction impulse and internal-energy histories"
KIN-less_severe-speed_from_mph,OFFICIAL_MODEL_DEPENDENT_REFERENCE,less_severe,INCOMING_KINEMATICS,speed_from_mph,185.07456,185.07456,m/s,0.0,0.0,PASS_ARITHMETIC_REPLAY,OFFICIAL_INPUT_TRANSCRIPTION_WITH_DERIVED_KINEMATICS,incoming aircraft scalar accounting only,"postimpact velocities, tower reaction impulse and internal-energy histories"
KIN-less_severe-incoming_scalar_momentum,OFFICIAL_MODEL_DEPENDENT_REFERENCE,less_severe,INCOMING_KINEMATICS,incoming_scalar_momentum,22.617380163406622,22.617380163406622,MN s,0.0,0.0,PASS_ARITHMETIC_REPLAY,OFFICIAL_INPUT_TRANSCRIPTION_WITH_DERIVED_KINEMATICS,incoming aircraft scalar accounting only,"postimpact velocities, tower reaction impulse and internal-energy histories"
KIN-less_severe-incoming_scalar_kinetic_energy,OFFICIAL_MODEL_DEPENDENT_REFERENCE,less_severe,INCOMING_KINEMATICS,incoming_scalar_kinetic_energy,2.0929508410476045,2.0929508410476045,GJ,0.0,0.0,PASS_ARITHMETIC_REPLAY,OFFICIAL_INPUT_TRANSCRIPTION_WITH_DERIVED_KINEMATICS,incoming aircraft scalar accounting only,"postimpact velocities, tower reaction impulse and internal-energy histories"
KIN-less_severe-reported-components-momentum,OFFICIAL_MODEL_DEPENDENT_REFERENCE,less_severe,INCOMING_COMPONENT_ACCOUNTING,reported_normal_plus_vertical_momentum_magnitude,22.617380163406622,22.6170872723782,MN s,0.00029289102842255943,1.2949821168785814e-05,PARTIAL_RESIDUAL_RETAINED,DERIVED_FROM_CACHED_COMPONENTS,only the recorded normal and downward components,lateral component is not separately recorded in the cached derived kinematics
KIN-less_severe-reported-components-energy,OFFICIAL_MODEL_DEPENDENT_REFERENCE,less_severe,INCOMING_COMPONENT_ACCOUNTING,reported_normal_plus_vertical_kinetic_energy,2.0929508410476045,2.0928966347203737,GJ,5.420632723085461e-05,2.5899474640179415e-05,PARTIAL_RESIDUAL_RETAINED,DERIVED_FROM_CACHED_COMPONENTS,only the recorded normal and vertical components,lateral component is not separately recorded in the cached derived kinematics
KIN-base-mass_from_weight,OFFICIAL_MODEL_DEPENDENT_REFERENCE,base,INCOMING_KINEMATICS,mass_from_weight,128638.796132,128638.796132,kg,0.0,0.0,PASS_ARITHMETIC_REPLAY,OFFICIAL_INPUT_TRANSCRIPTION_WITH_DERIVED_KINEMATICS,incoming aircraft scalar accounting only,"postimpact velocities, tower reaction impulse and internal-energy histories"
KIN-base-speed_from_mph,OFFICIAL_MODEL_DEPENDENT_REFERENCE,base,INCOMING_KINEMATICS,speed_from_mph,198.03871999999998,198.03871999999998,m/s,0.0,0.0,PASS_ARITHMETIC_REPLAY,OFFICIAL_INPUT_TRANSCRIPTION_WITH_DERIVED_KINEMATICS,incoming aircraft scalar accounting only,"postimpact velocities, tower reaction impulse and internal-energy histories"
KIN-base-incoming_scalar_momentum,OFFICIAL_MODEL_DEPENDENT_REFERENCE,base,INCOMING_KINEMATICS,incoming_scalar_momentum,25.475462528322232,25.475462528322232,MN s,0.0,0.0,PASS_ARITHMETIC_REPLAY,OFFICIAL_INPUT_TRANSCRIPTION_WITH_DERIVED_KINEMATICS,incoming aircraft scalar accounting only,"postimpact velocities, tower reaction impulse and internal-energy histories"
KIN-base-incoming_scalar_kinetic_energy,OFFICIAL_MODEL_DEPENDENT_REFERENCE,base,INCOMING_KINEMATICS,incoming_scalar_kinetic_energy,2.5225639952584484,2.5225639952584484,GJ,0.0,0.0,PASS_ARITHMETIC_REPLAY,OFFICIAL_INPUT_TRANSCRIPTION_WITH_DERIVED_KINEMATICS,incoming aircraft scalar accounting only,"postimpact velocities, tower reaction impulse and internal-energy histories"
KIN-base-reported-components-momentum,OFFICIAL_MODEL_DEPENDENT_REFERENCE,base,INCOMING_COMPONENT_ACCOUNTING,reported_normal_plus_vertical_momentum_magnitude,25.475462528322232,25.475125133711387,MN s,0.00033739461084536515,1.3243905207619614e-05,PARTIAL_RESIDUAL_RETAINED,DERIVED_FROM_CACHED_COMPONENTS,only the recorded normal and downward components,lateral component is not separately recorded in the cached derived kinematics
KIN-base-reported-components-energy,OFFICIAL_MODEL_DEPENDENT_REFERENCE,base,INCOMING_COMPONENT_ACCOUNTING,reported_normal_plus_vertical_kinetic_energy,2.5225639952584484,2.5224971785040426,GJ,6.681675440578516e-05,2.6487635013968982e-05,PARTIAL_RESIDUAL_RETAINED,DERIVED_FROM_CACHED_COMPONENTS,only the recorded normal and vertical components,lateral component is not separately recorded in the cached derived kinematics
KIN-more_severe-mass_from_weight,OFFICIAL_MODEL_DEPENDENT_REFERENCE,more_severe,INCOMING_KINEMATICS,mass_from_weight,135070.7359386,135070.7359386,kg,0.0,0.0,PASS_ARITHMETIC_REPLAY,OFFICIAL_INPUT_TRANSCRIPTION_WITH_DERIVED_KINEMATICS,incoming aircraft scalar accounting only,"postimpact velocities, tower reaction impulse and internal-energy histories"
KIN-more_severe-speed_from_mph,OFFICIAL_MODEL_DEPENDENT_REFERENCE,more_severe,INCOMING_KINEMATICS,speed_from_mph,211.00288,211.00288,m/s,0.0,0.0,PASS_ARITHMETIC_REPLAY,OFFICIAL_INPUT_TRANSCRIPTION_WITH_DERIVED_KINEMATICS,incoming aircraft scalar accounting only,"postimpact velocities, tower reaction impulse and internal-energy histories"
KIN-more_severe-incoming_scalar_momentum,OFFICIAL_MODEL_DEPENDENT_REFERENCE,more_severe,INCOMING_KINEMATICS,incoming_scalar_momentum,28.500314286764105,28.500314286764105,MN s,0.0,0.0,PASS_ARITHMETIC_REPLAY,OFFICIAL_INPUT_TRANSCRIPTION_WITH_DERIVED_KINEMATICS,incoming aircraft scalar accounting only,"postimpact velocities, tower reaction impulse and internal-energy histories"
KIN-more_severe-incoming_scalar_kinetic_energy,OFFICIAL_MODEL_DEPENDENT_REFERENCE,more_severe,INCOMING_KINEMATICS,incoming_scalar_kinetic_energy,3.0068241977061865,3.0068241977061865,GJ,0.0,0.0,PASS_ARITHMETIC_REPLAY,OFFICIAL_INPUT_TRANSCRIPTION_WITH_DERIVED_KINEMATICS,incoming aircraft scalar accounting only,"postimpact velocities, tower reaction impulse and internal-energy histories"
KIN-more_severe-reported-components-momentum,OFFICIAL_MODEL_DEPENDENT_REFERENCE,more_severe,INCOMING_COMPONENT_ACCOUNTING,reported_normal_plus_vertical_momentum_magnitude,28.500314286764105,28.499930445148618,MN s,0.00038384161548776774,1.3467978339664432e-05,PARTIAL_RESIDUAL_RETAINED,DERIVED_FROM_CACHED_COMPONENTS,only the recorded normal and downward components,lateral component is not separately recorded in the cached derived kinematics
KIN-more_severe-reported-components-energy,OFFICIAL_MODEL_DEPENDENT_REFERENCE,more_severe,INCOMING_COMPONENT_ACCOUNTING,reported_normal_plus_vertical_kinetic_energy,3.0068241977061865,3.0067432065652517,GJ,8.099114093473858e-05,2.693577529292342e-05,PARTIAL_RESIDUAL_RETAINED,DERIVED_FROM_CACHED_COMPONENTS,only the recorded normal and vertical components,lateral component is not separately recorded in the cached derived kinematics
MASS-base-component_weight_sum,OFFICIAL_MODEL_DEPENDENT_REFERENCE,base,BASE_COMPONENT_ACCOUNTING,component_weight_sum,283600.0,283600.0,lb,0.0,0.0,PASS_COMPONENT_ACCOUNTING,CACHED_V8S_COMPONENT_BREAKDOWN,incoming aircraft component accounting at common translational speed,"component deformation, rotation, separation and postimpact velocities"
MASS-base-component_mass_sum,OFFICIAL_MODEL_DEPENDENT_REFERENCE,base,BASE_COMPONENT_ACCOUNTING,component_mass_sum,128638.796132,128638.796132,kg,0.0,0.0,PASS_COMPONENT_ACCOUNTING,CACHED_V8S_COMPONENT_BREAKDOWN,incoming aircraft component accounting at common translational speed,"component deformation, rotation, separation and postimpact velocities"
MASS-base-component_mass_fraction_sum,OFFICIAL_MODEL_DEPENDENT_REFERENCE,base,BASE_COMPONENT_ACCOUNTING,component_mass_fraction_sum,1.0,1.0,1,0.0,0.0,PASS_COMPONENT_ACCOUNTING,CACHED_V8S_COMPONENT_BREAKDOWN,incoming aircraft component accounting at common translational speed,"component deformation, rotation, separation and postimpact velocities"
MASS-base-component_translational_energy_sum,OFFICIAL_MODEL_DEPENDENT_REFERENCE,base,BASE_COMPONENT_ACCOUNTING,component_translational_energy_sum,2.5225639952584484,2.522563995258449,GJ,-4.440892098500626e-16,-1.7604675666694576e-16,PASS_COMPONENT_ACCOUNTING,CACHED_V8S_COMPONENT_BREAKDOWN,incoming aircraft component accounting at common translational speed,"component deformation, rotation, separation and postimpact velocities"
DIST-base-fuel_distribution_bin_sum,OFFICIAL_MODEL_DEPENDENT_REFERENCE,base,PUBLISHED_BASE_DISTRIBUTION,fuel_distribution_bin_sum,66100.0,66080.0,lb,20.0,0.000302571860816944,PUBLISHED_BIN_ROUNDING_RESIDUAL_RETAINED,OFFICIAL_MODEL_OUTPUT_TRANSCRIPTION,published rounded fuel/debris table only; outside combines impact-face rebound and south-side passage,20 lb difference between stated total and displayed bins
DIST-base-aircraft_debris_distribution_bin_sum,OFFICIAL_MODEL_DEPENDENT_REFERENCE,base,PUBLISHED_BASE_DISTRIBUTION,aircraft_debris_distribution_bin_sum,196000.0,195750.0,lb,250.0,0.0012755102040816326,PUBLISHED_BIN_ROUNDING_RESIDUAL_RETAINED,OFFICIAL_MODEL_OUTPUT_TRANSCRIPTION,published rounded fuel/debris table only; outside combines impact-face rebound and south-side passage,250 lb difference between stated total and displayed bins
DIST-base-nonfuel_aircraft_mass_vs_stated_debris_total,OFFICIAL_MODEL_DEPENDENT_REFERENCE,base,PUBLISHED_BASE_DISTRIBUTION,nonfuel_aircraft_mass_vs_stated_debris_total,217500.0,196000.0,lb,21500.0,0.09885057471264368,PARTIAL_TABLE_ACCOUNTING_NOT_FULL_MASS_LEDGER,OFFICIAL_MODEL_OUTPUT_TRANSCRIPTION,published rounded fuel/debris table only; outside combines impact-face rebound and south-side passage,"21,500 lb of nonfuel aircraft mass is outside the stated debris total; disposition is not resolved by this table"
POST-base-full_postimpact_mass_conservation,UNKNOWN_PHYSICAL_DAMAGE,base_envelope,FULL_POSTIMPACT_CONSERVATION,full_postimpact_mass_conservation,,,not computable,,,INDETERMINATE_MISSING_REQUIRED_OUTPUTS,UNKNOWN,full physical impact event,"object-by-object retained/rebounded/exiting masses and treatment of the 21,500 lb not in the stated debris total"
POST-base-full_postimpact_vector_momentum_conservation,UNKNOWN_PHYSICAL_DAMAGE,base_envelope,FULL_POSTIMPACT_CONSERVATION,full_postimpact_vector_momentum_conservation,,,not computable,,,INDETERMINATE_MISSING_REQUIRED_OUTPUTS,UNKNOWN,full physical impact event,"object-by-object exit/rebound velocities, tower reaction impulse and complete time history"
POST-base-full_postimpact_energy_conservation,UNKNOWN_PHYSICAL_DAMAGE,base_envelope,FULL_POSTIMPACT_CONSERVATION,full_postimpact_energy_conservation,,,not computable,,,INDETERMINATE_MISSING_REQUIRED_OUTPUTS,UNKNOWN,full physical impact event,"kinetic, elastic, plastic, fracture, thermal, acoustic and numerical-energy histories"
