record_type,time_min,elastic_modulus_tail,field_or_gamma,maximum_assigned_or_supported_temperature_c,declared_modulus_domain_status,tail_pair_outcome_identical,system_equilibrium_all_floors,system_no_equilibrium_fraction,failed_floor_count,v8e_fraction_is_event_probability,cold_gate_passed,result_physically_authorized,withheld_reason
DETERMINISTIC_CASE,20,hold_e600_upper_bound,uniform_min,28.0,INSIDE_0_600_C,True,True,,0,False,False,False,FAILED_COLD_GATE_AND_SYNTHETIC_FIELD
DETERMINISTIC_CASE,20,hold_e600_upper_bound,uniform_midpoint,461.5,INSIDE_0_600_C,True,False,,3,False,False,False,FAILED_COLD_GATE_AND_SYNTHETIC_FIELD
DETERMINISTIC_CASE,20,hold_e600_upper_bound,uniform_max,896.0,EXCEEDS_600_C,False,False,,4,False,False,False,FAILED_COLD_GATE_SYNTHETIC_FIELD_AND_UNDECLARED_MODULUS_TAIL
DETERMINISTIC_CASE,20,hold_e600_upper_bound,damage_centered,896.0,EXCEEDS_600_C,False,True,,0,False,False,False,FAILED_COLD_GATE_SYNTHETIC_FIELD_AND_UNDECLARED_MODULUS_TAIL
DETERMINISTIC_CASE,20,hold_e600_upper_bound,north_hotspot,896.0,EXCEEDS_600_C,False,False,,2,False,False,False,FAILED_COLD_GATE_SYNTHETIC_FIELD_AND_UNDECLARED_MODULUS_TAIL
DETERMINISTIC_CASE,20,hold_e600_upper_bound,south_hotspot,896.0,EXCEEDS_600_C,False,False,,4,False,False,False,FAILED_COLD_GATE_SYNTHETIC_FIELD_AND_UNDECLARED_MODULUS_TAIL
DETERMINISTIC_CASE,20,hold_e600_upper_bound,capacity_targeted,896.0,EXCEEDS_600_C,False,False,,1,False,False,False,FAILED_COLD_GATE_SYNTHETIC_FIELD_AND_UNDECLARED_MODULUS_TAIL
DETERMINISTIC_CASE,20,linear_to_5pct_at_1000c,uniform_min,28.0,INSIDE_0_600_C,True,True,,0,False,False,False,FAILED_COLD_GATE_AND_SYNTHETIC_FIELD
DETERMINISTIC_CASE,20,linear_to_5pct_at_1000c,uniform_midpoint,461.5,INSIDE_0_600_C,True,False,,3,False,False,False,FAILED_COLD_GATE_AND_SYNTHETIC_FIELD
DETERMINISTIC_CASE,20,linear_to_5pct_at_1000c,uniform_max,896.0,EXCEEDS_600_C,False,False,,4,False,False,False,FAILED_COLD_GATE_SYNTHETIC_FIELD_AND_UNDECLARED_MODULUS_TAIL
DETERMINISTIC_CASE,20,linear_to_5pct_at_1000c,damage_centered,896.0,EXCEEDS_600_C,False,True,,0,False,False,False,FAILED_COLD_GATE_SYNTHETIC_FIELD_AND_UNDECLARED_MODULUS_TAIL
DETERMINISTIC_CASE,20,linear_to_5pct_at_1000c,north_hotspot,896.0,EXCEEDS_600_C,False,False,,2,False,False,False,FAILED_COLD_GATE_SYNTHETIC_FIELD_AND_UNDECLARED_MODULUS_TAIL
DETERMINISTIC_CASE,20,linear_to_5pct_at_1000c,south_hotspot,896.0,EXCEEDS_600_C,False,False,,4,False,False,False,FAILED_COLD_GATE_SYNTHETIC_FIELD_AND_UNDECLARED_MODULUS_TAIL
DETERMINISTIC_CASE,20,linear_to_5pct_at_1000c,capacity_targeted,896.0,EXCEEDS_600_C,False,False,,1,False,False,False,FAILED_COLD_GATE_SYNTHETIC_FIELD_AND_UNDECLARED_MODULUS_TAIL
DETERMINISTIC_CASE,40,hold_e600_upper_bound,uniform_min,31.0,INSIDE_0_600_C,True,True,,0,False,False,False,FAILED_COLD_GATE_AND_SYNTHETIC_FIELD
DETERMINISTIC_CASE,40,hold_e600_upper_bound,uniform_midpoint,484.0,INSIDE_0_600_C,True,False,,2,False,False,False,FAILED_COLD_GATE_AND_SYNTHETIC_FIELD
DETERMINISTIC_CASE,40,hold_e600_upper_bound,uniform_max,938.0,EXCEEDS_600_C,False,False,,4,False,False,False,FAILED_COLD_GATE_SYNTHETIC_FIELD_AND_UNDECLARED_MODULUS_TAIL
DETERMINISTIC_CASE,40,hold_e600_upper_bound,damage_centered,938.0,EXCEEDS_600_C,False,True,,0,False,False,False,FAILED_COLD_GATE_SYNTHETIC_FIELD_AND_UNDECLARED_MODULUS_TAIL
DETERMINISTIC_CASE,40,hold_e600_upper_bound,north_hotspot,938.0,EXCEEDS_600_C,False,True,,0,False,False,False,FAILED_COLD_GATE_SYNTHETIC_FIELD_AND_UNDECLARED_MODULUS_TAIL
DETERMINISTIC_CASE,40,hold_e600_upper_bound,south_hotspot,938.0,EXCEEDS_600_C,False,False,,2,False,False,False,FAILED_COLD_GATE_SYNTHETIC_FIELD_AND_UNDECLARED_MODULUS_TAIL
DETERMINISTIC_CASE,40,hold_e600_upper_bound,capacity_targeted,938.0,EXCEEDS_600_C,False,False,,1,False,False,False,FAILED_COLD_GATE_SYNTHETIC_FIELD_AND_UNDECLARED_MODULUS_TAIL
DETERMINISTIC_CASE,40,linear_to_5pct_at_1000c,uniform_min,31.0,INSIDE_0_600_C,True,True,,0,False,False,False,FAILED_COLD_GATE_AND_SYNTHETIC_FIELD
DETERMINISTIC_CASE,40,linear_to_5pct_at_1000c,uniform_midpoint,484.0,INSIDE_0_600_C,True,False,,2,False,False,False,FAILED_COLD_GATE_AND_SYNTHETIC_FIELD
DETERMINISTIC_CASE,40,linear_to_5pct_at_1000c,uniform_max,938.0,EXCEEDS_600_C,False,False,,4,False,False,False,FAILED_COLD_GATE_SYNTHETIC_FIELD_AND_UNDECLARED_MODULUS_TAIL
DETERMINISTIC_CASE,40,linear_to_5pct_at_1000c,damage_centered,938.0,EXCEEDS_600_C,False,True,,0,False,False,False,FAILED_COLD_GATE_SYNTHETIC_FIELD_AND_UNDECLARED_MODULUS_TAIL
DETERMINISTIC_CASE,40,linear_to_5pct_at_1000c,north_hotspot,938.0,EXCEEDS_600_C,False,True,,0,False,False,False,FAILED_COLD_GATE_SYNTHETIC_FIELD_AND_UNDECLARED_MODULUS_TAIL
DETERMINISTIC_CASE,40,linear_to_5pct_at_1000c,south_hotspot,938.0,EXCEEDS_600_C,False,False,,2,False,False,False,FAILED_COLD_GATE_SYNTHETIC_FIELD_AND_UNDECLARED_MODULUS_TAIL
DETERMINISTIC_CASE,40,linear_to_5pct_at_1000c,capacity_targeted,938.0,EXCEEDS_600_C,False,False,,1,False,False,False,FAILED_COLD_GATE_SYNTHETIC_FIELD_AND_UNDECLARED_MODULUS_TAIL
DETERMINISTIC_CASE,60,hold_e600_upper_bound,uniform_min,36.0,INSIDE_0_600_C,True,True,,0,False,False,False,FAILED_COLD_GATE_AND_SYNTHETIC_FIELD
DETERMINISTIC_CASE,60,hold_e600_upper_bound,uniform_midpoint,475.0,INSIDE_0_600_C,True,False,,1,False,False,False,FAILED_COLD_GATE_AND_SYNTHETIC_FIELD
DETERMINISTIC_CASE,60,hold_e600_upper_bound,uniform_max,916.0,EXCEEDS_600_C,False,False,,4,False,False,False,FAILED_COLD_GATE_SYNTHETIC_FIELD_AND_UNDECLARED_MODULUS_TAIL
DETERMINISTIC_CASE,60,hold_e600_upper_bound,damage_centered,916.0,EXCEEDS_600_C,False,True,,0,False,False,False,FAILED_COLD_GATE_SYNTHETIC_FIELD_AND_UNDECLARED_MODULUS_TAIL
DETERMINISTIC_CASE,60,hold_e600_upper_bound,north_hotspot,916.0,EXCEEDS_600_C,False,True,,0,False,False,False,FAILED_COLD_GATE_SYNTHETIC_FIELD_AND_UNDECLARED_MODULUS_TAIL
DETERMINISTIC_CASE,60,hold_e600_upper_bound,south_hotspot,916.0,EXCEEDS_600_C,False,False,,1,False,False,False,FAILED_COLD_GATE_SYNTHETIC_FIELD_AND_UNDECLARED_MODULUS_TAIL
DETERMINISTIC_CASE,60,hold_e600_upper_bound,capacity_targeted,916.0,EXCEEDS_600_C,False,False,,1,False,False,False,FAILED_COLD_GATE_SYNTHETIC_FIELD_AND_UNDECLARED_MODULUS_TAIL
DETERMINISTIC_CASE,60,linear_to_5pct_at_1000c,uniform_min,36.0,INSIDE_0_600_C,True,True,,0,False,False,False,FAILED_COLD_GATE_AND_SYNTHETIC_FIELD
DETERMINISTIC_CASE,60,linear_to_5pct_at_1000c,uniform_midpoint,475.0,INSIDE_0_600_C,True,False,,1,False,False,False,FAILED_COLD_GATE_AND_SYNTHETIC_FIELD
DETERMINISTIC_CASE,60,linear_to_5pct_at_1000c,uniform_max,916.0,EXCEEDS_600_C,False,False,,4,False,False,False,FAILED_COLD_GATE_SYNTHETIC_FIELD_AND_UNDECLARED_MODULUS_TAIL
DETERMINISTIC_CASE,60,linear_to_5pct_at_1000c,damage_centered,916.0,EXCEEDS_600_C,False,True,,0,False,False,False,FAILED_COLD_GATE_SYNTHETIC_FIELD_AND_UNDECLARED_MODULUS_TAIL
DETERMINISTIC_CASE,60,linear_to_5pct_at_1000c,north_hotspot,916.0,EXCEEDS_600_C,False,True,,0,False,False,False,FAILED_COLD_GATE_SYNTHETIC_FIELD_AND_UNDECLARED_MODULUS_TAIL
DETERMINISTIC_CASE,60,linear_to_5pct_at_1000c,south_hotspot,916.0,EXCEEDS_600_C,False,False,,1,False,False,False,FAILED_COLD_GATE_SYNTHETIC_FIELD_AND_UNDECLARED_MODULUS_TAIL
DETERMINISTIC_CASE,60,linear_to_5pct_at_1000c,capacity_targeted,916.0,EXCEEDS_600_C,False,False,,1,False,False,False,FAILED_COLD_GATE_SYNTHETIC_FIELD_AND_UNDECLARED_MODULUS_TAIL
DETERMINISTIC_CASE,80,hold_e600_upper_bound,uniform_min,44.0,INSIDE_0_600_C,True,True,,0,False,False,False,FAILED_COLD_GATE_AND_SYNTHETIC_FIELD
DETERMINISTIC_CASE,80,hold_e600_upper_bound,uniform_midpoint,445.0,INSIDE_0_600_C,True,False,,1,False,False,False,FAILED_COLD_GATE_AND_SYNTHETIC_FIELD
DETERMINISTIC_CASE,80,hold_e600_upper_bound,uniform_max,861.0,EXCEEDS_600_C,False,False,,4,False,False,False,FAILED_COLD_GATE_SYNTHETIC_FIELD_AND_UNDECLARED_MODULUS_TAIL
DETERMINISTIC_CASE,80,hold_e600_upper_bound,damage_centered,861.0,EXCEEDS_600_C,False,True,,0,False,False,False,FAILED_COLD_GATE_SYNTHETIC_FIELD_AND_UNDECLARED_MODULUS_TAIL
DETERMINISTIC_CASE,80,hold_e600_upper_bound,north_hotspot,861.0,EXCEEDS_600_C,False,True,,0,False,False,False,FAILED_COLD_GATE_SYNTHETIC_FIELD_AND_UNDECLARED_MODULUS_TAIL
DETERMINISTIC_CASE,80,hold_e600_upper_bound,south_hotspot,861.0,EXCEEDS_600_C,False,False,,1,False,False,False,FAILED_COLD_GATE_SYNTHETIC_FIELD_AND_UNDECLARED_MODULUS_TAIL
DETERMINISTIC_CASE,80,hold_e600_upper_bound,capacity_targeted,861.0,EXCEEDS_600_C,False,False,,1,False,False,False,FAILED_COLD_GATE_SYNTHETIC_FIELD_AND_UNDECLARED_MODULUS_TAIL
DETERMINISTIC_CASE,80,linear_to_5pct_at_1000c,uniform_min,44.0,INSIDE_0_600_C,True,True,,0,False,False,False,FAILED_COLD_GATE_AND_SYNTHETIC_FIELD
DETERMINISTIC_CASE,80,linear_to_5pct_at_1000c,uniform_midpoint,445.0,INSIDE_0_600_C,True,False,,1,False,False,False,FAILED_COLD_GATE_AND_SYNTHETIC_FIELD
DETERMINISTIC_CASE,80,linear_to_5pct_at_1000c,uniform_max,861.0,EXCEEDS_600_C,False,False,,4,False,False,False,FAILED_COLD_GATE_SYNTHETIC_FIELD_AND_UNDECLARED_MODULUS_TAIL
DETERMINISTIC_CASE,80,linear_to_5pct_at_1000c,damage_centered,861.0,EXCEEDS_600_C,False,True,,0,False,False,False,FAILED_COLD_GATE_SYNTHETIC_FIELD_AND_UNDECLARED_MODULUS_TAIL
DETERMINISTIC_CASE,80,linear_to_5pct_at_1000c,north_hotspot,861.0,EXCEEDS_600_C,False,True,,0,False,False,False,FAILED_COLD_GATE_SYNTHETIC_FIELD_AND_UNDECLARED_MODULUS_TAIL
DETERMINISTIC_CASE,80,linear_to_5pct_at_1000c,south_hotspot,861.0,EXCEEDS_600_C,False,False,,1,False,False,False,FAILED_COLD_GATE_SYNTHETIC_FIELD_AND_UNDECLARED_MODULUS_TAIL
DETERMINISTIC_CASE,80,linear_to_5pct_at_1000c,capacity_targeted,861.0,EXCEEDS_600_C,False,False,,1,False,False,False,FAILED_COLD_GATE_SYNTHETIC_FIELD_AND_UNDECLARED_MODULUS_TAIL
DETERMINISTIC_CASE,100,hold_e600_upper_bound,uniform_min,52.0,INSIDE_0_600_C,True,True,,0,False,False,False,FAILED_COLD_GATE_AND_SYNTHETIC_FIELD
DETERMINISTIC_CASE,100,hold_e600_upper_bound,uniform_midpoint,473.0,INSIDE_0_600_C,True,False,,1,False,False,False,FAILED_COLD_GATE_AND_SYNTHETIC_FIELD
DETERMINISTIC_CASE,100,hold_e600_upper_bound,uniform_max,904.0,EXCEEDS_600_C,False,False,,4,False,False,False,FAILED_COLD_GATE_SYNTHETIC_FIELD_AND_UNDECLARED_MODULUS_TAIL
DETERMINISTIC_CASE,100,hold_e600_upper_bound,damage_centered,904.0,EXCEEDS_600_C,False,True,,0,False,False,False,FAILED_COLD_GATE_SYNTHETIC_FIELD_AND_UNDECLARED_MODULUS_TAIL
DETERMINISTIC_CASE,100,hold_e600_upper_bound,north_hotspot,904.0,EXCEEDS_600_C,False,True,,0,False,False,False,FAILED_COLD_GATE_SYNTHETIC_FIELD_AND_UNDECLARED_MODULUS_TAIL
DETERMINISTIC_CASE,100,hold_e600_upper_bound,south_hotspot,904.0,EXCEEDS_600_C,False,False,,1,False,False,False,FAILED_COLD_GATE_SYNTHETIC_FIELD_AND_UNDECLARED_MODULUS_TAIL
DETERMINISTIC_CASE,100,hold_e600_upper_bound,capacity_targeted,904.0,EXCEEDS_600_C,False,False,,1,False,False,False,FAILED_COLD_GATE_SYNTHETIC_FIELD_AND_UNDECLARED_MODULUS_TAIL
DETERMINISTIC_CASE,100,linear_to_5pct_at_1000c,uniform_min,52.0,INSIDE_0_600_C,True,True,,0,False,False,False,FAILED_COLD_GATE_AND_SYNTHETIC_FIELD
DETERMINISTIC_CASE,100,linear_to_5pct_at_1000c,uniform_midpoint,473.0,INSIDE_0_600_C,True,False,,1,False,False,False,FAILED_COLD_GATE_AND_SYNTHETIC_FIELD
DETERMINISTIC_CASE,100,linear_to_5pct_at_1000c,uniform_max,904.0,EXCEEDS_600_C,False,False,,4,False,False,False,FAILED_COLD_GATE_SYNTHETIC_FIELD_AND_UNDECLARED_MODULUS_TAIL
DETERMINISTIC_CASE,100,linear_to_5pct_at_1000c,damage_centered,904.0,EXCEEDS_600_C,False,True,,0,False,False,False,FAILED_COLD_GATE_SYNTHETIC_FIELD_AND_UNDECLARED_MODULUS_TAIL
DETERMINISTIC_CASE,100,linear_to_5pct_at_1000c,north_hotspot,904.0,EXCEEDS_600_C,False,True,,0,False,False,False,FAILED_COLD_GATE_SYNTHETIC_FIELD_AND_UNDECLARED_MODULUS_TAIL
DETERMINISTIC_CASE,100,linear_to_5pct_at_1000c,south_hotspot,904.0,EXCEEDS_600_C,False,False,,1,False,False,False,FAILED_COLD_GATE_SYNTHETIC_FIELD_AND_UNDECLARED_MODULUS_TAIL
DETERMINISTIC_CASE,100,linear_to_5pct_at_1000c,capacity_targeted,904.0,EXCEEDS_600_C,False,False,,1,False,False,False,FAILED_COLD_GATE_SYNTHETIC_FIELD_AND_UNDECLARED_MODULUS_TAIL
SMOOTH_FIELD_AGGREGATE,20,hold_e600_upper_bound,0.5,896.0,EXCEEDS_600_C,True,,0.995,,False,False,False,FAILED_COLD_GATE_SYNTHETIC_ENSEMBLE_AND_UNDECLARED_MODULUS_TAIL
SMOOTH_FIELD_AGGREGATE,20,hold_e600_upper_bound,1.0,896.0,EXCEEDS_600_C,True,,0.925,,False,False,False,FAILED_COLD_GATE_SYNTHETIC_ENSEMBLE_AND_UNDECLARED_MODULUS_TAIL
SMOOTH_FIELD_AGGREGATE,20,hold_e600_upper_bound,2.0,896.0,EXCEEDS_600_C,False,,0.775,,False,False,False,FAILED_COLD_GATE_SYNTHETIC_ENSEMBLE_AND_UNDECLARED_MODULUS_TAIL
SMOOTH_FIELD_AGGREGATE,20,hold_e600_upper_bound,4.0,896.0,EXCEEDS_600_C,True,,0.565,,False,False,False,FAILED_COLD_GATE_SYNTHETIC_ENSEMBLE_AND_UNDECLARED_MODULUS_TAIL
SMOOTH_FIELD_AGGREGATE,20,linear_to_5pct_at_1000c,0.5,896.0,EXCEEDS_600_C,True,,0.995,,False,False,False,FAILED_COLD_GATE_SYNTHETIC_ENSEMBLE_AND_UNDECLARED_MODULUS_TAIL
SMOOTH_FIELD_AGGREGATE,20,linear_to_5pct_at_1000c,1.0,896.0,EXCEEDS_600_C,True,,0.925,,False,False,False,FAILED_COLD_GATE_SYNTHETIC_ENSEMBLE_AND_UNDECLARED_MODULUS_TAIL
SMOOTH_FIELD_AGGREGATE,20,linear_to_5pct_at_1000c,2.0,896.0,EXCEEDS_600_C,False,,0.775,,False,False,False,FAILED_COLD_GATE_SYNTHETIC_ENSEMBLE_AND_UNDECLARED_MODULUS_TAIL
SMOOTH_FIELD_AGGREGATE,20,linear_to_5pct_at_1000c,4.0,896.0,EXCEEDS_600_C,True,,0.565,,False,False,False,FAILED_COLD_GATE_SYNTHETIC_ENSEMBLE_AND_UNDECLARED_MODULUS_TAIL
SMOOTH_FIELD_AGGREGATE,40,hold_e600_upper_bound,0.5,938.0,EXCEEDS_600_C,True,,0.98,,False,False,False,FAILED_COLD_GATE_SYNTHETIC_ENSEMBLE_AND_UNDECLARED_MODULUS_TAIL
SMOOTH_FIELD_AGGREGATE,40,hold_e600_upper_bound,1.0,938.0,EXCEEDS_600_C,True,,0.825,,False,False,False,FAILED_COLD_GATE_SYNTHETIC_ENSEMBLE_AND_UNDECLARED_MODULUS_TAIL
SMOOTH_FIELD_AGGREGATE,40,hold_e600_upper_bound,2.0,938.0,EXCEEDS_600_C,False,,0.605,,False,False,False,FAILED_COLD_GATE_SYNTHETIC_ENSEMBLE_AND_UNDECLARED_MODULUS_TAIL
SMOOTH_FIELD_AGGREGATE,40,hold_e600_upper_bound,4.0,938.0,EXCEEDS_600_C,False,,0.345,,False,False,False,FAILED_COLD_GATE_SYNTHETIC_ENSEMBLE_AND_UNDECLARED_MODULUS_TAIL
SMOOTH_FIELD_AGGREGATE,40,linear_to_5pct_at_1000c,0.5,938.0,EXCEEDS_600_C,True,,0.98,,False,False,False,FAILED_COLD_GATE_SYNTHETIC_ENSEMBLE_AND_UNDECLARED_MODULUS_TAIL
SMOOTH_FIELD_AGGREGATE,40,linear_to_5pct_at_1000c,1.0,938.0,EXCEEDS_600_C,True,,0.825,,False,False,False,FAILED_COLD_GATE_SYNTHETIC_ENSEMBLE_AND_UNDECLARED_MODULUS_TAIL
SMOOTH_FIELD_AGGREGATE,40,linear_to_5pct_at_1000c,2.0,938.0,EXCEEDS_600_C,False,,0.605,,False,False,False,FAILED_COLD_GATE_SYNTHETIC_ENSEMBLE_AND_UNDECLARED_MODULUS_TAIL
SMOOTH_FIELD_AGGREGATE,40,linear_to_5pct_at_1000c,4.0,938.0,EXCEEDS_600_C,False,,0.35,,False,False,False,FAILED_COLD_GATE_SYNTHETIC_ENSEMBLE_AND_UNDECLARED_MODULUS_TAIL
SMOOTH_FIELD_AGGREGATE,60,hold_e600_upper_bound,0.5,916.0,EXCEEDS_600_C,False,,0.935,,False,False,False,FAILED_COLD_GATE_SYNTHETIC_ENSEMBLE_AND_UNDECLARED_MODULUS_TAIL
SMOOTH_FIELD_AGGREGATE,60,hold_e600_upper_bound,1.0,916.0,EXCEEDS_600_C,False,,0.755,,False,False,False,FAILED_COLD_GATE_SYNTHETIC_ENSEMBLE_AND_UNDECLARED_MODULUS_TAIL
SMOOTH_FIELD_AGGREGATE,60,hold_e600_upper_bound,2.0,916.0,EXCEEDS_600_C,False,,0.475,,False,False,False,FAILED_COLD_GATE_SYNTHETIC_ENSEMBLE_AND_UNDECLARED_MODULUS_TAIL
SMOOTH_FIELD_AGGREGATE,60,hold_e600_upper_bound,4.0,916.0,EXCEEDS_600_C,False,,0.22,,False,False,False,FAILED_COLD_GATE_SYNTHETIC_ENSEMBLE_AND_UNDECLARED_MODULUS_TAIL
SMOOTH_FIELD_AGGREGATE,60,linear_to_5pct_at_1000c,0.5,916.0,EXCEEDS_600_C,False,,0.935,,False,False,False,FAILED_COLD_GATE_SYNTHETIC_ENSEMBLE_AND_UNDECLARED_MODULUS_TAIL
SMOOTH_FIELD_AGGREGATE,60,linear_to_5pct_at_1000c,1.0,916.0,EXCEEDS_600_C,False,,0.76,,False,False,False,FAILED_COLD_GATE_SYNTHETIC_ENSEMBLE_AND_UNDECLARED_MODULUS_TAIL
SMOOTH_FIELD_AGGREGATE,60,linear_to_5pct_at_1000c,2.0,916.0,EXCEEDS_600_C,False,,0.475,,False,False,False,FAILED_COLD_GATE_SYNTHETIC_ENSEMBLE_AND_UNDECLARED_MODULUS_TAIL
SMOOTH_FIELD_AGGREGATE,60,linear_to_5pct_at_1000c,4.0,916.0,EXCEEDS_600_C,False,,0.225,,False,False,False,FAILED_COLD_GATE_SYNTHETIC_ENSEMBLE_AND_UNDECLARED_MODULUS_TAIL
SMOOTH_FIELD_AGGREGATE,80,hold_e600_upper_bound,0.5,861.0,EXCEEDS_600_C,False,,0.89,,False,False,False,FAILED_COLD_GATE_SYNTHETIC_ENSEMBLE_AND_UNDECLARED_MODULUS_TAIL
SMOOTH_FIELD_AGGREGATE,80,hold_e600_upper_bound,1.0,861.0,EXCEEDS_600_C,False,,0.705,,False,False,False,FAILED_COLD_GATE_SYNTHETIC_ENSEMBLE_AND_UNDECLARED_MODULUS_TAIL
SMOOTH_FIELD_AGGREGATE,80,hold_e600_upper_bound,2.0,861.0,EXCEEDS_600_C,True,,0.4,,False,False,False,FAILED_COLD_GATE_SYNTHETIC_ENSEMBLE_AND_UNDECLARED_MODULUS_TAIL
SMOOTH_FIELD_AGGREGATE,80,hold_e600_upper_bound,4.0,861.0,EXCEEDS_600_C,True,,0.17,,False,False,False,FAILED_COLD_GATE_SYNTHETIC_ENSEMBLE_AND_UNDECLARED_MODULUS_TAIL
SMOOTH_FIELD_AGGREGATE,80,linear_to_5pct_at_1000c,0.5,861.0,EXCEEDS_600_C,False,,0.89,,False,False,False,FAILED_COLD_GATE_SYNTHETIC_ENSEMBLE_AND_UNDECLARED_MODULUS_TAIL
SMOOTH_FIELD_AGGREGATE,80,linear_to_5pct_at_1000c,1.0,861.0,EXCEEDS_600_C,False,,0.7,,False,False,False,FAILED_COLD_GATE_SYNTHETIC_ENSEMBLE_AND_UNDECLARED_MODULUS_TAIL
SMOOTH_FIELD_AGGREGATE,80,linear_to_5pct_at_1000c,2.0,861.0,EXCEEDS_600_C,True,,0.4,,False,False,False,FAILED_COLD_GATE_SYNTHETIC_ENSEMBLE_AND_UNDECLARED_MODULUS_TAIL
SMOOTH_FIELD_AGGREGATE,80,linear_to_5pct_at_1000c,4.0,861.0,EXCEEDS_600_C,True,,0.17,,False,False,False,FAILED_COLD_GATE_SYNTHETIC_ENSEMBLE_AND_UNDECLARED_MODULUS_TAIL
SMOOTH_FIELD_AGGREGATE,100,hold_e600_upper_bound,0.5,904.0,EXCEEDS_600_C,True,,0.925,,False,False,False,FAILED_COLD_GATE_SYNTHETIC_ENSEMBLE_AND_UNDECLARED_MODULUS_TAIL
SMOOTH_FIELD_AGGREGATE,100,hold_e600_upper_bound,1.0,904.0,EXCEEDS_600_C,False,,0.71,,False,False,False,FAILED_COLD_GATE_SYNTHETIC_ENSEMBLE_AND_UNDECLARED_MODULUS_TAIL
SMOOTH_FIELD_AGGREGATE,100,hold_e600_upper_bound,2.0,904.0,EXCEEDS_600_C,False,,0.45,,False,False,False,FAILED_COLD_GATE_SYNTHETIC_ENSEMBLE_AND_UNDECLARED_MODULUS_TAIL
SMOOTH_FIELD_AGGREGATE,100,hold_e600_upper_bound,4.0,904.0,EXCEEDS_600_C,True,,0.215,,False,False,False,FAILED_COLD_GATE_SYNTHETIC_ENSEMBLE_AND_UNDECLARED_MODULUS_TAIL
SMOOTH_FIELD_AGGREGATE,100,linear_to_5pct_at_1000c,0.5,904.0,EXCEEDS_600_C,True,,0.925,,False,False,False,FAILED_COLD_GATE_SYNTHETIC_ENSEMBLE_AND_UNDECLARED_MODULUS_TAIL
SMOOTH_FIELD_AGGREGATE,100,linear_to_5pct_at_1000c,1.0,904.0,EXCEEDS_600_C,False,,0.71,,False,False,False,FAILED_COLD_GATE_SYNTHETIC_ENSEMBLE_AND_UNDECLARED_MODULUS_TAIL
SMOOTH_FIELD_AGGREGATE,100,linear_to_5pct_at_1000c,2.0,904.0,EXCEEDS_600_C,False,,0.45,,False,False,False,FAILED_COLD_GATE_SYNTHETIC_ENSEMBLE_AND_UNDECLARED_MODULUS_TAIL
SMOOTH_FIELD_AGGREGATE,100,linear_to_5pct_at_1000c,4.0,904.0,EXCEEDS_600_C,True,,0.215,,False,False,False,FAILED_COLD_GATE_SYNTHETIC_ENSEMBLE_AND_UNDECLARED_MODULUS_TAIL
