track_id,field,category,value_kind,unit,value_json,status,value_is_physical_event_data,physical_ledger_ready
CONTROL_ZERO_INITIATION_PROPAGATION,initial_participating_mass_kg,mass,scalar,kg,0.0,CONTROL_ZERO_SENTINEL,False,False
CONTROL_ZERO_INITIATION_PROPAGATION,entrained_mass_kg,mass,scalar,kg,0.0,CONTROL_ZERO_SENTINEL,False,False
CONTROL_ZERO_INITIATION_PROPAGATION,ejected_mass_kg,mass,scalar,kg,0.0,CONTROL_ZERO_SENTINEL,False,False
CONTROL_ZERO_INITIATION_PROPAGATION,final_accounted_mass_kg,mass,scalar,kg,0.0,CONTROL_ZERO_SENTINEL,False,False
CONTROL_ZERO_INITIATION_PROPAGATION,mass_residual_kg,mass,scalar,kg,0.0,CONTROL_ZERO_SENTINEL,False,False
CONTROL_ZERO_INITIATION_PROPAGATION,initial_momentum_vector_kg_m_s,vector_momentum,vector3,kg m/s,"[0.0,0.0,0.0]",CONTROL_ZERO_SENTINEL,False,False
CONTROL_ZERO_INITIATION_PROPAGATION,external_impulse_vector_N_s,vector_momentum,vector3,N s,"[0.0,0.0,0.0]",CONTROL_ZERO_SENTINEL,False,False
CONTROL_ZERO_INITIATION_PROPAGATION,final_momentum_vector_kg_m_s,vector_momentum,vector3,kg m/s,"[0.0,0.0,0.0]",CONTROL_ZERO_SENTINEL,False,False
CONTROL_ZERO_INITIATION_PROPAGATION,momentum_residual_vector_kg_m_s,vector_momentum,vector3,kg m/s,"[0.0,0.0,0.0]",CONTROL_ZERO_SENTINEL,False,False
CONTROL_ZERO_INITIATION_PROPAGATION,initial_gravitational_potential_J,energy,scalar,J,0.0,CONTROL_ZERO_SENTINEL,False,False
CONTROL_ZERO_INITIATION_PROPAGATION,initial_kinetic_J,energy,scalar,J,0.0,CONTROL_ZERO_SENTINEL,False,False
CONTROL_ZERO_INITIATION_PROPAGATION,internal_strain_energy_J,energy,scalar,J,0.0,CONTROL_ZERO_SENTINEL,False,False
CONTROL_ZERO_INITIATION_PROPAGATION,fracture_energy_J,energy,scalar,J,0.0,CONTROL_ZERO_SENTINEL,False,False
CONTROL_ZERO_INITIATION_PROPAGATION,contact_dissipation_J,energy,scalar,J,0.0,CONTROL_ZERO_SENTINEL,False,False
CONTROL_ZERO_INITIATION_PROPAGATION,damping_dissipation_J,energy,scalar,J,0.0,CONTROL_ZERO_SENTINEL,False,False
CONTROL_ZERO_INITIATION_PROPAGATION,external_work_J,energy,scalar,J,0.0,CONTROL_ZERO_SENTINEL,False,False
CONTROL_ZERO_INITIATION_PROPAGATION,final_energy_residual_J,energy,scalar,J,0.0,CONTROL_ZERO_SENTINEL,False,False
OFFICIAL_DEPENDENT_PROPAGATION_BLOCKED,initial_participating_mass_kg,mass,scalar,kg,,NULL_UPSTREAM_INITIATION_BLOCKED,False,False
OFFICIAL_DEPENDENT_PROPAGATION_BLOCKED,entrained_mass_kg,mass,scalar,kg,,NULL_UPSTREAM_INITIATION_BLOCKED,False,False
OFFICIAL_DEPENDENT_PROPAGATION_BLOCKED,ejected_mass_kg,mass,scalar,kg,,NULL_UPSTREAM_INITIATION_BLOCKED,False,False
OFFICIAL_DEPENDENT_PROPAGATION_BLOCKED,final_accounted_mass_kg,mass,scalar,kg,,NULL_UPSTREAM_INITIATION_BLOCKED,False,False
OFFICIAL_DEPENDENT_PROPAGATION_BLOCKED,mass_residual_kg,mass,scalar,kg,,NULL_UPSTREAM_INITIATION_BLOCKED,False,False
OFFICIAL_DEPENDENT_PROPAGATION_BLOCKED,initial_momentum_vector_kg_m_s,vector_momentum,vector3,kg m/s,,NULL_UPSTREAM_INITIATION_BLOCKED,False,False
OFFICIAL_DEPENDENT_PROPAGATION_BLOCKED,external_impulse_vector_N_s,vector_momentum,vector3,N s,,NULL_UPSTREAM_INITIATION_BLOCKED,False,False
OFFICIAL_DEPENDENT_PROPAGATION_BLOCKED,final_momentum_vector_kg_m_s,vector_momentum,vector3,kg m/s,,NULL_UPSTREAM_INITIATION_BLOCKED,False,False
OFFICIAL_DEPENDENT_PROPAGATION_BLOCKED,momentum_residual_vector_kg_m_s,vector_momentum,vector3,kg m/s,,NULL_UPSTREAM_INITIATION_BLOCKED,False,False
OFFICIAL_DEPENDENT_PROPAGATION_BLOCKED,initial_gravitational_potential_J,energy,scalar,J,,NULL_UPSTREAM_INITIATION_BLOCKED,False,False
OFFICIAL_DEPENDENT_PROPAGATION_BLOCKED,initial_kinetic_J,energy,scalar,J,,NULL_UPSTREAM_INITIATION_BLOCKED,False,False
OFFICIAL_DEPENDENT_PROPAGATION_BLOCKED,internal_strain_energy_J,energy,scalar,J,,NULL_UPSTREAM_INITIATION_BLOCKED,False,False
OFFICIAL_DEPENDENT_PROPAGATION_BLOCKED,fracture_energy_J,energy,scalar,J,,NULL_UPSTREAM_INITIATION_BLOCKED,False,False
OFFICIAL_DEPENDENT_PROPAGATION_BLOCKED,contact_dissipation_J,energy,scalar,J,,NULL_UPSTREAM_INITIATION_BLOCKED,False,False
OFFICIAL_DEPENDENT_PROPAGATION_BLOCKED,damping_dissipation_J,energy,scalar,J,,NULL_UPSTREAM_INITIATION_BLOCKED,False,False
OFFICIAL_DEPENDENT_PROPAGATION_BLOCKED,external_work_J,energy,scalar,J,,NULL_UPSTREAM_INITIATION_BLOCKED,False,False
OFFICIAL_DEPENDENT_PROPAGATION_BLOCKED,final_energy_residual_J,energy,scalar,J,,NULL_UPSTREAM_INITIATION_BLOCKED,False,False
UNKNOWN_PHYSICAL_PROPAGATION_OR_ARREST,initial_participating_mass_kg,mass,scalar,kg,,NULL_PHYSICAL_EVENT_UNKNOWN,False,False
UNKNOWN_PHYSICAL_PROPAGATION_OR_ARREST,entrained_mass_kg,mass,scalar,kg,,NULL_PHYSICAL_EVENT_UNKNOWN,False,False
UNKNOWN_PHYSICAL_PROPAGATION_OR_ARREST,ejected_mass_kg,mass,scalar,kg,,NULL_PHYSICAL_EVENT_UNKNOWN,False,False
UNKNOWN_PHYSICAL_PROPAGATION_OR_ARREST,final_accounted_mass_kg,mass,scalar,kg,,NULL_PHYSICAL_EVENT_UNKNOWN,False,False
UNKNOWN_PHYSICAL_PROPAGATION_OR_ARREST,mass_residual_kg,mass,scalar,kg,,NULL_PHYSICAL_EVENT_UNKNOWN,False,False
UNKNOWN_PHYSICAL_PROPAGATION_OR_ARREST,initial_momentum_vector_kg_m_s,vector_momentum,vector3,kg m/s,,NULL_PHYSICAL_EVENT_UNKNOWN,False,False
UNKNOWN_PHYSICAL_PROPAGATION_OR_ARREST,external_impulse_vector_N_s,vector_momentum,vector3,N s,,NULL_PHYSICAL_EVENT_UNKNOWN,False,False
UNKNOWN_PHYSICAL_PROPAGATION_OR_ARREST,final_momentum_vector_kg_m_s,vector_momentum,vector3,kg m/s,,NULL_PHYSICAL_EVENT_UNKNOWN,False,False
UNKNOWN_PHYSICAL_PROPAGATION_OR_ARREST,momentum_residual_vector_kg_m_s,vector_momentum,vector3,kg m/s,,NULL_PHYSICAL_EVENT_UNKNOWN,False,False
UNKNOWN_PHYSICAL_PROPAGATION_OR_ARREST,initial_gravitational_potential_J,energy,scalar,J,,NULL_PHYSICAL_EVENT_UNKNOWN,False,False
UNKNOWN_PHYSICAL_PROPAGATION_OR_ARREST,initial_kinetic_J,energy,scalar,J,,NULL_PHYSICAL_EVENT_UNKNOWN,False,False
UNKNOWN_PHYSICAL_PROPAGATION_OR_ARREST,internal_strain_energy_J,energy,scalar,J,,NULL_PHYSICAL_EVENT_UNKNOWN,False,False
UNKNOWN_PHYSICAL_PROPAGATION_OR_ARREST,fracture_energy_J,energy,scalar,J,,NULL_PHYSICAL_EVENT_UNKNOWN,False,False
UNKNOWN_PHYSICAL_PROPAGATION_OR_ARREST,contact_dissipation_J,energy,scalar,J,,NULL_PHYSICAL_EVENT_UNKNOWN,False,False
UNKNOWN_PHYSICAL_PROPAGATION_OR_ARREST,damping_dissipation_J,energy,scalar,J,,NULL_PHYSICAL_EVENT_UNKNOWN,False,False
UNKNOWN_PHYSICAL_PROPAGATION_OR_ARREST,external_work_J,energy,scalar,J,,NULL_PHYSICAL_EVENT_UNKNOWN,False,False
UNKNOWN_PHYSICAL_PROPAGATION_OR_ARREST,final_energy_residual_J,energy,scalar,J,,NULL_PHYSICAL_EVENT_UNKNOWN,False,False
