path,job,suffix,classification,size_bytes,sha256
wtc1_simulation_v8/calculix_v10u_linear_beam_benchmark/spooles.out,spooles,.out,CALCULIX_SOLVER_OUTPUT,0,e3b0c44298fc1c149afbf4c8996fb92427ae41e4649b934ca495991b7852b855
wtc1_simulation_v8/calculix_v10u_linear_beam_benchmark/v10u_load_025.12d,v10u_load_025,.12d,CALCULIX_SOLVER_OUTPUT,48918,2ae375b3fd321335dc50df8c6dec7334ef912149dc357e3e7cb9382a9309e028
wtc1_simulation_v8/calculix_v10u_linear_beam_benchmark/v10u_load_025.cvg,v10u_load_025,.cvg,CALCULIX_SOLVER_OUTPUT,278,7949113325cb32be7bffd2b865928ef5606322c0f7f08d37a302e5063b074593
wtc1_simulation_v8/calculix_v10u_linear_beam_benchmark/v10u_load_025.dat,v10u_load_025,.dat,CALCULIX_SOLVER_OUTPUT,336,2b7dbbcfc9b419d86f2e08312221134793c68be9a5c1d86ff9551ea8c149ccfe
wtc1_simulation_v8/calculix_v10u_linear_beam_benchmark/v10u_load_025.frd,v10u_load_025,.frd,CALCULIX_SOLVER_OUTPUT,570221,1683acd93431b336a3bd80b8ccaa587c4d6fb5098da2c4e0ed2a5f281d35cc2f
wtc1_simulation_v8/calculix_v10u_linear_beam_benchmark/v10u_load_025.inp,v10u_load_025,.inp,GENERATED_INPUT_DECK,9783,3dba7df9f3054bc691dfaf0665032c1e9f03a042d9fa904cb40f64128a68dfb0
wtc1_simulation_v8/calculix_v10u_linear_beam_benchmark/v10u_load_025.sta,v10u_load_025,.sta,CALCULIX_SOLVER_OUTPUT,173,253efd59462bae0a6fce7b06552a063c82349747e482366b56da923c68b7ca9d
wtc1_simulation_v8/calculix_v10u_linear_beam_benchmark/v10u_load_050.12d,v10u_load_050,.12d,CALCULIX_SOLVER_OUTPUT,48918,2ae375b3fd321335dc50df8c6dec7334ef912149dc357e3e7cb9382a9309e028
wtc1_simulation_v8/calculix_v10u_linear_beam_benchmark/v10u_load_050.cvg,v10u_load_050,.cvg,CALCULIX_SOLVER_OUTPUT,278,7949113325cb32be7bffd2b865928ef5606322c0f7f08d37a302e5063b074593
wtc1_simulation_v8/calculix_v10u_linear_beam_benchmark/v10u_load_050.dat,v10u_load_050,.dat,CALCULIX_SOLVER_OUTPUT,336,3b1b2da343656a94bf725d4edca0929e0059df428afe052d1f157df1cc61f87f
wtc1_simulation_v8/calculix_v10u_linear_beam_benchmark/v10u_load_050.frd,v10u_load_050,.frd,CALCULIX_SOLVER_OUTPUT,570221,bb0771fea95148e218cf46652d90a5f7ec511860a47e92681d88c501ebca4c4b
wtc1_simulation_v8/calculix_v10u_linear_beam_benchmark/v10u_load_050.inp,v10u_load_050,.inp,GENERATED_INPUT_DECK,9783,677ad1a64a6273346ba95901e44d8e18087aece746ad90717c6ac7c07299e5ce
wtc1_simulation_v8/calculix_v10u_linear_beam_benchmark/v10u_load_050.sta,v10u_load_050,.sta,CALCULIX_SOLVER_OUTPUT,173,253efd59462bae0a6fce7b06552a063c82349747e482366b56da923c68b7ca9d
wtc1_simulation_v8/calculix_v10u_linear_beam_benchmark/v10u_load_075.12d,v10u_load_075,.12d,CALCULIX_SOLVER_OUTPUT,48918,2ae375b3fd321335dc50df8c6dec7334ef912149dc357e3e7cb9382a9309e028
wtc1_simulation_v8/calculix_v10u_linear_beam_benchmark/v10u_load_075.cvg,v10u_load_075,.cvg,CALCULIX_SOLVER_OUTPUT,278,7949113325cb32be7bffd2b865928ef5606322c0f7f08d37a302e5063b074593
wtc1_simulation_v8/calculix_v10u_linear_beam_benchmark/v10u_load_075.dat,v10u_load_075,.dat,CALCULIX_SOLVER_OUTPUT,336,bc7a18fe183f0ba8fd787192c06c2a13ee0d22d317c12683e0feba09a483a442
wtc1_simulation_v8/calculix_v10u_linear_beam_benchmark/v10u_load_075.frd,v10u_load_075,.frd,CALCULIX_SOLVER_OUTPUT,570221,b9a688c7a38a5184ccad9a91d92d0d4d1c4a8776f4406003c3a182cddf0fec10
wtc1_simulation_v8/calculix_v10u_linear_beam_benchmark/v10u_load_075.inp,v10u_load_075,.inp,GENERATED_INPUT_DECK,9783,a726e23e154b884b07c40ad95fba5882d72229d3cc8932dc12a1f13f63a55391
wtc1_simulation_v8/calculix_v10u_linear_beam_benchmark/v10u_load_075.sta,v10u_load_075,.sta,CALCULIX_SOLVER_OUTPUT,173,253efd59462bae0a6fce7b06552a063c82349747e482366b56da923c68b7ca9d
wtc1_simulation_v8/calculix_v10u_linear_beam_benchmark/v10u_mesh_001.12d,v10u_mesh_001,.12d,CALCULIX_SOLVER_OUTPUT,912,af557cfd687629fa3d6664416ae090846f269d99e9cf2286aeec5b25cb166f34
wtc1_simulation_v8/calculix_v10u_linear_beam_benchmark/v10u_mesh_001.cvg,v10u_mesh_001,.cvg,CALCULIX_SOLVER_OUTPUT,278,7949113325cb32be7bffd2b865928ef5606322c0f7f08d37a302e5063b074593
wtc1_simulation_v8/calculix_v10u_linear_beam_benchmark/v10u_mesh_001.dat,v10u_mesh_001,.dat,CALCULIX_SOLVER_OUTPUT,336,ef9d543f54d2e2c511b7964206322b8441c559d617e7abe741ff8adad8b29ff4
wtc1_simulation_v8/calculix_v10u_linear_beam_benchmark/v10u_mesh_001.frd,v10u_mesh_001,.frd,CALCULIX_SOLVER_OUTPUT,9770,01d314b8ca72fbfa4a9d65dd9ae720220af6c16f368e9483623bad9549cbf3a9
wtc1_simulation_v8/calculix_v10u_linear_beam_benchmark/v10u_mesh_001.inp,v10u_mesh_001,.inp,GENERATED_INPUT_DECK,633,85c6df51ecc284725057dc00fe9cfc4ffe848b0e531b3df26afe79d71970f69e
wtc1_simulation_v8/calculix_v10u_linear_beam_benchmark/v10u_mesh_001.sta,v10u_mesh_001,.sta,CALCULIX_SOLVER_OUTPUT,173,253efd59462bae0a6fce7b06552a063c82349747e482366b56da923c68b7ca9d
wtc1_simulation_v8/calculix_v10u_linear_beam_benchmark/v10u_mesh_002.12d,v10u_mesh_002,.12d,CALCULIX_SOLVER_OUTPUT,1290,efe761cd5a0886fc32dee781533a3fe6f522857ce8598f340f0d6162cd780c76
wtc1_simulation_v8/calculix_v10u_linear_beam_benchmark/v10u_mesh_002.cvg,v10u_mesh_002,.cvg,CALCULIX_SOLVER_OUTPUT,278,7949113325cb32be7bffd2b865928ef5606322c0f7f08d37a302e5063b074593
wtc1_simulation_v8/calculix_v10u_linear_beam_benchmark/v10u_mesh_002.dat,v10u_mesh_002,.dat,CALCULIX_SOLVER_OUTPUT,336,d1e7728fdf4a49f287fbd7b6753965e68118f7945143a5c272523694d1e15508
wtc1_simulation_v8/calculix_v10u_linear_beam_benchmark/v10u_mesh_002.frd,v10u_mesh_002,.frd,CALCULIX_SOLVER_OUTPUT,14183,8a0f585778235007837c0292e548904574a49e4ed82acd5fbca5fa9f94c89cc2
wtc1_simulation_v8/calculix_v10u_linear_beam_benchmark/v10u_mesh_002.inp,v10u_mesh_002,.inp,GENERATED_INPUT_DECK,696,a24f7824e19335fd19e3fe9f8a04f839fb128c15b523b17ce743a0001bcad7e2
wtc1_simulation_v8/calculix_v10u_linear_beam_benchmark/v10u_mesh_002.sta,v10u_mesh_002,.sta,CALCULIX_SOLVER_OUTPUT,173,253efd59462bae0a6fce7b06552a063c82349747e482366b56da923c68b7ca9d
wtc1_simulation_v8/calculix_v10u_linear_beam_benchmark/v10u_mesh_004.12d,v10u_mesh_004,.12d,CALCULIX_SOLVER_OUTPUT,2046,625fb33c71b99469d96fc8277090eb57636778e518615ace3afdacafbf8cdc71
wtc1_simulation_v8/calculix_v10u_linear_beam_benchmark/v10u_mesh_004.cvg,v10u_mesh_004,.cvg,CALCULIX_SOLVER_OUTPUT,278,7949113325cb32be7bffd2b865928ef5606322c0f7f08d37a302e5063b074593
wtc1_simulation_v8/calculix_v10u_linear_beam_benchmark/v10u_mesh_004.dat,v10u_mesh_004,.dat,CALCULIX_SOLVER_OUTPUT,336,ce98bcb8f05c3d4f2ad05b3aaee9bfb4c195948a8bd74ea61112e185e2988340
wtc1_simulation_v8/calculix_v10u_linear_beam_benchmark/v10u_mesh_004.frd,v10u_mesh_004,.frd,CALCULIX_SOLVER_OUTPUT,23009,8cb2496eed9f6e1dbf9aba19a274fc885a12dcfcd65867a62f5cee3824476cb0
wtc1_simulation_v8/calculix_v10u_linear_beam_benchmark/v10u_mesh_004.inp,v10u_mesh_004,.inp,GENERATED_INPUT_DECK,822,19f7c0c5772a504f49e72e2703f3e26fd55e7186a8ce4713570120e4c41a600c
wtc1_simulation_v8/calculix_v10u_linear_beam_benchmark/v10u_mesh_004.sta,v10u_mesh_004,.sta,CALCULIX_SOLVER_OUTPUT,173,253efd59462bae0a6fce7b06552a063c82349747e482366b56da923c68b7ca9d
wtc1_simulation_v8/calculix_v10u_linear_beam_benchmark/v10u_mesh_008.12d,v10u_mesh_008,.12d,CALCULIX_SOLVER_OUTPUT,3558,dbef2475e7c2930106fa7454581c9f9fd0fcdf6b434bc37ac3e2c7a85e57f6dd
wtc1_simulation_v8/calculix_v10u_linear_beam_benchmark/v10u_mesh_008.cvg,v10u_mesh_008,.cvg,CALCULIX_SOLVER_OUTPUT,278,7949113325cb32be7bffd2b865928ef5606322c0f7f08d37a302e5063b074593
wtc1_simulation_v8/calculix_v10u_linear_beam_benchmark/v10u_mesh_008.dat,v10u_mesh_008,.dat,CALCULIX_SOLVER_OUTPUT,336,134288875c27c2267f4d19f166d74ef934034756c05ce8b927afc0e506111833
wtc1_simulation_v8/calculix_v10u_linear_beam_benchmark/v10u_mesh_008.frd,v10u_mesh_008,.frd,CALCULIX_SOLVER_OUTPUT,40661,72776726b0cf7f044d935ef8a9cf6928071b0943fe2a38160dafdb5d3843cd8a
wtc1_simulation_v8/calculix_v10u_linear_beam_benchmark/v10u_mesh_008.inp,v10u_mesh_008,.inp,GENERATED_INPUT_DECK,1094,fac42fa70fa3e2053b6a458644b6e8609e970d502c9c4a05cc1622e5d5fb6d87
wtc1_simulation_v8/calculix_v10u_linear_beam_benchmark/v10u_mesh_008.sta,v10u_mesh_008,.sta,CALCULIX_SOLVER_OUTPUT,173,253efd59462bae0a6fce7b06552a063c82349747e482366b56da923c68b7ca9d
wtc1_simulation_v8/calculix_v10u_linear_beam_benchmark/v10u_mesh_016.12d,v10u_mesh_016,.12d,CALCULIX_SOLVER_OUTPUT,6582,00720a34511232255339fa619344d331bfca562233eb481f7d5a97e5a5212886
wtc1_simulation_v8/calculix_v10u_linear_beam_benchmark/v10u_mesh_016.cvg,v10u_mesh_016,.cvg,CALCULIX_SOLVER_OUTPUT,278,7949113325cb32be7bffd2b865928ef5606322c0f7f08d37a302e5063b074593
wtc1_simulation_v8/calculix_v10u_linear_beam_benchmark/v10u_mesh_016.dat,v10u_mesh_016,.dat,CALCULIX_SOLVER_OUTPUT,336,3d9c9d927feec3d1259c4d004b4046607d961e05a3b598c64cc3ddfb3e61d212
wtc1_simulation_v8/calculix_v10u_linear_beam_benchmark/v10u_mesh_016.frd,v10u_mesh_016,.frd,CALCULIX_SOLVER_OUTPUT,75965,da7d9a10ece87b3377f70bd42868748cb2ddaf6e455732bfa51afc4e2ecff579
wtc1_simulation_v8/calculix_v10u_linear_beam_benchmark/v10u_mesh_016.inp,v10u_mesh_016,.inp,GENERATED_INPUT_DECK,1644,ce8c0b79794b6f356e3327ee45f268e2c30182614c4cc731facbc7233217908c
wtc1_simulation_v8/calculix_v10u_linear_beam_benchmark/v10u_mesh_016.sta,v10u_mesh_016,.sta,CALCULIX_SOLVER_OUTPUT,173,253efd59462bae0a6fce7b06552a063c82349747e482366b56da923c68b7ca9d
wtc1_simulation_v8/calculix_v10u_linear_beam_benchmark/v10u_mesh_032.12d,v10u_mesh_032,.12d,CALCULIX_SOLVER_OUTPUT,12630,5fcef3b97709a5f5e6c086f3c0b19a813dd1fcc0bee9cc540eab7dd998471043
wtc1_simulation_v8/calculix_v10u_linear_beam_benchmark/v10u_mesh_032.cvg,v10u_mesh_032,.cvg,CALCULIX_SOLVER_OUTPUT,278,7949113325cb32be7bffd2b865928ef5606322c0f7f08d37a302e5063b074593
wtc1_simulation_v8/calculix_v10u_linear_beam_benchmark/v10u_mesh_032.dat,v10u_mesh_032,.dat,CALCULIX_SOLVER_OUTPUT,336,8988515cdd3b8ea69f4653538cf43bbb7c3e3849111f9582e9fea0b6d55c23ce
wtc1_simulation_v8/calculix_v10u_linear_beam_benchmark/v10u_mesh_032.frd,v10u_mesh_032,.frd,CALCULIX_SOLVER_OUTPUT,146573,b1c9c2f4b1e974540c5485a0ae5070526fa6f34dcef335a4ea0ff8fa229be49c
wtc1_simulation_v8/calculix_v10u_linear_beam_benchmark/v10u_mesh_032.inp,v10u_mesh_032,.inp,GENERATED_INPUT_DECK,2746,ed83a518528e10c33ef7dc221d52390b1a9c541db65f18eaac33b07f64eaca0f
wtc1_simulation_v8/calculix_v10u_linear_beam_benchmark/v10u_mesh_032.sta,v10u_mesh_032,.sta,CALCULIX_SOLVER_OUTPUT,173,253efd59462bae0a6fce7b06552a063c82349747e482366b56da923c68b7ca9d
wtc1_simulation_v8/calculix_v10u_linear_beam_benchmark/v10u_mesh_064.12d,v10u_mesh_064,.12d,CALCULIX_SOLVER_OUTPUT,24726,2b43483298603607f50dc7447e02c2cad6d401558a16749d7234ec932f41e0a3
wtc1_simulation_v8/calculix_v10u_linear_beam_benchmark/v10u_mesh_064.cvg,v10u_mesh_064,.cvg,CALCULIX_SOLVER_OUTPUT,278,7949113325cb32be7bffd2b865928ef5606322c0f7f08d37a302e5063b074593
wtc1_simulation_v8/calculix_v10u_linear_beam_benchmark/v10u_mesh_064.dat,v10u_mesh_064,.dat,CALCULIX_SOLVER_OUTPUT,336,83d481e11fe16676e75699c2bbf175586ac23ebb49e2edc95de07c5ceb2210cd
wtc1_simulation_v8/calculix_v10u_linear_beam_benchmark/v10u_mesh_064.frd,v10u_mesh_064,.frd,CALCULIX_SOLVER_OUTPUT,287789,832a59a9b595b0e73f76651d24a7b103ac9881d6f329afcaabf695003d33fb4f
wtc1_simulation_v8/calculix_v10u_linear_beam_benchmark/v10u_mesh_064.inp,v10u_mesh_064,.inp,GENERATED_INPUT_DECK,5026,28b11904c538452c91234f90350b93d204cdd5cf6b4e65c80495ab8b97fba692
wtc1_simulation_v8/calculix_v10u_linear_beam_benchmark/v10u_mesh_064.sta,v10u_mesh_064,.sta,CALCULIX_SOLVER_OUTPUT,173,253efd59462bae0a6fce7b06552a063c82349747e482366b56da923c68b7ca9d
wtc1_simulation_v8/calculix_v10u_linear_beam_benchmark/v10u_mesh_128.12d,v10u_mesh_128,.12d,CALCULIX_SOLVER_OUTPUT,48918,2ae375b3fd321335dc50df8c6dec7334ef912149dc357e3e7cb9382a9309e028
wtc1_simulation_v8/calculix_v10u_linear_beam_benchmark/v10u_mesh_128.cvg,v10u_mesh_128,.cvg,CALCULIX_SOLVER_OUTPUT,278,7949113325cb32be7bffd2b865928ef5606322c0f7f08d37a302e5063b074593
wtc1_simulation_v8/calculix_v10u_linear_beam_benchmark/v10u_mesh_128.dat,v10u_mesh_128,.dat,CALCULIX_SOLVER_OUTPUT,336,f46e7ea53fd49b203b979faf0e878330f37501dee5338f38411fb50f7a8c99f0
wtc1_simulation_v8/calculix_v10u_linear_beam_benchmark/v10u_mesh_128.frd,v10u_mesh_128,.frd,CALCULIX_SOLVER_OUTPUT,570221,306d2878d1871febde69146134228909bc93207e07f8bb2de404ab3975b1db16
wtc1_simulation_v8/calculix_v10u_linear_beam_benchmark/v10u_mesh_128.inp,v10u_mesh_128,.inp,GENERATED_INPUT_DECK,9784,9153cd87bdaf49771483deabae597a9f9e743c34e481d33f15ca7fc432b53894
wtc1_simulation_v8/calculix_v10u_linear_beam_benchmark/v10u_mesh_128.sta,v10u_mesh_128,.sta,CALCULIX_SOLVER_OUTPUT,173,253efd59462bae0a6fce7b06552a063c82349747e482366b56da923c68b7ca9d
