scenario_id,event_index,story,event,mass_before_kg,story_mass_accreted_kg,kinetic_start_j,gravity_work_j,structural_resistance_work_j,kinetic_before_accretion_j,inelastic_accretion_loss_j,kinetic_end_j,energy_residual_j,normalized_energy_residual,intact_story_resistance_j,capacity_retention_multiplier,available_story_resistance_j
CENTRAL_EXPLORATORY,1,95,STORY_FAILED_AND_MASS_ACCRETED,46400000.0,3200000.0,832156230.5279999,1664312461.056,1151514945.3350973,1344953746.2489023,86771209.43541312,1258182536.8134892,0.0,0.0,1883505154.6391754,0.6113680881089459,1151514945.3350973
CENTRAL_EXPLORATORY,2,94,STORY_FAILED_AND_MASS_ACCRETED,49600000.0,3200000.0,1258182536.8134892,1779092630.784,1257985652.263812,1779289515.3336773,107835728.20204067,1671453787.1316366,0.0,0.0,1911340206.185567,0.6581694081423397,1257985652.263812
CENTRAL_EXPLORATORY,3,93,STORY_FAILED_AND_MASS_ACCRETED,52800000.0,3200000.0,1671453787.1316366,1893872800.5119998,1626528999.2693403,1938797588.3742964,110788433.62138915,1828009154.7529073,0.0,0.0,1939175257.7319586,0.8387735934562787,1626528999.2693403
CENTRAL_EXPLORATORY,4,92,STORY_FAILED_AND_MASS_ACCRETED,56000000.0,3200000.0,1828009154.7529073,2008652970.24,1967010309.2783508,1869651815.7145567,101062260.30889487,1768589555.4056618,0.0,0.0,1967010309.2783508,1.0,1967010309.2783508
CENTRAL_EXPLORATORY,5,91,STORY_FAILED_AND_MASS_ACCRETED,59200000.0,3200000.0,1768589555.4056618,2123433139.968,1994845360.8247423,1897177334.5489197,97291145.3614831,1799886189.1874366,0.0,0.0,1994845360.8247423,1.0,1994845360.8247423
CENTRAL_EXPLORATORY,6,90,STORY_FAILED_AND_MASS_ACCRETED,62400000.0,3200000.0,1799886189.1874366,2238213309.696,2022680412.371134,2015419086.5123026,98313126.17133212,1917105960.3409705,0.0,0.0,2022680412.371134,1.0,2022680412.371134
CENTRAL_EXPLORATORY,7,89,STORY_FAILED_AND_MASS_ACCRETED,65600000.0,3200000.0,1917105960.3409705,2352993479.424,2050515463.9175258,2219583975.8474445,103236463.99290442,2116347511.85454,0.0,0.0,2050515463.9175258,1.0,2050515463.9175258
CENTRAL_EXPLORATORY,8,88,STORY_FAILED_AND_MASS_ACCRETED,68800000.0,3200000.0,2116347511.85454,2467773649.152,2078350515.4639173,2505770645.542623,111367584.24633884,2394403061.296284,0.0,0.0,2078350515.4639173,1.0,2078350515.4639173
CENTRAL_EXPLORATORY,9,87,STORY_FAILED_AND_MASS_ACCRETED,72000000.0,3200000.0,2394403061.296284,2582553818.88,2106185567.0103095,2870771313.1659756,122160481.41131878,2748610831.754657,0.0,0.0,2106185567.0103095,1.0,2106185567.0103095
CENTRAL_EXPLORATORY,10,86,STORY_FAILED_AND_MASS_ACCRETED,75200000.0,3200000.0,2748610831.754657,2697333988.608,2134020618.556701,3311924201.805956,135180579.6655488,3176743622.140407,0.0,0.0,2134020618.556701,1.0,2134020618.556701
CENTRAL_EXPLORATORY,11,85,STORY_FAILED_AND_MASS_ACCRETED,78400000.0,3200000.0,3176743622.140407,2812114158.336,2161855670.1030927,3827002110.3733144,150078514.13228655,3676923596.241028,0.0,0.0,2161855670.1030927,1.0,2161855670.1030927
CENTRAL_EXPLORATORY,12,84,STORY_FAILED_AND_MASS_ACCRETED,81600000.0,3200000.0,3676923596.241028,2926894328.064,2189690721.6494846,4414127202.655543,166570837.83605814,4247556364.819485,0.0,0.0,2189690721.6494846,1.0,2189690721.6494846
CENTRAL_EXPLORATORY,13,83,STORY_FAILED_AND_MASS_ACCRETED,84800000.0,3200000.0,4247556364.819485,3041674497.792,2217525773.1958766,5071705089.415607,184425639.61511326,4887279449.800494,0.0,0.0,2217525773.1958766,1.0,2217525773.1958766
CENTRAL_EXPLORATORY,14,82,STORY_FAILED_AND_MASS_ACCRETED,88000000.0,3200000.0,4887279449.800494,3156454667.52,2245360824.742268,5798373292.578226,203451694.47642803,5594921598.101798,0.0,0.0,2245360824.742268,1.0,2245360824.742268
CENTRAL_EXPLORATORY,15,81,STORY_FAILED_AND_MASS_ACCRETED,91200000.0,3200000.0,5594921598.101798,3271234837.248,2273195876.2886596,6592960559.061138,223490188.44275093,6369470370.618387,0.0,0.0,2273195876.2886596,1.0,2273195876.2886596
CENTRAL_EXPLORATORY,16,80,STORY_FAILED_AND_MASS_ACCRETED,94400000.0,3200000.0,6369470370.618387,3386015006.976,2301030927.8350515,7454454449.7593355,244408342.61505985,7210046107.144276,0.0,0.0,2301030927.8350515,1.0,2301030927.8350515
CENTRAL_EXPLORATORY,17,79,STORY_FAILED_AND_MASS_ACCRETED,97600000.0,3200000.0,7210046107.144276,3500795176.704,2328865979.3814435,8381975304.466833,266094454.1100607,8115880850.356772,0.0,0.0,2328865979.3814435,1.0,2328865979.3814435
CENTRAL_EXPLORATORY,18,78,STORY_FAILED_AND_MASS_ACCRETED,100800000.0,3200000.0,8115880850.356772,3615575346.432,2356701030.927835,9374755165.860937,288454005.10341454,9086301160.757523,0.0,0.0,2356701030.927835,1.0,2356701030.927835
CENTRAL_EXPLORATORY,19,77,STORY_FAILED_AND_MASS_ACCRETED,104000000.0,3200000.0,9086301160.757523,3730355516.1599994,2384536082.474227,10432120594.443295,311406584.90875816,10120714009.534536,0.0,0.0,2384536082.474227,1.0,2384536082.474227
CENTRAL_EXPLORATORY,20,76,STORY_FAILED_AND_MASS_ACCRETED,107200000.0,3200000.0,10120714009.534536,3845135685.8879995,2412371134.020619,11553478561.401917,334883436.562376,11218595124.83954,0.0,0.0,2412371134.020619,1.0,2412371134.020619
CENTRAL_EXPLORATORY,21,75,STORY_FAILED_AND_MASS_ACCRETED,110400000.0,3200000.0,11218595124.83954,3959915855.616,2440206185.5670104,12738304794.888529,358825487.17995834,12379479307.70857,0.0,0.0,2440206185.5670104,1.0,2440206185.5670104
CENTRAL_EXPLORATORY,22,74,STORY_FAILED_AND_MASS_ACCRETED,113600000.0,3200000.0,12379479307.70857,4074696025.344,2468041237.113402,13986134095.939169,383181756.0531292,13602952339.88604,0.0,0.0,2468041237.113402,1.0,2468041237.113402
CENTRAL_EXPLORATORY,23,73,STORY_FAILED_AND_MASS_ACCRETED,116800000.0,3200000.0,13602952339.88604,4189476195.072,2495876288.659794,15296552246.298244,407908059.9012871,14888644186.396957,0.0,0.0,2495876288.659794,1.0,2495876288.659794
CENTRAL_EXPLORATORY,24,72,STORY_FAILED_AND_MASS_ACCRETED,120000000.0,3200000.0,14888644186.396957,4304256364.8,2523711340.2061853,16669189210.990772,432965953.53222656,16236223257.458546,0.0,0.0,2523711340.2061853,1.0,2523711340.2061853
CENTRAL_EXPLORATORY,25,71,STORY_FAILED_AND_MASS_ACCRETED,123200000.0,3200000.0,16236223257.458546,4419036534.528,2551546391.7525773,18103713400.233967,458321858.2337799,17645391542.000187,0.0,0.0,2551546391.7525773,1.0,2551546391.7525773
CENTRAL_EXPLORATORY,26,70,STORY_FAILED_AND_MASS_ACCRETED,126400000.0,3200000.0,17645391542.000187,4533816704.256,2579381443.2989693,19599826802.95722,483946340.81375504,19115880462.143463,0.0,0.0,2579381443.2989693,1.0,2579381443.2989693
CENTRAL_EXPLORATORY,27,69,STORY_FAILED_AND_MASS_ACCRETED,129600000.0,3200000.0,19115880462.143463,4648596873.984,2607216494.8453608,21157260841.282104,509813514.2477646,20647447327.03434,0.0,0.0,2607216494.8453608,1.0,2607216494.8453608
CENTRAL_EXPLORATORY,28,68,STORY_FAILED_AND_MASS_ACCRETED,132800000.0,3200000.0,20647447327.03434,4763377043.712,2635051546.3917527,22775772824.354584,535900537.0436363,22239872287.310947,0.0,0.0,2635051546.3917527,1.0,2635051546.3917527
CENTRAL_EXPLORATORY,29,67,STORY_FAILED_AND_MASS_ACCRETED,136000000.0,3200000.0,22239872287.310947,4878157213.44,2662886597.9381447,24455142902.8128,562187193.1681099,23892955709.64469,0.0,0.0,2662886597.9381447,1.0,2662886597.9381447
CENTRAL_EXPLORATORY,30,66,STORY_FAILED_AND_MASS_ACCRETED,139200000.0,3200000.0,23892955709.64469,4992937383.168,2690721649.484536,26195171443.328156,588655538.052311,25606515905.275845,0.0,0.0,2690721649.484536,1.0,2690721649.484536
CENTRAL_EXPLORATORY,31,65,STORY_FAILED_AND_MASS_ACCRETED,142400000.0,3200000.0,25606515905.275845,5107717552.896,2718556701.0309277,27995676757.140915,615289599.0580406,27380387158.082874,0.0,0.0,2718556701.0309277,1.0,2718556701.0309277
CENTRAL_EXPLORATORY,32,64,STORY_FAILED_AND_MASS_ACCRETED,145600000.0,3200000.0,27380387158.082874,5222497722.624,2746391752.5773196,29856493128.129555,642075121.0350342,29214418007.09452,0.0,0.0,2746391752.5773196,1.0,2746391752.5773196
CENTRAL_EXPLORATORY,33,63,STORY_FAILED_AND_MASS_ACCRETED,148800000.0,3200000.0,29214418007.09452,5337277892.352,2774226804.123711,31777469095.322807,668999349.375206,31108469745.9476,0.0,0.0,2774226804.123711,1.0,2774226804.123711
CENTRAL_EXPLORATORY,34,62,STORY_FAILED_AND_MASS_ACCRETED,152000000.0,3200000.0,31108469745.9476,5452058062.08,2802061855.670103,33758465952.3575,696050844.3785133,33062415107.978985,0.0,0.0,2802061855.670103,1.0,2802061855.670103
CENTRAL_EXPLORATORY,35,61,STORY_FAILED_AND_MASS_ACCRETED,155200000.0,3200000.0,33062415107.978985,5566838231.808,2829896907.2164946,35799356432.570496,723219321.8701019,35076137110.70039,0.0,0.0,2829896907.2164946,1.0,2829896907.2164946
CENTRAL_EXPLORATORY,36,60,STORY_FAILED_AND_MASS_ACCRETED,158400000.0,3200000.0,35076137110.70039,5681618401.536,2857731958.762887,37900023553.47351,750495515.9103699,37149528037.56314,0.0,0.0,2857731958.762887,1.0,2857731958.762887
CENTRAL_EXPLORATORY,37,59,STORY_FAILED_AND_MASS_ACCRETED,161600000.0,3200000.0,37149528037.56314,5796398571.264,2885567010.3092785,40060359598.51786,777871060.1653976,39282488538.35246,0.0,0.0,2885567010.3092785,1.0,2885567010.3092785
CENTRAL_EXPLORATORY,38,58,STORY_FAILED_AND_MASS_ACCRETED,164800000.0,3200000.0,39282488538.35246,5911178740.992,2913402061.85567,42280265217.48879,805338385.0950317,41474926832.39376,0.0,0.0,2913402061.85567,1.0,2913402061.85567
CENTRAL_EXPLORATORY,39,57,STORY_FAILED_AND_MASS_ACCRETED,168000000.0,3200000.0,41474926832.39376,6025958910.72,2941237113.402062,44559648629.7117,832890628.5927353,43726758001.118965,0.0,0.0,2941237113.402062,1.0,2941237113.402062
CENTRAL_EXPLORATORY,40,56,STORY_FAILED_AND_MASS_ACCRETED,171200000.0,3200000.0,43726758001.118965,6140739080.448,2969072164.9484534,46898424916.61851,860521558.1031036,46037903358.5154,0.0,0.0,2969072164.9484534,1.0,2969072164.9484534
CENTRAL_EXPLORATORY,41,55,STORY_FAILED_AND_MASS_ACCRETED,174400000.0,3200000.0,46037903358.5154,6255519250.176,2996907216.494845,49296515392.19656,888225502.5620956,48408289889.63447,0.0,0.0,2996907216.494845,1.0,2996907216.494845
CENTRAL_EXPLORATORY,42,54,STORY_FAILED_AND_MASS_ACCRETED,177600000.0,3200000.0,48408289889.63447,6370299419.904,3024742268.0412374,51753847041.49723,915997292.7698593,50837849748.72737,0.0,0.0,3024742268.0412374,1.0,3024742268.0412374
CENTRAL_EXPLORATORY,43,53,STORY_FAILED_AND_MASS_ACCRETED,180800000.0,3200000.0,50837849748.72737,6485079589.632,3052577319.587629,54270352018.77174,943832209.0221176,53326519809.749626,0.0,0.0,3052577319.587629,1.0,3052577319.587629
CENTRAL_EXPLORATORY,44,52,STORY_FAILED_AND_MASS_ACCRETED,184000000.0,3200000.0,53326519809.749626,6599859759.36,3080412371.134021,56845967197.97561,971725935.0081253,55874241262.96748,0.0,0.0,3080412371.134021,1.0,3080412371.134021
CENTRAL_EXPLORATORY,45,51,STORY_FAILED_AND_MASS_ACCRETED,187200000.0,3200000.0,55874241262.96748,6714639929.088,3108247422.6804123,59480633769.37507,999674517.1323471,58480959252.24272,0.0,0.0,3108247422.6804123,1.0,3108247422.6804123
CENTRAL_EXPLORATORY,46,50,STORY_FAILED_AND_MASS_ACCRETED,190400000.0,3200000.0,58480959252.24272,6829420098.816,3136082474.2268043,62174296876.83192,1027674328.5426865,61146622548.28923,0.0,0.0,3136082474.2268043,1.0,3136082474.2268043
CENTRAL_EXPLORATORY,47,49,STORY_FAILED_AND_MASS_ACCRETED,193600000.0,3200000.0,61146622548.28923,6944200268.544,3163917525.7731957,64926905291.060036,1055722037.2530289,63871183253.80701,0.0,0.0,3163917525.7731957,1.0,3163917525.7731957
CENTRAL_EXPLORATORY,48,48,STORY_FAILED_AND_MASS_ACCRETED,196800000.0,3200000.0,63871183253.80701,7058980438.272,3191752577.3195877,67738411114.75942,1083814577.8361588,66654596536.92326,0.0,0.0,3191752577.3195877,1.0,3191752577.3195877
CENTRAL_EXPLORATORY,49,47,STORY_FAILED_AND_MASS_ACCRETED,200000000.0,3200000.0,66654596536.92326,7173760608.0,3219587628.865979,70608769516.05728,1111949126.2371216,69496820389.82016,0.0,0.0,3219587628.865979,1.0,3219587628.865979
CENTRAL_EXPLORATORY,50,46,STORY_FAILED_AND_MASS_ACCRETED,203200000.0,3200000.0,69496820389.82016,7288540777.728,3247422680.412371,73537938487.13579,1140123077.3199463,72397815409.81584,0.0,0.0,3247422680.412371,1.0,3247422680.412371
CENTRAL_EXPLORATORY,51,45,STORY_FAILED_AND_MASS_ACCRETED,206400000.0,3200000.0,72397815409.81584,7403320947.456,3275257731.9587626,76525878625.31308,1168334024.8139343,75357544600.49915,0.0,0.0,3275257731.9587626,1.0,3275257731.9587626
CENTRAL_EXPLORATORY,52,44,STORY_FAILED_AND_MASS_ACCRETED,209600000.0,3200000.0,75357544600.49915,7518101117.183999,3303092783.505155,79572552934.178,1196579743.371109,78375973190.80688,0.0,0.0,3303092783.505155,1.0,3303092783.505155
CENTRAL_EXPLORATORY,53,43,STORY_FAILED_AND_MASS_ACCRETED,212800000.0,3200000.0,78375973190.80688,7632881286.911999,3330927835.0515466,82677926642.66734,1224858172.483963,81453068470.18338,0.0,0.0,3330927835.0515466,1.0,3330927835.0515466
CENTRAL_EXPLORATORY,54,42,STORY_FAILED_AND_MASS_ACCRETED,216000000.0,3200000.0,81453068470.18338,7747661456.639999,3358762886.597938,85841967040.22545,1253167402.0470734,84588799638.17838,0.0,0.0,3358762886.597938,1.0,3358762886.597938
CENTRAL_EXPLORATORY,55,41,STORY_FAILED_AND_MASS_ACCRETED,219200000.0,3200000.0,84588799638.17838,7862441626.368,3386597938.14433,89064643326.40204,1281505659.3726807,87783137667.02936,0.0,0.0,3386597938.14433,1.0,3386597938.14433
CENTRAL_EXPLORATORY,56,40,STORY_FAILED_AND_MASS_ACCRETED,222400000.0,3200000.0,87783137667.02936,7977221796.096,3414432989.6907215,92345926473.43463,1309871297.495514,91036055175.93912,0.0,0.0,3414432989.6907215,1.0,3414432989.6907215
CENTRAL_EXPLORATORY,57,39,STORY_FAILED_AND_MASS_ACCRETED,225600000.0,3200000.0,91036055175.93912,8092001965.824,3442268041.237113,95685789100.52602,1338262784.6227417,94347526315.90327,0.0,0.0,3442268041.237113,1.0,3442268041.237113
CENTRAL_EXPLORATORY,58,38,STORY_FAILED_AND_MASS_ACCRETED,228800000.0,3200000.0,94347526315.90327,8206782135.552,3470103092.7835054,99084205358.67177,1366678694.602356,97717526664.06941,0.0,0.0,3470103092.7835054,1.0,3470103092.7835054
CENTRAL_EXPLORATORY,59,37,STORY_FAILED_AND_MASS_ACCRETED,232000000.0,3200000.0,97717526664.06941,8321562305.28,3497938144.329897,102541150825.01952,1395117698.2995758,101146033126.71994,0.0,0.0,3497938144.329897,1.0,3497938144.329897
CENTRAL_EXPLORATORY,60,36,STORY_FAILED_AND_MASS_ACCRETED,235200000.0,3200000.0,101146033126.71994,8436342475.008,3525773195.876289,106056602405.85165,1423578555.7832336,104633023850.06842,0.0,0.0,3525773195.876289,1.0,3525773195.876289
CENTRAL_EXPLORATORY,61,35,STORY_FAILED_AND_MASS_ACCRETED,238400000.0,3200000.0,104633023850.06842,8551122644.736,3553608247.4226804,109630538247.38173,1452060109.2368317,108178478138.1449,0.0,0.0,3553608247.4226804,1.0,3553608247.4226804
CENTRAL_EXPLORATORY,62,34,STORY_FAILED_AND_MASS_ACCRETED,241600000.0,3200000.0,108178478138.1449,8665902814.464,3581443298.9690723,113262937653.63983,1480561276.518158,111782376377.12167,0.0,0.0,3581443298.9690723,1.0,3581443298.9690723
CENTRAL_EXPLORATORY,63,33,STORY_FAILED_AND_MASS_ACCRETED,244800000.0,3200000.0,111782376377.12167,8780682984.192,3609278350.515464,116953781010.79822,1509081045.3006287,115444699965.49759,0.0,0.0,3609278350.515464,1.0,3609278350.515464
CENTRAL_EXPLORATORY,64,32,STORY_FAILED_AND_MASS_ACCRETED,248000000.0,3200000.0,115444699965.49759,8895463153.92,3637113402.0618553,120703049717.35573,1537618467.7370148,119165431249.61871,0.0,0.0,3637113402.0618553,1.0,3637113402.0618553
CENTRAL_EXPLORATORY,65,31,STORY_FAILED_AND_MASS_ACCRETED,251200000.0,3200000.0,119165431249.61871,9010243323.648,3664948453.6082473,124510726119.65846,1566172655.5931702,122944553464.06529,0.0,0.0,3664948453.6082473,1.0,3664948453.6082473
CENTRAL_EXPLORATORY,66,30,STORY_FAILED_AND_MASS_ACCRETED,254400000.0,3200000.0,122944553464.06529,9125023493.376,3692783505.154639,128376793452.28665,1594742775.8048096,126782050676.48184,0.0,0.0,3692783505.154639,1.0,3692783505.154639
CENTRAL_EXPLORATORY,67,29,STORY_FAILED_AND_MASS_ACCRETED,257600000.0,3200000.0,126782050676.48184,9239803663.104,3720618556.7010307,132301235782.88481,1623328046.4157715,130677907736.46904,0.0,0.0,3720618556.7010307,1.0,3720618556.7010307
CENTRAL_EXPLORATORY,68,28,STORY_FAILED_AND_MASS_ACCRETED,260800000.0,3200000.0,130677907736.46904,9354583832.832,3748453608.247422,136284037961.0536,1651927732.8612976,134632110228.1923,0.0,0.0,3748453608.247422,1.0,3748453608.247422
CENTRAL_EXPLORATORY,69,27,STORY_FAILED_AND_MASS_ACCRETED,264000000.0,3200000.0,134632110228.1923,9469364002.56,3776288659.7938147,140325185570.9585,1680541144.5624084,138644644426.3961,0.0,0.0,3776288659.7938147,1.0,3776288659.7938147
CENTRAL_EXPLORATORY,70,26,STORY_FAILED_AND_MASS_ACCRETED,267200000.0,3200000.0,138644644426.3961,9584144172.288,3804123711.340206,144424664887.34387,1709167631.8029175,142715497255.54095,0.0,0.0,3804123711.340206,1.0,3804123711.340206
CENTRAL_EXPLORATORY,71,25,STORY_FAILED_AND_MASS_ACCRETED,270400000.0,3200000.0,142715497255.54095,9698924342.016,3831958762.886598,148582462834.67035,1737806582.8616333,146844656251.80872,0.0,0.0,3831958762.886598,1.0,3831958762.886598
CENTRAL_EXPLORATORY,72,24,STORY_FAILED_AND_MASS_ACCRETED,273600000.0,3200000.0,146844656251.80872,9813704511.744,3859793814.4329896,152798566949.11972,1766457421.3770447,151032109527.74268,0.0,0.0,3859793814.4329896,1.0,3859793814.4329896
CENTRAL_EXPLORATORY,73,23,STORY_FAILED_AND_MASS_ACCRETED,276800000.0,3200000.0,151032109527.74268,9928484681.472,3887628865.979382,157072965343.2353,1795119603.9226685,155277845739.31262,0.0,0.0,3887628865.979382,1.0,3887628865.979382
CENTRAL_EXPLORATORY,74,22,STORY_FAILED_AND_MASS_ACCRETED,280000000.0,3200000.0,155277845739.31262,10043264851.2,3915463917.5257735,161405646672.98685,1823792617.7738342,159581854055.213,0.0,0.0,3915463917.5257735,1.0,3915463917.5257735
CENTRAL_EXPLORATORY,75,21,STORY_FAILED_AND_MASS_ACCRETED,283200000.0,3200000.0,159581854055.213,10158045020.928,3943298969.0721655,165796600107.06885,1852475978.850006,163944124128.21884,0.0,0.0,3943298969.0721655,1.0,3943298969.0721655
CENTRAL_EXPLORATORY,76,20,STORY_FAILED_AND_MASS_ACCRETED,286400000.0,3200000.0,163944124128.21884,10272825190.656,3971134020.618557,170245815298.2563,1881169229.814972,168364646068.4413,0.0,0.0,3971134020.618557,1.0,3971134020.618557
CENTRAL_EXPLORATORY,77,19,STORY_FAILED_AND_MASS_ACCRETED,289600000.0,3200000.0,168364646068.4413,10387605360.384,3998969072.1649485,174753282356.66037,1909871938.3241272,172843410418.33624,0.0,0.0,3998969072.1649485,1.0,3998969072.1649485
CENTRAL_EXPLORATORY,78,18,STORY_FAILED_AND_MASS_ACCRETED,292800000.0,3200000.0,172843410418.33624,10502385530.112,4026804123.7113404,179318991824.7369,1938583695.402588,177380408129.33432,0.0,0.0,4026804123.7113404,1.0,4026804123.7113404
CENTRAL_EXPLORATORY,79,17,STORY_FAILED_AND_MASS_ACCRETED,296000000.0,3200000.0,177380408129.33432,10617165699.84,4054639175.257732,183942934653.9166,1967304113.9456177,181975630539.97098,0.0,0.0,4054639175.257732,1.0,4054639175.257732
CENTRAL_EXPLORATORY,80,16,STORY_FAILED_AND_MASS_ACCRETED,299200000.0,3200000.0,181975630539.97098,10731945869.568,4082474226.8041234,188625102182.73483,1996032827.3305054,186629069355.40433,0.0,0.0,4082474226.8041234,1.0,4082474226.8041234
CENTRAL_EXPLORATORY,81,15,STORY_FAILED_AND_MASS_ACCRETED,302400000.0,3200000.0,186629069355.40433,10846726039.296,4110309278.3505154,193365486116.3498,2024769488.1293335,191340716628.22046,0.0,0.0,4110309278.3505154,1.0,4110309278.3505154
CENTRAL_EXPLORATORY,82,14,STORY_FAILED_AND_MASS_ACCRETED,305600000.0,3200000.0,191340716628.22046,10961506209.024,4138144329.896907,198164078507.34753,2053513766.9154663,196110564740.43207,0.0,0.0,4138144329.896907,1.0,4138144329.896907
CENTRAL_EXPLORATORY,83,13,STORY_FAILED_AND_MASS_ACCRETED,308800000.0,3200000.0,196110564740.43207,11076286378.752,4165979381.4432983,203020871737.74078,2082265351.156311,200938606386.58447,0.0,0.0,4165979381.4432983,1.0,4165979381.4432983
CENTRAL_EXPLORATORY,84,12,STORY_FAILED_AND_MASS_ACCRETED,312000000.0,3200000.0,200938606386.58447,11191066548.48,4193814432.9896903,207935858502.0748,2111023944.1834412,205824834557.89136,0.0,0.0,4193814432.9896903,1.0,4193814432.9896903
CENTRAL_EXPLORATORY,85,11,STORY_FAILED_AND_MASS_ACCRETED,315200000.0,3200000.0,205824834557.89136,11305846718.208,4221649484.5360827,212909031791.5633,2139789264.2368774,210769242527.32642,0.0,0.0,4221649484.5360827,1.0,4221649484.5360827
CENTRAL_EXPLORATORY,86,10,STORY_FAILED_AND_MASS_ACCRETED,318400000.0,3200000.0,210769242527.32642,11420626887.936,4249484536.082474,217940384879.17993,2168561043.5739746,215771823835.60596,0.0,0.0,4249484536.082474,1.0,4249484536.082474
CENTRAL_EXPLORATORY,87,9,STORY_FAILED_AND_MASS_ACCRETED,321600000.0,3200000.0,215771823835.60596,11535407057.664,4277319587.628866,223029911305.64108,2197339027.641754,220832572277.99933,0.0,0.0,4277319587.628866,1.0,4277319587.628866
CENTRAL_EXPLORATORY,88,8,STORY_FAILED_AND_MASS_ACCRETED,324800000.0,3200000.0,220832572277.99933,11650187227.392,4305154639.175258,228177604866.21606,2226122974.3045044,225951481891.91156,0.0,0.0,4305154639.175258,1.0,4305154639.175258
CENTRAL_EXPLORATORY,89,7,STORY_FAILED_AND_MASS_ACCRETED,328000000.0,3200000.0,225951481891.91156,11764967397.119999,4332989690.72165,233383459598.3099,2254912653.1237793,231128546945.18613,0.0,0.0,4332989690.72165,1.0,4332989690.72165
CENTRAL_EXPLORATORY,90,6,STORY_FAILED_AND_MASS_ACCRETED,331200000.0,3200000.0,231128546945.18613,11879747566.848,4360824742.268042,238647469769.76608,2283707844.6868286,236363761925.07925,0.0,0.0,4360824742.268042,1.0,4360824742.268042
CENTRAL_EXPLORATORY,91,5,STORY_FAILED_AND_MASS_ACCRETED,334400000.0,3200000.0,236363761925.07925,11994527736.576,4388659793.814433,243969629867.84082,2312508339.979492,241657121527.86133,0.0,0.0,4388659793.814433,1.0,4388659793.814433
CENTRAL_EXPLORATORY,92,4,STORY_FAILED_AND_MASS_ACCRETED,337600000.0,3200000.0,241657121527.86133,12109307906.303999,4416494845.360825,249349934588.8045,2341313939.8009033,247008620649.0036,0.0,0.0,4416494845.360825,1.0,4416494845.360825
CENTRAL_EXPLORATORY,93,3,STORY_FAILED_AND_MASS_ACCRETED,340800000.0,3200000.0,247008620649.0036,12224088076.032,4444329896.907217,254788378828.1284,2370124454.2151794,252418254373.9132,0.0,0.0,4444329896.907217,1.0,4444329896.907217
CENTRAL_EXPLORATORY,94,2,STORY_FAILED_AND_MASS_ACCRETED,344000000.0,3200000.0,252418254373.9132,12338868245.76,4472164948.4536085,260284957671.2196,2398939702.03891,257886017969.1807,0.0,0.0,4472164948.4536085,1.0,4472164948.4536085
CENTRAL_EXPLORATORY,95,1,STORY_FAILED_AND_MASS_ACCRETED,347200000.0,3200000.0,257886017969.1807,12453648415.487999,4500000000.0,265839666384.6687,2427759510.3623047,263411906874.3064,0.0,0.0,4500000000.0,1.0,4500000000.0
VULNERABLE_ENVELOPE,1,94,STORY_FAILED_AND_MASS_ACCRETED,55800000.0,3600000.0,1501109407.224,2001479209.632,937827528.9892522,2564761087.866748,155440065.93131828,2409321021.9354296,0.0,0.0,1274226804.1237113,0.7359973326210151,937827528.9892522
VULNERABLE_ENVELOPE,2,93,STORY_FAILED_AND_MASS_ACCRETED,59400000.0,3600000.0,2409321021.9354296,2130606900.576,1096938247.12524,3442989675.3861895,196742267.16492605,3246247408.2212634,0.0,0.0,1292783505.154639,0.8485088514445638,1096938247.12524
VULNERABLE_ENVELOPE,3,92,STORY_FAILED_AND_MASS_ACCRETED,63000000.0,3600000.0,3246247408.2212634,2259734591.52,1311340206.1855671,4194641793.5556965,226737394.24625492,3967904399.3094416,0.0,0.0,1311340206.1855671,1.0,1311340206.1855671
VULNERABLE_ENVELOPE,4,91,STORY_FAILED_AND_MASS_ACCRETED,66600000.0,3600000.0,3967904399.3094416,2388862282.4639997,1329896907.2164948,5026869774.556947,257788193.56702232,4769081580.989924,0.0,0.0,1329896907.2164948,1.0,1329896907.2164948
VULNERABLE_ENVELOPE,5,90,STORY_FAILED_AND_MASS_ACCRETED,70200000.0,3600000.0,4769081580.989924,2517989973.408,1348453608.2474227,5938617946.150501,289688680.300025,5648929265.850476,0.0,0.0,1348453608.2474227,1.0,1348453608.2474227
VULNERABLE_ENVELOPE,6,89,STORY_FAILED_AND_MASS_ACCRETED,73800000.0,3600000.0,5648929265.850476,2647117664.3519998,1367010309.2783504,6929036620.924126,322280773.0662384,6606755847.857887,0.0,0.0,1367010309.2783504,1.0,1367010309.2783504
VULNERABLE_ENVELOPE,7,88,STORY_FAILED_AND_MASS_ACCRETED,77400000.0,3600000.0,6606755847.857887,2776245355.296,1385567010.3092782,7997434192.844608,355441519.681983,7641992673.162625,0.0,0.0,1385567010.3092782,1.0,1385567010.3092782
VULNERABLE_ENVELOPE,8,87,STORY_FAILED_AND_MASS_ACCRETED,81000000.0,3600000.0,7641992673.162625,2905373046.24,1404123711.3402061,9143242008.06242,389074128.00265884,8754167880.059761,0.0,0.0,1404123711.3402061,1.0,1404123711.3402061
VULNERABLE_ENVELOPE,9,86,STORY_FAILED_AND_MASS_ACCRETED,84600000.0,3600000.0,8754167880.059761,3034500737.184,1422680412.371134,10365988204.872627,423101559.382555,9942886645.490072,0.0,0.0,1422680412.371134,1.0,1422680412.371134
VULNERABLE_ENVELOPE,10,85,STORY_FAILED_AND_MASS_ACCRETED,88200000.0,3600000.0,9942886645.490072,3163628428.128,1441237113.4020617,11665277960.216011,457461880.79278755,11207816079.423223,0.0,0.0,1441237113.4020617,1.0,1441237113.4020617
VULNERABLE_ENVELOPE,11,84,STORY_FAILED_AND_MASS_ACCRETED,91800000.0,3600000.0,11207816079.423223,3292756119.072,1459793814.4329898,13040778384.062235,492104844.68159866,12548673539.380636,0.0,0.0,1459793814.4329898,1.0,1459793814.4329898
VULNERABLE_ENVELOPE,12,83,STORY_FAILED_AND_MASS_ACCRETED,95400000.0,3600000.0,12548673539.380636,3421883810.016,1478350515.4639175,14492206833.93272,526989339.41573715,13965217494.516983,0.0,0.0,1478350515.4639175,1.0,1478350515.4639175
VULNERABLE_ENVELOPE,13,82,STORY_FAILED_AND_MASS_ACCRETED,99000000.0,3600000.0,13965217494.516983,3551011500.96,1496907216.4948454,16019321778.982136,562081465.9292011,15457240313.052935,0.0,0.0,1496907216.4948454,1.0,1496907216.4948454
VULNERABLE_ENVELOPE,14,81,STORY_FAILED_AND_MASS_ACCRETED,102600000.0,3600000.0,15457240313.052935,3680139191.904,1515463917.525773,17621915587.431164,597353070.7603779,17024562516.670786,0.0,0.0,1515463917.525773,1.0,1515463917.525773
VULNERABLE_ENVELOPE,15,80,STORY_FAILED_AND_MASS_ACCRETED,106200000.0,3600000.0,17024562516.670786,3809266882.8479996,1534020618.556701,19299808780.962082,632780615.769249,18667028165.192833,0.0,0.0,1534020618.556701,1.0,1534020618.556701
VULNERABLE_ENVELOPE,16,79,STORY_FAILED_AND_MASS_ACCRETED,109800000.0,3600000.0,18667028165.192833,3938394573.792,1552577319.5876288,21052845419.397205,668344299.0284882,20384501120.368717,0.0,0.0,1552577319.5876288,1.0,1552577319.5876288
VULNERABLE_ENVELOPE,17,78,STORY_FAILED_AND_MASS_ACCRETED,113400000.0,3600000.0,20384501120.368717,4067522264.736,1571134020.6185567,22880889364.48616,704027365.0611153,22176861999.425045,0.0,0.0,1571134020.6185567,1.0,1571134020.6185567
VULNERABLE_ENVELOPE,18,77,STORY_FAILED_AND_MASS_ACCRETED,117000000.0,3600000.0,22176861999.425045,4196649955.68,1589690721.6494844,24783821233.455563,739815559.2076225,24044005674.24794,0.0,0.0,1589690721.6494844,1.0,1589690721.6494844
VULNERABLE_ENVELOPE,19,76,STORY_FAILED_AND_MASS_ACCRETED,120600000.0,3600000.0,24044005674.24794,4325777646.624,1608247422.6804125,26761535898.19153,775696692.7012024,25985839205.490326,0.0,0.0,1608247422.6804125,1.0,1608247422.6804125
VULNERABLE_ENVELOPE,20,75,STORY_FAILED_AND_MASS_ACCRETED,124200000.0,3600000.0,25985839205.490326,4454905337.568,1626804123.7113402,28813940419.346985,811660293.5027351,28002280125.84425,0.0,0.0,1626804123.7113402,1.0,1626804123.7113402
VULNERABLE_ENVELOPE,21,74,STORY_FAILED_AND_MASS_ACCRETED,127800000.0,3600000.0,28002280125.84425,4584033028.512,1645360824.742268,30940952329.613983,847697324.0990105,30093255005.514973,0.0,0.0,1645360824.742268,1.0,1645360824.742268
VULNERABLE_ENVELOPE,22,73,STORY_FAILED_AND_MASS_ACCRETED,131400000.0,3600000.0,30093255005.514973,4713160719.456,1663917525.7731957,33142498199.197773,883799951.9786072,32258698247.219166,0.0,0.0,1663917525.7731957,1.0,1663917525.7731957
VULNERABLE_ENVELOPE,23,72,STORY_FAILED_AND_MASS_ACCRETED,135000000.0,3600000.0,32258698247.219166,4842288410.4,1682474226.8041236,35418512430.81504,919961361.8393478,34498551068.97569,0.0,0.0,1682474226.8041236,1.0,1682474226.8041236
VULNERABLE_ENVELOPE,24,71,STORY_FAILED_AND_MASS_ACCRETED,138600000.0,3600000.0,34498551068.97569,4971416101.344,1701030927.8350515,37768936242.48464,956175601.0755539,36812760641.40909,0.0,0.0,1701030927.8350515,1.0,1701030927.8350515
VULNERABLE_ENVELOPE,25,70,STORY_FAILED_AND_MASS_ACCRETED,142200000.0,3600000.0,36812760641.40909,5100543792.288,1719587628.8659794,40193716804.83111,992437451.9711304,39201279352.85998,0.0,0.0,1719587628.8659794,1.0,1719587628.8659794
VULNERABLE_ENVELOPE,26,69,STORY_FAILED_AND_MASS_ACCRETED,145800000.0,3600000.0,39201279352.85998,5229671483.232,1738144329.896907,42692806506.195076,1028742325.4505005,41664064180.744576,0.0,0.0,1738144329.896907,1.0,1738144329.896907
VULNERABLE_ENVELOPE,27,68,STORY_FAILED_AND_MASS_ACCRETED,149400000.0,3600000.0,41664064180.744576,5358799174.176,1756701030.9278352,45266162323.992744,1065086172.3292389,44201076151.663506,0.0,0.0,1756701030.9278352,1.0,1756701030.9278352
VULNERABLE_ENVELOPE,28,67,STORY_FAILED_AND_MASS_ACCRETED,153000000.0,3600000.0,44201076151.663506,5487926865.12,1775257731.958763,47913745284.824745,1101465408.84655,46812279875.978195,0.0,0.0,1775257731.958763,1.0,1775257731.958763
VULNERABLE_ENVELOPE,29,66,STORY_FAILED_AND_MASS_ACCRETED,156600000.0,3600000.0,46812279875.978195,5617054556.064,1793814432.9896908,50635519999.052505,1137876853.9112854,49497643145.14122,0.0,0.0,1793814432.9896908,1.0,1793814432.9896908
VULNERABLE_ENVELOPE,30,65,STORY_FAILED_AND_MASS_ACCRETED,160200000.0,3600000.0,49497643145.14122,5746182247.008,1812371134.0206184,53431454258.1286,1174317676.0028229,52257136582.12578,0.0,0.0,1812371134.0206184,1.0,1812371134.0206184
VULNERABLE_ENVELOPE,31,64,STORY_FAILED_AND_MASS_ACCRETED,163800000.0,3600000.0,52257136582.12578,5875309937.952,1830927835.0515463,56301518685.02623,1210785348.0650864,55090733336.96114,0.0,0.0,1830927835.0515463,1.0,1830927835.0515463
VULNERABLE_ENVELOPE,32,63,STORY_FAILED_AND_MASS_ACCRETED,167400000.0,3600000.0,55090733336.96114,6004437628.896,1849484536.082474,59245686429.77467,1247277609.047882,57998408820.72679,0.0,0.0,1849484536.082474,1.0,1849484536.082474
VULNERABLE_ENVELOPE,33,62,STORY_FAILED_AND_MASS_ACCRETED,171000000.0,3600000.0,57998408820.72679,6133565319.84,1868041237.1134021,62263932903.453384,1283792430.9990387,60980140472.454346,0.0,0.0,1868041237.1134021,1.0,1868041237.1134021
VULNERABLE_ENVELOPE,34,61,STORY_FAILED_AND_MASS_ACCRETED,174600000.0,3600000.0,60980140472.454346,6262693010.784,1886597938.1443298,65356235545.09401,1320327990.80999,64035907554.28402,0.0,0.0,1886597938.1443298,1.0,1886597938.1443298
VULNERABLE_ENVELOPE,35,60,STORY_FAILED_AND_MASS_ACCRETED,178200000.0,3600000.0,64035907554.28402,6391820701.728,1905154639.175258,68522573616.83677,1356882645.8779678,67165690970.9588,0.0,0.0,1905154639.175258,1.0,1905154639.175258
VULNERABLE_ENVELOPE,36,59,STORY_FAILED_AND_MASS_ACCRETED,181800000.0,3600000.0,67165690970.9588,6520948392.672,1923711340.2061856,71762928023.4246,1393454913.0762177,70369473110.34839,0.0,0.0,1923711340.2061856,1.0,1923711340.2061856
VULNERABLE_ENVELOPE,37,58,STORY_FAILED_AND_MASS_ACCRETED,185400000.0,3600000.0,70369473110.34839,6650076083.616,1942268041.2371135,75077281152.72728,1430043450.5281677,73647237702.19911,0.0,0.0,1942268041.2371135,1.0,1942268041.2371135
VULNERABLE_ENVELOPE,38,57,STORY_FAILED_AND_MASS_ACCRETED,189000000.0,3600000.0,73647237702.19911,6779203774.559999,1960824742.2680411,78465616734.49107,1466647041.7661743,76998969692.7249,0.0,0.0,1960824742.2680411,1.0,1960824742.2680411
VULNERABLE_ENVELOPE,39,56,STORY_FAILED_AND_MASS_ACCRETED,192600000.0,3600000.0,76998969692.7249,6908331465.504,1979381443.298969,81927919714.92993,1503264581.9253082,80424655133.00462,0.0,0.0,1979381443.298969,1.0,1979381443.298969
VULNERABLE_ENVELOPE,40,55,STORY_FAILED_AND_MASS_ACCRETED,196200000.0,3600000.0,80424655133.00462,7037459156.448,1997938144.3298967,85464176145.12273,1539895065.6778717,83924281079.44485,0.0,0.0,1997938144.3298967,1.0,1997938144.3298967
VULNERABLE_ENVELOPE,41,54,STORY_FAILED_AND_MASS_ACCRETED,199800000.0,3600000.0,83924281079.44485,7166586847.392,2016494845.3608248,89074373081.47603,1576537576.6632843,87497835504.81274,0.0,0.0,2016494845.3608248,1.0,2016494845.3608248
VULNERABLE_ENVELOPE,42,53,STORY_FAILED_AND_MASS_ACCRETED,203400000.0,3600000.0,87497835504.81274,7295714538.3359995,2035051546.3917525,92758498496.75699,1613191278.2044525,91145307218.55254,0.0,0.0,2035051546.3917525,1.0,2035051546.3917525
VULNERABLE_ENVELOPE,43,52,STORY_FAILED_AND_MASS_ACCRETED,207000000.0,3600000.0,91145307218.55254,7424842229.279999,2053608247.4226806,96516541200.40985,1649855405.1352081,94866685795.27464,0.0,0.0,2053608247.4226806,1.0,2053608247.4226806
VULNERABLE_ENVELOPE,44,51,STORY_FAILED_AND_MASS_ACCRETED,210600000.0,3600000.0,94866685795.27464,7553969920.223999,2072164948.4536083,100348490767.04503,1686529256.5890045,98661961510.45602,0.0,0.0,2072164948.4536083,1.0,2072164948.4536083
VULNERABLE_ENVELOPE,45,50,STORY_FAILED_AND_MASS_ACCRETED,214200000.0,3600000.0,98661961510.45602,7683097611.167999,2090721649.4845362,104254337472.13948,1723212189.6221313,102531125282.51735,0.0,0.0,2090721649.4845362,1.0,2090721649.4845362
VULNERABLE_ENVELOPE,46,49,STORY_FAILED_AND_MASS_ACCRETED,217800000.0,3600000.0,102531125282.51735,7812225302.1119995,2109278350.5154638,108234072234.11389,1759903613.562851,106474168620.55104,0.0,0.0,2109278350.5154638,1.0,2109278350.5154638
VULNERABLE_ENVELOPE,47,48,STORY_FAILED_AND_MASS_ACCRETED,221400000.0,3600000.0,106474168620.55104,7941352993.056,2127835051.5463917,112287686562.06065,1796602984.992981,110491083577.06767,0.0,0.0,2127835051.5463917,1.0,2127835051.5463917
VULNERABLE_ENVELOPE,48,47,STORY_FAILED_AND_MASS_ACCRETED,225000000.0,3600000.0,110491083577.06767,8070480684.0,2146391752.5773194,116415172508.49036,1833309803.2832947,114581862705.20706,0.0,0.0,2146391752.5773194,1.0,2146391752.5773194
VULNERABLE_ENVELOPE,49,46,STORY_FAILED_AND_MASS_ACCRETED,228600000.0,3600000.0,114581862705.20706,8199608374.944,2164948453.6082473,120616522626.54282,1870023606.6130676,118746499019.92975,0.0,0.0,2164948453.6082473,1.0,2164948453.6082473
VULNERABLE_ENVELOPE,50,45,STORY_FAILED_AND_MASS_ACCRETED,232200000.0,3600000.0,118746499019.92975,8328736065.888,2183505154.6391754,124891729931.17857,1906743968.4149628,122984985962.76361,0.0,0.0,2183505154.6391754,1.0,2183505154.6391754
VULNERABLE_ENVELOPE,51,44,STORY_FAILED_AND_MASS_ACCRETED,235800000.0,3600000.0,122984985962.76361,8457863756.832,2202061855.670103,129240787863.9255,1943470494.1943817,127297317369.73112,0.0,0.0,2202061855.670103,1.0,2202061855.670103
VULNERABLE_ENVELOPE,52,43,STORY_FAILED_AND_MASS_ACCRETED,239400000.0,3600000.0,127297317369.73112,8586991447.776,2220618556.701031,133663690260.80609,1980202818.6785889,131683487442.1275,0.0,0.0,2220618556.701031,1.0,2220618556.701031
VULNERABLE_ENVELOPE,53,42,STORY_FAILED_AND_MASS_ACCRETED,243000000.0,3600000.0,131683487442.1275,8716119138.72,2239175257.731959,138160431323.11554,2016940603.2571259,136143490719.85841,0.0,0.0,2239175257.731959,1.0,2239175257.731959
VULNERABLE_ENVELOPE,54,41,STORY_FAILED_AND_MASS_ACCRETED,246600000.0,3600000.0,136143490719.85841,8845246829.664,2257731958.7628865,142731005590.75952,2053683533.6799927,140677322057.07953,0.0,0.0,2257731958.7628865,1.0,2257731958.7628865
VULNERABLE_ENVELOPE,55,40,STORY_FAILED_AND_MASS_ACCRETED,250200000.0,3600000.0,140677322057.07953,8974374520.608,2276288659.793814,147375407917.8937,2090431317.984314,145284976599.9094,0.0,0.0,2276288659.793814,1.0,2276288659.793814
VULNERABLE_ENVELOPE,56,39,STORY_FAILED_AND_MASS_ACCRETED,253800000.0,3600000.0,145284976599.9094,9103502211.552,2294845360.8247423,152093633450.63666,2127183684.624298,149966449766.01236,0.0,0.0,2294845360.8247423,1.0,2294845360.8247423
VULNERABLE_ENVELOPE,57,38,STORY_FAILED_AND_MASS_ACCRETED,257400000.0,3600000.0,149966449766.01236,9232629902.496,2313402061.85567,156885677606.65268,2163940380.7814026,154721737225.87128,0.0,0.0,2313402061.85567,1.0,2313402061.85567
VULNERABLE_ENVELOPE,58,37,STORY_FAILED_AND_MASS_ACCRETED,261000000.0,3600000.0,154721737225.87128,9361757593.44,2331958762.886598,161751536056.42468,2200701170.8356934,159550834885.589,0.0,0.0,2331958762.886598,1.0,2331958762.886598
VULNERABLE_ENVELOPE,59,36,STORY_FAILED_AND_MASS_ACCRETED,264600000.0,3600000.0,159550834885.589,9490885284.384,2350515463.917526,166691204706.05548,2237465834.980591,164453738871.0749,0.0,0.0,2350515463.917526,1.0,2350515463.917526
VULNERABLE_ENVELOPE,60,35,STORY_FAILED_AND_MASS_ACCRETED,268200000.0,3600000.0,164453738871.0749,9620012975.328,2369072164.948454,171704679681.45444,2274234167.966278,169430445513.48816,0.0,0.0,2369072164.948454,1.0,2369072164.948454
VULNERABLE_ENVELOPE,61,34,STORY_FAILED_AND_MASS_ACCRETED,271800000.0,3600000.0,169430445513.48816,9749140666.272,2387628865.9793816,176791957313.7808,2311005977.9578857,174480951335.8229,0.0,0.0,2387628865.9793816,1.0,2387628865.9793816
VULNERABLE_ENVELOPE,62,33,STORY_FAILED_AND_MASS_ACCRETED,275400000.0,3600000.0,174480951335.8229,9878268357.216,2406185567.010309,181953034126.0286,2347781085.4971313,179605253040.53146,0.0,0.0,2406185567.010309,1.0,2406185567.010309
VULNERABLE_ENVELOPE,63,32,STORY_FAILED_AND_MASS_ACCRETED,279000000.0,3600000.0,179605253040.53146,10007396048.16,2424742268.041237,187187906820.65024,2384559322.556061,184803347498.09418,0.0,0.0,2424742268.041237,1.0,2424742268.041237
VULNERABLE_ENVELOPE,64,31,STORY_FAILED_AND_MASS_ACCRETED,282600000.0,3600000.0,184803347498.09418,10136523739.104,2443298969.072165,192496572268.126,2421340531.6745605,190075231736.45145,0.0,0.0,2443298969.072165,1.0,2443298969.072165
VULNERABLE_ENVELOPE,65,30,STORY_FAILED_AND_MASS_ACCRETED,286200000.0,3600000.0,190075231736.45145,10265651430.048,2461855670.1030927,197879027496.39636,2458124565.1726685,195420902931.2237,0.0,0.0,2461855670.1030927,1.0,2461855670.1030927
VULNERABLE_ENVELOPE,66,29,STORY_FAILED_AND_MASS_ACCRETED,289800000.0,3600000.0,195420902931.2237,10394779120.992,2480412371.1340203,203335269681.08167,2494911284.430481,200840358396.65118,0.0,0.0,2480412371.1340203,1.0,2480412371.1340203
VULNERABLE_ENVELOPE,67,28,STORY_FAILED_AND_MASS_ACCRETED,293400000.0,3600000.0,200840358396.65118,10523906811.936,2498969072.164948,208865296136.42224,2531700559.22937,206333595577.19287,0.0,0.0,2498969072.164948,1.0,2498969072.164948
VULNERABLE_ENVELOPE,68,27,STORY_FAILED_AND_MASS_ACCRETED,297000000.0,3600000.0,206333595577.19287,10653034502.88,2517525773.1958766,214469104306.877,2568492267.148224,211900612039.7288,0.0,0.0,2517525773.1958766,1.0,2517525773.1958766
VULNERABLE_ENVELOPE,69,26,STORY_FAILED_AND_MASS_ACCRETED,300600000.0,3600000.0,211900612039.7288,10782162193.824,2536082474.2268043,220146691759.326,2605286293.0097656,217541405466.31622,0.0,0.0,2536082474.2268043,1.0,2536082474.2268043
VULNERABLE_ENVELOPE,70,25,STORY_FAILED_AND_MASS_ACCRETED,304200000.0,3600000.0,217541405466.31622,10911289884.768,2554639175.257732,225898056175.8265,2642082528.372223,223255973647.45428,0.0,0.0,2554639175.257732,1.0,2554639175.257732
VULNERABLE_ENVELOPE,71,24,STORY_FAILED_AND_MASS_ACCRETED,307800000.0,3600000.0,223255973647.45428,11040417575.712,2573195876.2886596,231723195346.87762,2678880871.0622253,229044314475.8154,0.0,0.0,2573195876.2886596,1.0,2573195876.2886596
VULNERABLE_ENVELOPE,72,23,STORY_FAILED_AND_MASS_ACCRETED,311400000.0,3600000.0,229044314475.8154,11169545266.656,2591752577.319588,237622107165.15182,2715681224.744629,234906425940.4072,0.0,0.0,2591752577.319588,1.0,2591752577.319588
VULNERABLE_ENVELOPE,73,22,STORY_FAILED_AND_MASS_ACCRETED,315000000.0,3600000.0,234906425940.4072,11298672957.6,2610309278.350516,243594789619.65668,2752483498.5271606,240842306121.12952,0.0,0.0,2610309278.350516,1.0,2610309278.350516
VULNERABLE_ENVELOPE,74,21,STORY_FAILED_AND_MASS_ACCRETED,318600000.0,3600000.0,240842306121.12952,11427800648.544,2628865979.3814435,249641240790.29208,2789287606.5954285,246851953183.69666,0.0,0.0,2628865979.3814435,1.0,2628865979.3814435
VULNERABLE_ENVELOPE,75,20,STORY_FAILED_AND_MASS_ACCRETED,322200000.0,3600000.0,246851953183.69666,11556928339.487999,2647422680.412371,255761458842.77228,2826093467.875946,252935365374.89633,0.0,0.0,2647422680.412371,1.0,2647422680.412371
VULNERABLE_ENVELOPE,76,19,STORY_FAILED_AND_MASS_ACCRETED,325800000.0,3600000.0,252935365374.89633,11686056030.432,2665979381.4432993,261955442023.88504,2862901005.7255554,259092541018.1595,0.0,0.0,2665979381.4432993,1.0,2665979381.4432993
VULNERABLE_ENVELOPE,77,18,STORY_FAILED_AND_MASS_ACCRETED,329400000.0,3600000.0,259092541018.1595,11815183721.376,2684536082.474227,268223188657.06128,2899710147.643921,265323478509.41736,0.0,0.0,2684536082.474227,1.0,2684536082.474227
VULNERABLE_ENVELOPE,78,17,STORY_FAILED_AND_MASS_ACCRETED,333000000.0,3600000.0,265323478509.41736,11944311412.32,2703092783.5051546,274564697138.2322,2936520825.0078735,271628176313.22433,0.0,0.0,2703092783.5051546,1.0,2703092783.5051546
VULNERABLE_ENVELOPE,79,16,STORY_FAILED_AND_MASS_ACCRETED,336600000.0,3600000.0,271628176313.22433,12073439103.264,2721649484.5360823,280979965931.9523,2973332972.824951,278006632959.1273,0.0,0.0,2721649484.5360823,1.0,2721649484.5360823
VULNERABLE_ENVELOPE,80,15,STORY_FAILED_AND_MASS_ACCRETED,340200000.0,3600000.0,278006632959.1273,12202566794.208,2740206185.5670104,287468993567.7683,3010146529.505432,284458847038.2629,0.0,0.0,2740206185.5670104,1.0,2740206185.5670104
VULNERABLE_ENVELOPE,81,14,STORY_FAILED_AND_MASS_ACCRETED,343800000.0,3600000.0,284458847038.2629,12331694485.152,2758762886.597938,294031778636.8169,3046961436.65094,290984817200.16595,0.0,0.0,2758762886.597938,1.0,2758762886.597938
VULNERABLE_ENVELOPE,82,13,STORY_FAILED_AND_MASS_ACCRETED,347400000.0,3600000.0,290984817200.16595,12460822176.096,2777319587.6288657,300668319788.6331,3083777638.857788,297584542149.7753,0.0,0.0,2777319587.6288657,1.0,2777319587.6288657
VULNERABLE_ENVELOPE,83,12,STORY_FAILED_AND_MASS_ACCRETED,351000000.0,3600000.0,297584542149.7753,12589949867.039999,2795876288.6597934,307378615728.1555,3120595083.534607,304258020644.6209,0.0,0.0,2795876288.6597934,1.0,2795876288.6597934
VULNERABLE_ENVELOPE,84,11,STORY_FAILED_AND_MASS_ACCRETED,354600000.0,3600000.0,304258020644.6209,12719077557.984,2814432989.690722,314162665212.9142,3157413720.732727,311005251492.18146,0.0,0.0,2814432989.690722,1.0,2814432989.690722
VULNERABLE_ENVELOPE,85,10,STORY_FAILED_AND_MASS_ACCRETED,358200000.0,3600000.0,311005251492.18146,12848205248.928,2832989690.7216496,321020467050.38776,3194233502.9890137,317826233547.39874,0.0,0.0,2832989690.7216496,1.0,2832989690.7216496
VULNERABLE_ENVELOPE,86,9,STORY_FAILED_AND_MASS_ACCRETED,361800000.0,3600000.0,317826233547.39874,12977332939.872,2851546391.7525773,327952020095.5182,3231054385.177429,324720965710.34076,0.0,0.0,2851546391.7525773,1.0,2851546391.7525773
VULNERABLE_ENVELOPE,87,8,STORY_FAILED_AND_MASS_ACCRETED,365400000.0,3600000.0,324720965710.34076,13106460630.816,2870103092.783505,334957323248.3732,3267876324.3743286,331689446923.9989,0.0,0.0,2870103092.783505,1.0,2870103092.783505
VULNERABLE_ENVELOPE,88,7,STORY_FAILED_AND_MASS_ACCRETED,369000000.0,3600000.0,331689446923.9989,13235588321.76,2888659793.8144336,342036375451.94446,3304699279.728943,338731676172.2155,0.0,0.0,2888659793.8144336,1.0,2888659793.8144336
VULNERABLE_ENVELOPE,89,6,STORY_FAILED_AND_MASS_ACCRETED,372600000.0,3600000.0,338731676172.2155,13364716012.704,2907216494.845361,349189175690.07416,3341523212.345215,345847652477.72894,0.0,0.0,2907216494.845361,1.0,2907216494.845361
VULNERABLE_ENVELOPE,90,5,STORY_FAILED_AND_MASS_ACCRETED,376200000.0,3600000.0,345847652477.72894,13493843703.648,2925773195.876289,356415722985.5007,3378348085.1707764,353037374900.3299,0.0,0.0,2925773195.876289,1.0,2925773195.876289
VULNERABLE_ENVELOPE,91,4,STORY_FAILED_AND_MASS_ACCRETED,379800000.0,3600000.0,353037374900.3299,13622971394.592,2944329896.9072165,363716016398.01465,3415173862.892151,360300842535.1225,0.0,0.0,2944329896.9072165,1.0,2944329896.9072165
VULNERABLE_ENVELOPE,92,3,STORY_FAILED_AND_MASS_ACCRETED,383400000.0,3600000.0,360300842535.1225,13752099085.536,2962886597.9381447,371090055022.72034,3452000511.8393555,367638054510.881,0.0,0.0,2962886597.9381447,1.0,2962886597.9381447
VULNERABLE_ENVELOPE,93,2,STORY_FAILED_AND_MASS_ACCRETED,387000000.0,3600000.0,367638054510.881,13881226776.48,2981443298.9690723,378537837988.3919,3488827999.8929443,375049009988.49896,0.0,0.0,2981443298.9690723,1.0,2981443298.9690723
VULNERABLE_ENVELOPE,94,1,STORY_FAILED_AND_MASS_ACCRETED,390600000.0,3600000.0,375049009988.49896,14010354467.424,3000000000.0,386059364455.923,3525656296.401245,382533708159.5217,0.0,0.0,3000000000.0,1.0,3000000000.0
