floor,stair,plan_stair_number,floor_plan_sheet,core_plan_sheet,core_coverage_kind,plan_identifier_visible,nominal_drawing_location_documented,v9v_figure_9_124_marker_visibility,v9v_source_visible_marker,v9w_documentary_effect,official_model_damage_marker_gap_closed,drawing_status,drawing_scale_transcription,scan_pixel_to_physical_conversion_used,numeric_dimension_extracted,model_geometry_promoted,variant_status,mass_kg,stiffness_n_per_m,strength_n,connection_credit,load_path_credit,component_damage_credit,limitation
93,A,1,A-A-147.tif,A-A-148.tif,TITLED_MULTI_FLOOR_RANGE,True,True,VISIBLE_NUMBERED_MARKER_BOX,True,NOMINAL_PLAN_CROSS_CHECK_DOCUMENTED,False,NOMINAL_ARCHITECTURAL_CONTRACT_DRAWING_SCAN_NOT_VERIFIED_AS_BUILT,1/8 inch = 1 foot 0 inches,False,False,False,INHERITED_SEPARATE_HYPOTHESES_NOT_UPDATED_BY_V9W,0.0,0.0,0.0,0.0,0.0,0.0,"Visible nominal drawing identifier only; no scan-derived coordinate, as-built certification, physical property or damage validation."
93,C,2,A-A-147.tif,A-A-148.tif,TITLED_MULTI_FLOOR_RANGE,True,True,VISIBLE_NUMBERED_MARKER_BOX,True,NOMINAL_PLAN_CROSS_CHECK_DOCUMENTED,False,NOMINAL_ARCHITECTURAL_CONTRACT_DRAWING_SCAN_NOT_VERIFIED_AS_BUILT,1/8 inch = 1 foot 0 inches,False,False,False,INHERITED_SEPARATE_HYPOTHESES_NOT_UPDATED_BY_V9W,0.0,0.0,0.0,0.0,0.0,0.0,"Visible nominal drawing identifier only; no scan-derived coordinate, as-built certification, physical property or damage validation."
93,B,3,A-A-147.tif,A-A-148.tif,TITLED_MULTI_FLOOR_RANGE,True,True,VISIBLE_NUMBERED_MARKER_BOX,True,NOMINAL_PLAN_CROSS_CHECK_DOCUMENTED,False,NOMINAL_ARCHITECTURAL_CONTRACT_DRAWING_SCAN_NOT_VERIFIED_AS_BUILT,1/8 inch = 1 foot 0 inches,False,False,False,INHERITED_SEPARATE_HYPOTHESES_NOT_UPDATED_BY_V9W,0.0,0.0,0.0,0.0,0.0,0.0,"Visible nominal drawing identifier only; no scan-derived coordinate, as-built certification, physical property or damage validation."
94,A,1,A-A-149.tif,A-A-150.tif,TITLED_SINGLE_FLOOR,True,True,VISIBLE_NUMBERED_MARKER_BOX,True,NOMINAL_PLAN_CROSS_CHECK_DOCUMENTED,False,NOMINAL_ARCHITECTURAL_CONTRACT_DRAWING_SCAN_NOT_VERIFIED_AS_BUILT,1/8 inch = 1 foot 0 inches,False,False,False,INHERITED_SEPARATE_HYPOTHESES_NOT_UPDATED_BY_V9W,0.0,0.0,0.0,0.0,0.0,0.0,"Visible nominal drawing identifier only; no scan-derived coordinate, as-built certification, physical property or damage validation."
94,C,2,A-A-149.tif,A-A-150.tif,TITLED_SINGLE_FLOOR,True,True,NOT_RECOVERABLE_AMID_MODELED_DISRUPTION,False,NOMINAL_PLAN_LOCATION_DOCUMENTED_V9V_DAMAGE_MARKER_REMAINS_UNRECOVERABLE,False,NOMINAL_ARCHITECTURAL_CONTRACT_DRAWING_SCAN_NOT_VERIFIED_AS_BUILT,1/8 inch = 1 foot 0 inches,False,False,False,INHERITED_SEPARATE_HYPOTHESES_NOT_UPDATED_BY_V9W,0.0,0.0,0.0,0.0,0.0,0.0,"Visible nominal drawing identifier only; no scan-derived coordinate, as-built certification, physical property or damage validation."
94,B,3,A-A-149.tif,A-A-150.tif,TITLED_SINGLE_FLOOR,True,True,VISIBLE_NUMBERED_MARKER_BOX,True,NOMINAL_PLAN_CROSS_CHECK_DOCUMENTED,False,NOMINAL_ARCHITECTURAL_CONTRACT_DRAWING_SCAN_NOT_VERIFIED_AS_BUILT,1/8 inch = 1 foot 0 inches,False,False,False,INHERITED_SEPARATE_HYPOTHESES_NOT_UPDATED_BY_V9W,0.0,0.0,0.0,0.0,0.0,0.0,"Visible nominal drawing identifier only; no scan-derived coordinate, as-built certification, physical property or damage validation."
95,A,1,A-A-149.tif,A-A-151.tif,TITLED_SINGLE_FLOOR,True,True,VISIBLE_NUMBERED_MARKER_BOX,True,NOMINAL_PLAN_CROSS_CHECK_DOCUMENTED,False,NOMINAL_ARCHITECTURAL_CONTRACT_DRAWING_SCAN_NOT_VERIFIED_AS_BUILT,1/8 inch = 1 foot 0 inches,False,False,False,INHERITED_SEPARATE_HYPOTHESES_NOT_UPDATED_BY_V9W,0.0,0.0,0.0,0.0,0.0,0.0,"Visible nominal drawing identifier only; no scan-derived coordinate, as-built certification, physical property or damage validation."
95,C,2,A-A-149.tif,A-A-151.tif,TITLED_SINGLE_FLOOR,True,True,NOT_RECOVERABLE_AMID_MODELED_DISRUPTION,False,NOMINAL_PLAN_LOCATION_DOCUMENTED_V9V_DAMAGE_MARKER_REMAINS_UNRECOVERABLE,False,NOMINAL_ARCHITECTURAL_CONTRACT_DRAWING_SCAN_NOT_VERIFIED_AS_BUILT,1/8 inch = 1 foot 0 inches,False,False,False,INHERITED_SEPARATE_HYPOTHESES_NOT_UPDATED_BY_V9W,0.0,0.0,0.0,0.0,0.0,0.0,"Visible nominal drawing identifier only; no scan-derived coordinate, as-built certification, physical property or damage validation."
95,B,3,A-A-149.tif,A-A-151.tif,TITLED_SINGLE_FLOOR,True,True,VISIBLE_NUMBERED_MARKER_BOX,True,NOMINAL_PLAN_CROSS_CHECK_DOCUMENTED,False,NOMINAL_ARCHITECTURAL_CONTRACT_DRAWING_SCAN_NOT_VERIFIED_AS_BUILT,1/8 inch = 1 foot 0 inches,False,False,False,INHERITED_SEPARATE_HYPOTHESES_NOT_UPDATED_BY_V9W,0.0,0.0,0.0,0.0,0.0,0.0,"Visible nominal drawing identifier only; no scan-derived coordinate, as-built certification, physical property or damage validation."
96,A,1,A-A-152.tif,A-A-153.tif,TITLED_MULTI_FLOOR_RANGE,True,True,VISIBLE_NUMBERED_MARKER_BOX,True,NOMINAL_PLAN_CROSS_CHECK_DOCUMENTED,False,NOMINAL_ARCHITECTURAL_CONTRACT_DRAWING_SCAN_NOT_VERIFIED_AS_BUILT,1/8 inch = 1 foot 0 inches,False,False,False,INHERITED_SEPARATE_HYPOTHESES_NOT_UPDATED_BY_V9W,0.0,0.0,0.0,0.0,0.0,0.0,"Visible nominal drawing identifier only; no scan-derived coordinate, as-built certification, physical property or damage validation."
96,C,2,A-A-152.tif,A-A-153.tif,TITLED_MULTI_FLOOR_RANGE,True,True,VISIBLE_NUMBERED_MARKER_BOX,True,NOMINAL_PLAN_CROSS_CHECK_DOCUMENTED,False,NOMINAL_ARCHITECTURAL_CONTRACT_DRAWING_SCAN_NOT_VERIFIED_AS_BUILT,1/8 inch = 1 foot 0 inches,False,False,False,INHERITED_SEPARATE_HYPOTHESES_NOT_UPDATED_BY_V9W,0.0,0.0,0.0,0.0,0.0,0.0,"Visible nominal drawing identifier only; no scan-derived coordinate, as-built certification, physical property or damage validation."
96,B,3,A-A-152.tif,A-A-153.tif,TITLED_MULTI_FLOOR_RANGE,True,True,VISIBLE_NUMBERED_MARKER_BOX,True,NOMINAL_PLAN_CROSS_CHECK_DOCUMENTED,False,NOMINAL_ARCHITECTURAL_CONTRACT_DRAWING_SCAN_NOT_VERIFIED_AS_BUILT,1/8 inch = 1 foot 0 inches,False,False,False,INHERITED_SEPARATE_HYPOTHESES_NOT_UPDATED_BY_V9W,0.0,0.0,0.0,0.0,0.0,0.0,"Visible nominal drawing identifier only; no scan-derived coordinate, as-built certification, physical property or damage validation."
97,A,1,A-A-152.tif,A-A-153.tif,TITLED_MULTI_FLOOR_RANGE,True,True,VISIBLE_NUMBERED_MARKER_BOX,True,NOMINAL_PLAN_CROSS_CHECK_DOCUMENTED,False,NOMINAL_ARCHITECTURAL_CONTRACT_DRAWING_SCAN_NOT_VERIFIED_AS_BUILT,1/8 inch = 1 foot 0 inches,False,False,False,INHERITED_SEPARATE_HYPOTHESES_NOT_UPDATED_BY_V9W,0.0,0.0,0.0,0.0,0.0,0.0,"Visible nominal drawing identifier only; no scan-derived coordinate, as-built certification, physical property or damage validation."
97,C,2,A-A-152.tif,A-A-153.tif,TITLED_MULTI_FLOOR_RANGE,True,True,VISIBLE_NUMBERED_MARKER_BOX,True,NOMINAL_PLAN_CROSS_CHECK_DOCUMENTED,False,NOMINAL_ARCHITECTURAL_CONTRACT_DRAWING_SCAN_NOT_VERIFIED_AS_BUILT,1/8 inch = 1 foot 0 inches,False,False,False,INHERITED_SEPARATE_HYPOTHESES_NOT_UPDATED_BY_V9W,0.0,0.0,0.0,0.0,0.0,0.0,"Visible nominal drawing identifier only; no scan-derived coordinate, as-built certification, physical property or damage validation."
97,B,3,A-A-152.tif,A-A-153.tif,TITLED_MULTI_FLOOR_RANGE,True,True,VISIBLE_NUMBERED_MARKER_BOX,True,NOMINAL_PLAN_CROSS_CHECK_DOCUMENTED,False,NOMINAL_ARCHITECTURAL_CONTRACT_DRAWING_SCAN_NOT_VERIFIED_AS_BUILT,1/8 inch = 1 foot 0 inches,False,False,False,INHERITED_SEPARATE_HYPOTHESES_NOT_UPDATED_BY_V9W,0.0,0.0,0.0,0.0,0.0,0.0,"Visible nominal drawing identifier only; no scan-derived coordinate, as-built certification, physical property or damage validation."
98,A,1,A-A-152.tif,A-A-153.tif,TITLED_MULTI_FLOOR_RANGE,True,True,NO_FLOOR_SPECIFIC_PANEL,False,NOMINAL_PLAN_RANGE_COVERAGE_DOCUMENTED_NO_FIGURE_9_124_PANEL,False,NOMINAL_ARCHITECTURAL_CONTRACT_DRAWING_SCAN_NOT_VERIFIED_AS_BUILT,1/8 inch = 1 foot 0 inches,False,False,False,INHERITED_SEPARATE_HYPOTHESES_NOT_UPDATED_BY_V9W,0.0,0.0,0.0,0.0,0.0,0.0,"Visible nominal drawing identifier only; no scan-derived coordinate, as-built certification, physical property or damage validation."
98,C,2,A-A-152.tif,A-A-153.tif,TITLED_MULTI_FLOOR_RANGE,True,True,NO_FLOOR_SPECIFIC_PANEL,False,NOMINAL_PLAN_RANGE_COVERAGE_DOCUMENTED_NO_FIGURE_9_124_PANEL,False,NOMINAL_ARCHITECTURAL_CONTRACT_DRAWING_SCAN_NOT_VERIFIED_AS_BUILT,1/8 inch = 1 foot 0 inches,False,False,False,INHERITED_SEPARATE_HYPOTHESES_NOT_UPDATED_BY_V9W,0.0,0.0,0.0,0.0,0.0,0.0,"Visible nominal drawing identifier only; no scan-derived coordinate, as-built certification, physical property or damage validation."
98,B,3,A-A-152.tif,A-A-153.tif,TITLED_MULTI_FLOOR_RANGE,True,True,NO_FLOOR_SPECIFIC_PANEL,False,NOMINAL_PLAN_RANGE_COVERAGE_DOCUMENTED_NO_FIGURE_9_124_PANEL,False,NOMINAL_ARCHITECTURAL_CONTRACT_DRAWING_SCAN_NOT_VERIFIED_AS_BUILT,1/8 inch = 1 foot 0 inches,False,False,False,INHERITED_SEPARATE_HYPOTHESES_NOT_UPDATED_BY_V9W,0.0,0.0,0.0,0.0,0.0,0.0,"Visible nominal drawing identifier only; no scan-derived coordinate, as-built certification, physical property or damage validation."
99,A,1,A-A-152.tif,A-A-153.tif,TITLED_MULTI_FLOOR_RANGE,True,True,NO_FLOOR_SPECIFIC_PANEL,False,NOMINAL_PLAN_RANGE_COVERAGE_DOCUMENTED_NO_FIGURE_9_124_PANEL,False,NOMINAL_ARCHITECTURAL_CONTRACT_DRAWING_SCAN_NOT_VERIFIED_AS_BUILT,1/8 inch = 1 foot 0 inches,False,False,False,INHERITED_SEPARATE_HYPOTHESES_NOT_UPDATED_BY_V9W,0.0,0.0,0.0,0.0,0.0,0.0,"Visible nominal drawing identifier only; no scan-derived coordinate, as-built certification, physical property or damage validation."
99,C,2,A-A-152.tif,A-A-153.tif,TITLED_MULTI_FLOOR_RANGE,True,True,NO_FLOOR_SPECIFIC_PANEL,False,NOMINAL_PLAN_RANGE_COVERAGE_DOCUMENTED_NO_FIGURE_9_124_PANEL,False,NOMINAL_ARCHITECTURAL_CONTRACT_DRAWING_SCAN_NOT_VERIFIED_AS_BUILT,1/8 inch = 1 foot 0 inches,False,False,False,INHERITED_SEPARATE_HYPOTHESES_NOT_UPDATED_BY_V9W,0.0,0.0,0.0,0.0,0.0,0.0,"Visible nominal drawing identifier only; no scan-derived coordinate, as-built certification, physical property or damage validation."
99,B,3,A-A-152.tif,A-A-153.tif,TITLED_MULTI_FLOOR_RANGE,True,True,NO_FLOOR_SPECIFIC_PANEL,False,NOMINAL_PLAN_RANGE_COVERAGE_DOCUMENTED_NO_FIGURE_9_124_PANEL,False,NOMINAL_ARCHITECTURAL_CONTRACT_DRAWING_SCAN_NOT_VERIFIED_AS_BUILT,1/8 inch = 1 foot 0 inches,False,False,False,INHERITED_SEPARATE_HYPOTHESES_NOT_UPDATED_BY_V9W,0.0,0.0,0.0,0.0,0.0,0.0,"Visible nominal drawing identifier only; no scan-derived coordinate, as-built certification, physical property or damage validation."
