case_id,comparison,same_terminal,common_states_compared,moment_max_difference_over_reference_peak,terminal_curvature_difference_relative,other_last_kappa_per_m,other_peak_absolute_M_Nm,other_max_external_energy_residual
MONO_PLAIN,FIBERS_160_TO_80,True,320,0.000255468534698712,0.0,0.08,8053.221398970152,0.0021937345462117327
MONO_RHO01,FIBERS_160_TO_80,True,320,0.0003836312253938499,0.0,0.08,8591.995106376064,0.00216399695494274
MONO_REFERENCE,FIBERS_160_TO_80,True,320,0.0004154099392934067,0.0,0.08,9706.03230574062,0.0021349878045903944
MONO_RHO04,FIBERS_160_TO_80,True,320,0.00032112824179566976,0.0,0.08,16565.100174957417,0.0020790513683072976
MONO_TOP_ONLY,FIBERS_160_TO_80,True,320,0.0004539108223534233,0.0,0.08,8007.638546215978,0.002267901341352014
MONO_TOP_REVERSED,FIBERS_160_TO_80,True,320,0.00027417497774932407,0.0,-0.08,16426.055478681905,0.00199050958431704
MONO_BOTTOM_ONLY,FIBERS_160_TO_80,True,320,0.0002741749777929885,0.0,0.08,16426.055478681814,0.001990509584315842
MONO_GF50,FIBERS_160_TO_80,True,320,0.0004322748815838068,0.0,0.08,8621.577981189024,0.002219714063648191
MONO_GF150,FIBERS_160_TO_80,True,320,0.0003621179938172557,0.0,0.08,11853.778409726145,0.0021081285487752083
MONO_LCH005,FIBERS_160_TO_80,True,320,0.0003257314791939009,0.0,0.08,13319.993417040314,0.0020949442653542074
MONO_LCH020,FIBERS_160_TO_80,True,320,0.0004322748815838068,0.0,0.08,8621.577981189024,0.002219714063648191
MONO_AXIAL_COMPRESSION,FIBERS_160_TO_80,True,269,0.00027983785457776056,0.0011900057484949956,0.06732065251185851,19997.394839648194,0.0003973042702031108
CYCLE_REFERENCE,FIBERS_160_TO_80,True,1472,0.0010438086186451406,0.0,0.0,9474.107666376838,0.0021349878045903944
CYCLE_TOP_ONLY,FIBERS_160_TO_80,True,1472,0.0002315396942960046,0.0,0.0,15129.354371399026,0.002267901341352014
MONO_PLAIN,FIBERS_160_TO_320,True,320,6.386713511031439e-05,0.0,0.08,8054.170567394416,0.0021884516892499858
MONO_RHO01,FIBERS_160_TO_320,True,320,9.57028764486732e-05,0.0,0.08,8593.199761861324,0.0021589818580403097
MONO_REFERENCE,FIBERS_160_TO_320,True,320,0.00010783617509129718,0.0,0.08,9706.866407940257,0.0021302296477942206
MONO_RHO04,FIBERS_160_TO_320,True,320,8.001639725834471e-05,0.0,0.08,16568.61296786817,0.0020747766714644808
MONO_TOP_ONLY,FIBERS_160_TO_320,True,320,0.00011183178748756166,0.0,0.08,8008.957995422067,0.002262510400415547
MONO_TOP_REVERSED,FIBERS_160_TO_320,True,320,7.021850818877299e-05,0.0,-0.08,16428.1098468339,0.001989583486867905
MONO_BOTTOM_ONLY,FIBERS_160_TO_320,True,320,7.021850823595241e-05,0.0,0.08,16428.109846833504,0.001989583486867905
MONO_GF50,FIBERS_160_TO_320,True,320,0.00011267435305251184,0.0,0.08,8626.072952165117,0.0022142486979186632
MONO_GF150,FIBERS_160_TO_320,True,320,8.729271282327083e-05,0.0,0.08,11854.8335372561,0.002103588194120709
MONO_LCH005,FIBERS_160_TO_320,True,320,8.210852191088371e-05,0.0,0.08,13323.297661432423,0.0020905096835419595
MONO_LCH020,FIBERS_160_TO_320,True,320,0.00011267435305251184,0.0,0.08,8626.072952165117,0.0022142486979186632
MONO_AXIAL_COMPRESSION,FIBERS_160_TO_320,True,270,6.954983726222744e-05,2.7256945269060694e-12,0.06740085992280365,20000.811571654398,0.000403328554423396
CYCLE_REFERENCE,FIBERS_160_TO_320,True,1472,0.00021314009596928206,0.0,0.0,9475.611021915662,0.0021302296477942206
CYCLE_TOP_ONLY,FIBERS_160_TO_320,True,1472,0.00011272545632717134,0.0,0.0,15131.871657151434,0.002262510400415547
MONO_PLAIN,HALF_CURVATURE_STEP,True,320,1.5156492091224177e-12,0.0,0.08,8054.131400412734,0.0005160301750109233
MONO_RHO01,HALF_CURVATURE_STEP,True,320,1.2600523584333644e-12,0.0,0.08,8593.088182738631,0.0005092815152678052
MONO_REFERENCE,HALF_CURVATURE_STEP,True,320,9.448899652189576e-13,0.0,0.08,9720.484498983154,0.0005026755747015163
MONO_RHO04,HALF_CURVATURE_STEP,True,320,4.971287154375727e-13,0.0,0.08,16574.99636732404,0.0004898766700756344
MONO_TOP_ONLY,HALF_CURVATURE_STEP,True,320,1.6294647487239418e-12,0.0,0.08,8009.183537657831,0.0005427696403005323
MONO_TOP_REVERSED,HALF_CURVATURE_STEP,True,320,6.605967633812567e-13,0.0,-0.08,16442.269517858902,0.000463250904724172
MONO_BOTTOM_ONLY,HALF_CURVATURE_STEP,True,320,6.160845443268225e-13,0.0,0.08,16442.26951785676,0.000463250904724172
MONO_GF50,HALF_CURVATURE_STEP,True,320,1.2744174393979793e-12,0.0,0.08,8625.237403230116,0.0005219711088000722
MONO_GF150,HALF_CURVATURE_STEP,True,320,1.1094192435490102e-12,0.0,0.08,11854.214233342327,0.0004965251274708537
MONO_LCH005,HALF_CURVATURE_STEP,True,320,1.169411465653067e-12,0.0,0.08,13328.982883690684,0.0004935003410870489
MONO_LCH020,HALF_CURVATURE_STEP,True,320,1.2744174393979793e-12,0.0,0.08,8625.237403230116,0.0005219711088000722
MONO_AXIAL_COMPRESSION,HALF_CURVATURE_STEP,True,270,5.704122203097803e-13,1.0789121710974318e-13,0.06740085992261266,20008.280527222043,9.873170520281581e-05
CYCLE_REFERENCE,HALF_CURVATURE_STEP,True,1472,1.272734916180523e-12,0.0,0.0,9475.578608076408,0.0005026755747015163
CYCLE_TOP_ONLY,HALF_CURVATURE_STEP,True,1472,6.858851653519736e-13,0.0,0.0,15131.168548611658,0.0005427696403005323
