id,rho_total,layout,kind,terminal,states,last_kappa_per_m,last_M_Nm,peak_absolute_M_Nm,first_sampled_crack_kappa_per_m,first_sampled_steel_yield_kappa_per_m,last_concrete_dissipation_J_per_m,last_steel_dissipation_J_per_m,max_axial_residual,max_exact_energy_residual,max_external_energy_residual,last_domain_ratio,stop_info,global_energy_credit_J,direction,Gf_J_m2,Lch_m,compression_fraction_fc_Ac
MONO_PLAIN,0.0,symmetric,monotonic,END_WITHIN_DECLARED_SECTION_DOMAIN,321,0.08,289.531029376365,8054.131400407886,0.00125,,189.72344807976842,0.0,6.5480261954279374e-12,3.693072832362786e-16,0.002188343470089756,0.28403010778147086,,0.0,,,,
MONO_RHO01,0.001,symmetric,monotonic,END_WITHIN_DECLARED_SECTION_DOMAIN,321,0.08,4731.342319871621,8592.924216314861,0.00125,0.02875,181.01971839011676,186.92338396086782,5.959613355201914e-12,4.0558565084009175e-16,0.0021591013829292995,0.6162813571882103,,0.0,,,,
MONO_REFERENCE,0.002,symmetric,monotonic,END_WITHIN_DECLARED_SECTION_DOMAIN,321,0.08,8834.925421258098,9706.256718000968,0.00125,0.029750000000000002,175.8944937888888,356.3413848042492,8.930057634276028e-13,5.1579877085842e-16,0.0021305665476222067,0.7260918875294025,,0.0,,,,
MONO_RHO04,0.004,symmetric,monotonic,END_WITHIN_DECLARED_SECTION_DOMAIN,321,0.08,16527.552397830346,16567.910409291027,0.00125,0.0315,168.7922147954164,664.76828001332,6.3162392150427044e-12,6.426257429739209e-16,0.002075519236158679,0.9483967468677089,,0.0,,,,
MONO_TOP_ONLY,0.002,top,monotonic,END_WITHIN_DECLARED_SECTION_DOMAIN,321,0.08,2753.9298753352487,8008.694105600272,0.00125,,178.0921676414299,0.0,9.952909597332447e-13,4.592058302208397e-16,0.0022586455416893237,0.6539314752557176,,0.0,,,,
MONO_TOP_REVERSED,0.002,top,monotonic,END_WITHIN_DECLARED_SECTION_DOMAIN,321,-0.08,-15051.657296489666,16427.708071120847,-0.00125,-0.03125,173.4202112489842,695.1612274050217,7.369960340227983e-13,5.272226558998979e-16,0.0019923377758454923,0.8073851248745866,,0.0,-1,,,
MONO_BOTTOM_ONLY,0.002,bottom,monotonic,END_WITHIN_DECLARED_SECTION_DOMAIN,321,0.08,15051.657296487432,16427.708071118566,0.00125,0.03125,173.42021124898685,695.16122740504,8.040543473033217e-13,7.443852833402322e-16,0.0019923377758454923,0.8073851248745002,,0.0,,,,
MONO_GF50,0.002,symmetric,monotonic,END_WITHIN_DECLARED_SECTION_DOMAIN,321,0.08,8625.237403232792,8625.237403232792,0.00125,0.029,94.66803565240859,359.05194325312607,1.3591205933382746e-12,5.801668535408918e-16,0.002213988592357678,0.7009399838027077,,0.0,,50.0,,
MONO_GF150,0.002,symmetric,monotonic,END_WITHIN_DECLARED_SECTION_DOMAIN,321,0.08,9158.461263874047,11854.214233354936,0.00125,0.03025,243.7103714758103,353.693944826597,4.946864382776656e-13,3.5851617826676053e-16,0.002104107014291075,0.7506581002475617,,0.0,,150.0,,
MONO_LCH005,0.002,symmetric,monotonic,END_WITHIN_DECLARED_SECTION_DOMAIN,321,0.08,9594.38906879548,13322.63681258648,0.00125,0.03075,298.16116768007373,351.1489409823832,6.702290919606367e-13,4.867973576380482e-16,0.002091116493364354,0.7742737842038541,,0.0,,,0.05,
MONO_LCH020,0.002,symmetric,monotonic,END_WITHIN_DECLARED_SECTION_DOMAIN,321,0.08,8625.237403232792,8625.237403232792,0.00125,0.029,94.66803565240859,359.05194325312607,1.3591205933382746e-12,5.801668535408918e-16,0.002213988592357678,0.7009399838027077,,0.0,,,0.2,
MONO_AXIAL_COMPRESSION,0.002,symmetric,monotonic,CONCRETE_COMPRESSION_DOMAIN,291,0.06740085992261993,19648.269678906563,20000.80140787264,0.0022500000000000003,0.0335,157.00199027083605,230.09260591582253,1.0322109490950148e-12,5.447071708552102e-16,0.0004072577784258803,1.000000000000067,,0.0,,,,0.05
CYCLE_REFERENCE,0.002,symmetric,cyclic,END_WITHIN_DECLARED_SECTION_DOMAIN,1473,0.0,266.09087011898134,9475.578608074007,0.00125,0.02925,224.06664863999998,321.24257652790857,4.131981201333483e-11,7.128019082006022e-16,0.0021305665476222067,0.17885308529895205,,0.0,,,,
CYCLE_TOP_ONLY,0.002,top,cyclic,END_WITHIN_DECLARED_SECTION_DOMAIN,1473,0.0,0.0,15131.168548608443,0.00125,-0.03,224.06664863999998,279.76992658043264,3.876899761125935e-11,6.018859998708246e-16,0.0022586455416893237,0.15576302208627069,,0.0,,,,
