engineering_strain,engineering_stress_ksi,engineering_stress_mpa,x_pdf_points,y_pdf_top_points
0,5.48807608788,37.8389526324,217.32,315.14967
0.000866336633663,24.8408075063,171.271338722,217.74,279.53967
0.00173267326733,46.5901276482,321.227622392,218.16,239.51984
0.00259900990099,58.8015498467,405.422414655,218.58,217.05021
0.00346534653465,61.8667903432,426.556503924,219,211.41001
0.00420792079208,61.8667903432,426.556503924,219.36,211.41001
0.00507425742574,61.8667903432,426.556503924,219.78,211.41001
0.00594059405941,62.0952689248,428.13180829,220.2,210.9896
0.00680693069307,62.2095082155,428.919460473,220.62,210.77939
0.00754950495049,62.3072342439,429.59325772,220.98,210.59957
0.00841584158416,62.0952689248,428.13180829,221.4,210.9896
0.00928217821782,62.2095082155,428.919460473,221.82,210.77939
0.0101485148515,62.2095082155,428.919460473,222.24,210.77939
0.0110148514851,61.7690643148,425.882706677,222.66,211.58983
0.0117574257426,60.8722046694,419.699077096,223.02,213.2401
0.0126237623762,61.9647870808,427.232167645,223.44,211.22969
0.0134900990099,62.861376017,433.413930752,223.86,209.57993
0.0143564356436,63.1875806269,435.663032365,224.28,208.97969
0.0152227722772,63.8397191375,440.159369117,224.7,207.77972
0.0159653465347,64.3941316198,443.981908623,225.06,206.75958
0.0168316831683,64.6220687829,445.553480041,225.48,206.34016
0.017698019802,64.9320308397,447.690593192,225.9,205.76982
0.0185643564356,65.5024151659,451.623254685,226.32,204.72028
0.0194306930693,65.714380485,453.084704115,226.74,204.33025
0.0201732673267,66.578755024,459.044356772,227.1,202.73976
0.0210396039604,67.0351707687,462.191232556,227.52,201.89993
0.0219059405941,67.2636493503,463.766536923,227.94,201.47952
0.0227722772277,67.9155171517,468.261007201,228.36,200.28005
0.0235148514851,67.9155171517,468.261007201,228.72,200.28005
0.0243811881188,68.7958635347,474.330781846,229.14,198.66017
0.0252475247525,69.1220681446,476.579883459,229.56,198.05994
0.0261138613861,69.4482727545,478.828985072,229.98,197.45971
0.0269801980198,69.9861719744,482.537669641,230.4,196.46994
0.0277227722772,70.5570977191,486.474064083,230.76,195.41941
0.0285891089109,70.7690630382,487.935513514,231.18,195.02939
0.0294554455446,70.9810283574,489.396962944,231.6,194.63936
0.0303217821782,72.0895826127,497.04017548,232.02,192.59956
0.0319306930693,73.3935889248,506.030982511,232.8,190.20013
0.035396039604,74.5024138893,513.676061522,234.48,188.15983
0.0394801980198,75.8066909106,522.668735027,236.46,185.7599
0.0420792079208,77.3719316198,533.460689822,237.72,182.87978
0.0462871287129,78.4477300595,540.87805896,239.76,180.90025
0.050495049505,79.1326243858,545.600239111,241.8,179.64001
0.0529702970297,80.0129707687,551.670013756,243,178.02013
0.0580445544554,80.436901407,554.592912616,245.46,177.24008
0.0631188118812,81.31724779,560.662687261,247.92,175.6202
0.0673267326733,81.9696570099,565.160890487,249.96,174.41973
0.0722772277228,82.8500033928,571.230665132,252.36,172.79985
0.0756188118812,83.0784819744,572.805969498,253.98,172.37944
0.0790841584158,83.3064191375,574.377540916,255.66,171.96002
0.0840346534653,83.9588283574,578.875744143,258.06,170.75956
0.0873762376238,84.1867655205,580.447315561,259.68,170.34014
0.0915841584158,84.3827589957,581.798643003,261.72,169.9795
0.0966584158416,84.6106961588,583.370214421,264.18,169.56009
0.102599009901,85.2631053787,587.868417648,267.06,168.35962
0.106806930693,85.4910425418,589.439989065,269.1,167.94021
0.111757425743,85.7195211233,591.015293432,271.5,167.5198
0.120173267327,86.3713889248,595.50976371,275.58,166.32033
0.126113861386,86.1434517616,593.938192292,278.46,166.73974
0.141212871287,86.1434517616,593.938192292,285.78,166.73974
0.146287128713,86.3713889248,595.50976371,288.24,166.32033
0.163861386139,86.3713889248,595.50976371,296.76,166.32033
0.172277227723,86.5998675063,597.085068077,300.84,165.89991
0.17896039604,86.5998675063,597.085068077,304.08,165.89991
0.188242574257,86.3713889248,595.50976371,308.58,166.32033
0.195792079208,86.1434517616,593.938192292,312.24,166.73974
0.200866336634,85.9474582865,592.58686485,314.7,167.10038
0.20754950495,85.7195211233,591.015293432,317.94,167.5198
0.21349009901,85.7195211233,591.015293432,320.82,167.5198
0.221905940594,85.0671119035,586.517090205,324.9,168.72026
0.230321782178,84.6106961588,583.370214421,328.98,169.56009
