version,scenario,x_final_mm,r_sur_w_final,v_final_m_s,temps_s_depuis_1mm,travail_deficit_MJ,energie_facade_GJ,energie_noyau_GJ,energie_totale_GJ,Mgh_GJ,alpha_U_sur_Mgh,alpha_si_masse_54_06Mt,facteur_endommage,fraction_accretee,etage_arret,etages_franchis,v_max_m_s,v_finale_m_s
V4,rapide_1_etage_RT; lambda=0.13,39.370000000000005,0.8947,0.23790923472385853,0.5626383411657436,0.9389382936392479,,,,,,,,,,,,
V4,rapide_1_etage_RT; lambda=0.30,39.370000000000005,0.7569999999999999,0.36141007169640044,0.3703738983939794,2.1667806776290397,,,,,,,,,,,,
V4,rapide_1_etage_RT; lambda=0.52,39.370000000000005,0.5788,0.47581846944771705,0.28131917058287187,3.7557531745569914,,,,,,,,,,,,
V4,intermediaire_2_etages; lambda=0.13,39.370000000000005,0.9064,0.2113893812318949,0.7460832800891255,0.74127744623608,,,,,,,,,,,,
V4,intermediaire_2_etages; lambda=0.30,39.370000000000005,0.7839999999999999,0.3211235222354962,0.4911321407649577,1.7106402605448043,,,,,,,,,,,,
V4,intermediaire_2_etages; lambda=0.52,39.370000000000005,0.6255999999999999,0.4227787624637898,0.3730416400445626,2.9651097849443198,,,,,,,,,,,,
V4,ductile_3_etages_400C; lambda=0.13,39.370000000000005,0.9155,0.19197871181275636,0.8306223554811704,0.6113931914730217,,,,,,,,,,,,
V4,ductile_3_etages_400C; lambda=0.30,39.370000000000005,0.8049999999999999,0.2916365986421829,0.5467825730741027,1.4109073649377442,,,,,,,,,,,,
V4,ductile_3_etages_400C; lambda=0.52,39.370000000000005,0.6619999999999999,0.38395742362551266,0.41531117774058507,2.4455727658920865,,,,,,,,,,,,
V5,fragilise,,,,,,0.12796326952485712,0.013873381981483713,0.14183665150634087,1.1908202418854072,0.11910836456875565,0.0730988706817946,,,,,,
V5,central,,,,,,0.4500798941371903,0.04879706865781609,0.4988769627950064,1.1908202418854072,0.41893557503283807,0.257108033799348,,,,,,
V5,favorable_arret,,,,,,2.5020676988227826,0.46711723843379505,2.9691849372565775,1.1908202418854072,2.493394748274948,1.5302396344935423,,,,,,
V6,fragilise,,,,,,,,,,,,0.5,0.7,aucun_dans_domaine,98,51.49889760499425,51.49889760499425
V6,central,,,,,,,,,,,,0.5,0.8,aucun_dans_domaine,98,41.30026780467485,41.30026780467485
V6,favorable_arret,,,,,,,,,,,,0.25,1.0,6,5,10.337401796762393,0.0
