frame,timestamp_s,mean_abs_rgb_difference_from_previous,exact_duplicate_of_previous,sha256_decoded_rgb
1,82.015267,0.000000,0,df4ba2c681770ab2f78faafe7915b98952681a7f4e369a201549b5da3a044507
2,82.048633,1.123519,0,5d7639483322ffef71e0b3061a0296319b79c627e55d853cdfe2172a86a50ecd
3,82.082000,0.570109,0,e0dcb28a1057605446b78a5c65ab5b5766e31565a9c9573b11cb817290821f16
4,82.115367,1.375038,0,e42037e0fbcf193e5b8ea628b5264da1c7fa52b7ffa319b57a1b6ce12f22d8d3
5,82.148733,2.364653,0,70d3943005f648e0a7e347a78ca441663a652cd43e977167f0b586031f95c780
6,82.182100,1.541742,0,552db05a0cdeb60b923ec8dec2200536346fa86565925869f22af481fe44ba75
7,82.215467,1.326051,0,9aca8d8333e3b331e0ef0eee3e70e4772c53430ca2e35362010119c1d4dc3a07
8,82.248833,1.358973,0,38868be2dddff88485e0834919d7115b6dd49d07cdf03408e7f319b6de83cfaa
9,82.282200,1.391913,0,91cb3a249fb540d2430342f069196e9f267e92ca013317452b72c15127f0830b
10,82.315567,1.549381,0,12344ddb90ec493019f63b473078a17809d39b6ea4c2f4374be66c745e3d1273
11,82.348933,0.651826,0,a786afcf2519973e6af419b209bc81bb0de69820e4257379d460b1d77368866f
12,82.382300,1.462410,0,d0a72c6b68e00cdbe94add3dcec0ea0565270aba8d9fbbfe508912ba8d928bbf
13,82.415667,1.824314,0,d7098391beba1d5492c5a000981ad7f049621cc7909d2eec422b5bb4efd916fb
14,82.449033,0.196151,0,52b163557fd0b96ad63c9e628bce86d1b52cf6048f44242e25c293d7b4a5dd4a
15,82.482400,0.117255,0,abbe28af0d1b60cdf92cfac25f78ff5bc299dcc47d830c2f7835f555f50da997
16,82.515767,1.409895,0,0aaa8f40320ca7b6c89f3713bce4bddd0ce1d674a159683e63e625160ba58187
17,82.549133,2.003947,0,7131a9ebcb116dbcdc599119e3d38d684c59de9aa8a828956a999a56419c327e
18,82.582500,0.494258,0,7a8db6e83f0154816993ec2361ef775dec8fe2e80630cb4b668cec3112cde626
19,82.615867,0.782937,0,869268c2bf7590add4a835da2bcb8f097e6bf327505255aa652ab62160b7ceec
20,82.649233,0.795968,0,38a30f0b58a11940f907fb2c85b3493bfe5ac9d78cbee3465d2446d6bd331c50
21,82.682600,1.209745,0,f0fc830ee78b6078b88c5c6832f8505748dbc49daf3bbb6ad02c7ef31e01a21b
22,82.715967,1.666043,0,acf9e50647810139762d867f1dc92e69ae772510648ff4c5e63402884b441dd6
23,82.749333,2.156496,0,bf0e7caa394c205dbceef13291c73febced0470ddc1876995afec64521d5bd48
24,82.782700,0.541499,0,016a86a5cab0900818163afed9cc9a4e219e3f4b71f34c050c45ba6573bb393f
25,82.816067,0.841602,0,c9de0ce638b976a2696a7ce42c9f000d130efd1ef8b6d9335f0cca9550663bde
26,82.849433,1.186593,0,a1254c5bff7cd9c9442bb1c9450dc8889395109ca5fa50d9822cd0e9cf64f5bc
27,82.882800,1.336228,0,001ae7d9d0e9bdee9aea03e1bf19ff0a2c9b9f8820930b0b29e57bc8d9b55bbe
28,82.916167,1.421779,0,033278fa25d3f4cacb5f491f5d9765ffde970d92a386d2e74b90cf30c2ea7074
29,82.949533,1.931378,0,10f51e3c85ef26060655c6cfa50a88332f975c2613fa741890809f59624a0ef5
30,82.982900,0.441055,0,05d7610989ced5819b6e781e9b70235fd8e3cf15c42e66b0d08c642a43a6d50f
31,83.016267,0.726606,0,1122267b3440cf00cce8b0bb6f16cab3a64917b706e99a02c29d1930fed6b976
32,83.049633,1.788370,0,121bbeb20f28d347939c390d53eb83fd807e2fdb40c302f453785493ef7bd8e3
33,83.083000,3.219900,0,e32743e7dab8cf0a904a199cb553a0873638ab686b1cddea97d7d8bee54de623
34,83.116367,2.056238,0,38adeb2ee7d33fc9e0736b45473765f008381abc8a3fea37419f89e1f1ca6ae9
35,83.149733,2.722945,0,a382187ea05dfc51d311b4c8be096310d2921004325ea7f7523f195ac7ae3809
36,83.183100,0.622669,0,1038e9bf0364d5596ece238502259070209b078ac084c17318d02bb8ffc248ee
37,83.216467,1.726418,0,655ab8525121cffa947b680c19401ffe60f4c75c3c5ce2afd80cf6140b122d57
38,83.249833,0.950925,0,040e54d362bd6ec61c97ca5670866726ebab76227467673185596ebf6f3a31e6
39,83.283200,0.534376,0,7c52bbd8102dd72648af4e5c1c248d156d76eec114c6e37daf4e43f3f0d62fa7
40,83.316567,1.482359,0,5c24f428726fd2864704ff25f92eea92bbcd7bdda88a1b5a5fef6e1e9f02b041
41,83.349933,0.541739,0,1b5e18649a77918c37eb9bbc5502a815f9de04551769ce0ce2aba2a23c953c99
42,83.383300,1.485056,0,9b05c670f8211b4089fd068758a7f362996325f2aeeba4bfc657916959e511e0
43,83.416667,1.052072,0,78ff63f75c9c44005f9c15129366405b6be4190b03e53361335852674a99070b
44,83.450033,0.632849,0,32fd71ade05ed22a1f94626f4672a624816956ca376079e8c9613f755fe042f6
45,83.483400,0.076473,0,e79867f938fd505baa55d6a8e40423ab4be86d9dd5c94b3cfaf6f83f5f2ad29d
46,83.516767,0.025649,0,c94751a40dd14f7d04dcf0361542b27d34437d212ae2b972a640f498efd9d0f4
47,83.550133,0.019360,0,0b555d82ddceaa5100a2df9ebfa1895d6c2759837dfd4027f0830f217515782d
48,83.583500,0.081980,0,3c809d6d2f3e6d39d1ce9749312223c9c943260696e117346aa40074b1b28ab5
49,83.616867,0.189843,0,2bc4390e938bcfbf4fd88d76a017869ec161686acba997c012e9323b2ab735fa
50,83.650233,0.108192,0,0ded84537cf1098f92fd59a0a9fce8243d29d0767301e9f9668c250f2711ceca
51,83.683600,6.141853,0,992700a493cfe6eec46113b716b68bccd60eebf0fffa9e3f993951cd7f63227e
52,83.716967,1.438409,0,f6e67c33f1f3e3b3ddbec84ae2d00dbc3222a2adcdfdd01574e32529db7ad920
53,83.750333,2.807455,0,b7d51adc89376403d7ee9292fc0738c4c6844495643b5cd06648b302e391a4ee
54,83.783700,0.417703,0,71f7cad54e2db69ac6d2a260d39f2da27825bbce05fc3ec76b9d05447d38e5d4
55,83.817067,0.202109,0,bf9bbb67361df8cea6264f6b89f19dcd58d1ac72f8dc9c70afa90ebee02c0941
56,83.850433,0.230552,0,0b5faaaeffae4e22fccafcb501dcebedb6861b408463ec273064c0b03853ada4
57,83.883800,2.604564,0,24aaa1b2a84e071277218dc6ecb39db55c5e8964492050eabdbcbd221352ad8d
58,83.917167,0.483115,0,05f9f89a52294f64fd48299d3a8420c89f3dfd9cdf6e9fb5cedb5531984e5c46
59,83.950533,2.432373,0,0e54619eac477812135ded49285c878f0b160ddc0700530f2cad4baba0b42f67
60,83.983900,0.578018,0,7456c4a4e21f22112101c83684b3970f63486d55da13de51d1fefaad2dad842a
61,84.017267,3.065491,0,9970214a86b1f70e68f158e34da4ee5a626d6f3c16892db723f17ba7acfa1e35
62,84.050633,0.659662,0,9e05e5388c3912426b0090c460396d82bab342b9a9e5e8f94bf7ce8234c5800c
63,84.084000,2.568378,0,430635e68cac4513b9c4910ce5846e139c77b30410394e2ccc8f68741bbb143f
64,84.117367,0.528477,0,025d6e15815cdb2a8fd20d52e13e05a1dda50c104592397a8bf234265a490c29
65,84.150733,3.170357,0,24f7c8c2a6695228e462db8a5910ff0c205b9f662fcf3925affb6c0e733dda6a
66,84.184100,0.485057,0,53112bb51f805648c12c55256ae404a5c19d12377bfba5ad498172b549b48ddf
67,84.217467,3.569079,0,6d94eed72b9788db3cdd366435c2b42e26a9db509df604168306aa2c8e928d0d
68,84.250833,0.643467,0,0e250e6899c4291f3160b05fe0923d9aac93463841e14b4836c4883cfec0d8ed
69,84.284200,2.144581,0,42ddf11772cbd524d102c85c2e2c9fd70663f1e84cbb2aded92ba87753ac958b
70,84.317567,3.358346,0,c1b26c920a673b6af22beb9c609a38e78d7d7369b0ac78c2796b43e09ca32805
71,84.350933,0.568652,0,bc9ecf522b39cb86bac8e160cf99a1a3d6ed90505a337d4c8f9fd2f8dba3d7d1
72,84.384300,0.242490,0,9f076664b905552830015f6dea02be460ec0720b16cbd702fdc4aaa01b5123c9
73,84.417667,0.302127,0,0d98324865d6f2ef288251061cd44499d28a2b9cd336b9157f456ade390c4717
74,84.451033,3.488571,0,aaa43e73a1a893bdf4c52cf57e49670647dd044778e08823c47734604cfbf84b
75,84.484400,0.538536,0,2bc388ac33ac1fe580f9db8efe987b32be9acca034d35541389c97b9c1a88e9a
76,84.517767,4.073465,0,a6def330ae01b45ce51821142b4f3270412d96cfb855d1e404d57714ff44c0fb
77,84.551133,0.502807,0,afa3d60a105bd868c8dd68f6fa68549d1be4d8b406eb51bf5293ab9d9cf463bc
78,84.584500,0.261001,0,4e207ad7666d4cd38199069799e9c79996a693a98d85c70436bbca247ef2710f
79,84.617867,2.147427,0,7dca777586c62ae332095d20d1cbd4a51dfd36437f99e9afbfd8db60d19df13e
80,84.651233,0.210289,0,b0ecc505786bdd7f9214010f87292a807c19e5d18b3b6490f69c318bfd7df638
81,84.684600,0.266888,0,4b99a8ca6aa191fdc6e64e59e6eee3718dc7d724664a6a07e563a3db56837eb5
82,84.717967,0.083253,0,7d2ef96a0d919454616936a02bafd964ee57d505200d5b187be54d4b95abe240
83,84.751333,0.021247,0,3f579b7a89a0da351a863b71273c81ffd8e3b00116f33b2d52da736d9793e154
84,84.784700,0.015529,0,084d8ddd64ea85398d084d38af463c602b9412e8e413ae6c2a5441c859b7d73a
85,84.818067,0.097504,0,e4cc93ae5cf669c0cf8db481d2f9da31735971d3a8feac1e9488ad227500f5b5
86,84.851433,0.121089,0,be6487578243955cb7c02407200a0dd18aa61cbd117e76f9cfb3a19ff8928b01
87,84.884800,0.099447,0,c40774a922939c4bdd0041ca947ef5f3efeeb443be976d1103cc28cba0a484e3
88,84.918167,13.501050,0,5c21954e69fc8b6fd373b1e64366d8f3cc344643396dedadc012f5b6ecbac12e
89,84.951533,5.150613,0,a25cc9fa8ed80a2c7f87dd523bb140f404af3dfcc970a3dce265d3fb92fff4b6
90,84.984900,0.181350,0,a48ac19591ff3cd51bcc119f27e6393fd342e77f05190da1773b64d61e70e276
91,85.018267,0.207939,0,e9b34df3020b7146e75674a6d99ab602ab180eab7903925c3805a049e5fec9b5
92,85.051633,0.459091,0,21c063220809044c5b66b4e58b9b5306fe73e0d9d60307680aedb341f7f74983
93,85.085000,4.167850,0,0b3814228d8f350a7f9d3294902a144601c4e9c1c12fed254f47795032f427e6
94,85.118367,0.514148,0,353bad3950356bca44d2d388563a5272c41b02219bc0d51b0141e2c8d8ad0629
95,85.151733,4.599189,0,0fcf9b4f2623a6594d29f68ef126ea12b4eb7bb89e9de3afb6de0fb33aac6dd8
96,85.185100,0.525285,0,79ea1cd74b886143fd9904f1cf9450b3e3ca361c3a41a2b688107da649917010
97,85.218467,3.484404,0,dba24cfaade21ee7557a75dbfd1a7f6c0b38aa803a52fd9bc31798477a000916
98,85.251833,4.774685,0,6db7c05f8034cc93bbef8319d1dc51334c28a7acce177054fb1b3ef1de749380
99,85.285200,0.479666,0,f34d780a561e6ccfeb5b0d4ab2fe7837c4071528ba8f28091ebc91ce8ed78871
100,85.318567,4.677420,0,a6778dcb7cff6940042908fb8cf0be3d933d5624094bd080812a63df1d31782b
101,85.351933,0.307245,0,e83e65a64d76e971d28004ea2a4f4274c242c01bffc05f418e981d689f866609
102,85.385300,6.104105,0,228660c13a7fbed05a7255b9bfe147279685715c7ebdb279df14f1b4879e511e
103,85.418667,1.382433,0,4dcd1950df06226fdc430d266fd3d7237bfd946a370647ff282bf4b3336ead1f
104,85.452033,2.458183,0,f9e9e5d7901e418e7343d2063e5fc701914819d3e5087ef072a693d105ddf87c
105,85.485400,2.627710,0,f3dd88c5edb691c850ed8b5448fb61c8d80781945d1b2cdceba2c1a32ce2eec1
106,85.518767,3.618692,0,5dcc7163a6fcbb19a1925388db437eae132b0958c29e9968c31f50151afbfc8f
107,85.552133,2.541622,0,d8f138229ff6e19629282fb54e2e9f78c65731a2d37585943f6686f11b2f48b8
108,85.585500,0.158056,0,836bdcb96eaac6729e0129eb6de61ab21da2256735571d426aaf1ecfa9f92796
109,85.618867,0.109341,0,4cef41fc4f6726fdd49bccb5edfae2c3330effb99f0db821f8b1c4bb0040cae7
110,85.652233,1.131719,0,cc7a50d7bace3f862b008b8cc56914e7c51f872df4e51eb94077f1c3355893a4
111,85.685600,2.252744,0,402e32fcf86ca0dc5b41057d10b9f707b500a35d941bafc97c974a05eebc5b5b
112,85.718967,2.873340,0,344607f8591085bcfa87e0ffafd7ddf614de8812c7c6ef113efd496df7051030
113,85.752333,3.796317,0,79c582df0168652bc52618f0c9a533db3312ab3224be04948398bc395a668de0
114,85.785700,2.020453,0,788927209cc014477be90dcaa03eb6b45f2c9e832834f2ba3286f22b9c8cba20
115,85.819067,0.474822,0,5721280b027929cc311ff9096a7b9bd0ab7e0085b0f6a5a9b992b5acb150f559
116,85.852433,1.564169,0,f1fcde09b4f5d063a2e9bcee96f6e7e602680286e8fe37e9d48608d507139b6d
117,85.885800,2.722185,0,88b237b61f333546a98df0865b6ef25dc64681ccb4420d681f659f37e6b08dcd
118,85.919167,2.421874,0,8d623395f34e0a3d0850d255024a6e3fa8815f1be2e94b50eb988b26a5167603
119,85.952533,3.329415,0,2035da289955c6b2049f42239fdb6db2662c56c688fadd5986f803fa90555e32
120,85.985900,2.339797,0,d8c1f378c802bb73fa829aa473ade894fa2062062c2089d3ca1ada61b9da4106
121,86.019267,0.352578,0,bb276ec9792b4fc81bb5414a3868112a635385802457fe29e474e4609f5364aa
122,86.052633,0.865666,0,4625b9400a19aec9d952c5e1b4a047711d216f5f6b7c8d8626b7c4e1b786436f
123,86.086000,2.649692,0,c1e9d7eda813acb2ab02f82dbdd84f87ffff30a36760dcf7ebfebab9ce77accd
124,86.119367,2.120642,0,0a8ea2d5ea2ca116166108dc02bc6c1e6d130307b9bcd50277f3c81b466dcab6
125,86.152733,3.370001,0,8820da8308a3cc3309b8842ab3e9ca5e1c1e24ee33040776ad3f0e7656ff142b
126,86.186100,2.643035,0,babb8981c7bf532a22bc1aae4076ef3cb84ee440d21c3750bdac131d23a3e0c5
127,86.219467,0.497060,0,9183a773e39d2a8692aec7e684d2169176348ad0d3cf082290f23b4d7bdf6317
128,86.252833,0.653088,0,e56da26f6839868a4c075e09e46f4ae8687c98681346c1bb46bc2ce92302d5ed
129,86.286200,3.376599,0,f6c287f3be31e0e236a30577c3f03aeaaf7773e26cb1869d6f34cd4ee58641b4
130,86.319567,2.853243,0,2e59546267213c19163e11edb21af7823a415cfe00c9db5b37dfdc0406919e4e
131,86.352933,1.527397,0,8228868efe930a63f883d273c140544176ec2f993553dc33725d9951e6f1183f
132,86.386300,0.504036,0,dbcfabf8f9f3c9a6f092a76af0f9721082df70d0bc146e00084b004119e1666d
133,86.419667,0.982797,0,59c22173653ad752ba3b37d1eb3d7981328babf8646256073ef86fdbc5bb3278
134,86.453033,1.947605,0,5f1662512b4e1248f66770195fbfd16318691b082fbbc16abe9a7dc460b331cd
135,86.486400,2.189325,0,72c43e23fb4e1bf7d9a404d089e040ca3518ae9156c6960a0d9742898b021287
136,86.519767,2.340192,0,bb22df1e6d6685a0cee875a9bdb7188109d6ac406a629c2bb60af9375a488308
137,86.553133,1.474401,0,508b435dff71d68a5d88938db8d4e5ed5f6dc63f4c19770ab96f72eee393450f
138,86.586500,0.452807,0,41f31b667c1fba7f76ed7244fa3f7f31c0aeff80d78d8de07f5c7ded8fb27b61
139,86.619867,0.461705,0,086d4348e816346eb25fc258b4df589674d4820b42017cb06c90c79c74c66ae1
140,86.653233,0.814867,0,074621288ed6b69f2097aae14b4427e31d1b2fa7296f74ee85ec06037b7c5453
141,86.686600,1.333626,0,ae4685525eaf06bf62984a2469f111a80ec74bbe23d6f8cf0aeffb4def66a26d
142,86.719967,1.678450,0,d9da9c04865be411b375cd95a439e91bddf807a9da69e903a3e7d1ee5323ad03
143,86.753333,2.177769,0,786961a6cb4ab5ad4952bdee606ef675c2b4fe0509d7898cbe71f09f270dd26f
144,86.786700,1.307503,0,091dcf990c5b6b9b57380a0c09f73d13dd9155d396dcb2831dad9baf39185f01
145,86.820067,0.603912,0,2ff8bef083a06838a6a36430e835e208d39d72621f7926723a7e9021dfcc70ee
146,86.853433,0.884710,0,2388f701f9aa76226c714d8021edce3bfbd7e332ab99b3edb6eced92d0514aa9
147,86.886800,1.344593,0,42a9a786c62cd93d6f39491d0943d6561caff4c7a501e9a05f49aec213b38953
148,86.920167,1.587498,0,89f42d4b5ff4d746c5f90708eb7ab909cf1cc36d5f0c39eec33f22d76a3874e4
149,86.953533,2.127860,0,5f54f3047335bf7640dc1ef78eba54e15a3bef4371398f423cddcffa8f12695c
150,86.986900,1.458259,0,423a6eef05f5abc24c3377b99204f1ca2bcfc75c66b0118897d8e702368c4d5b
151,87.020267,1.939810,0,c9b0f4ab5051354440d4fa84cb66bc15cd57a78fbeb73ded7945a74f6e9359d4
152,87.053633,1.069598,0,ee2654b725d7c442f89ace0665ce4cc5aa19cbbe97803e7481e9cd315df8c39c
153,87.087000,1.171733,0,b6c55808f88d887bcba9bbdd9e1ed63679326ebe5fcb8d9a2c1e67440d1803c8
154,87.120367,1.282760,0,e12e50e79a47d55bd765c8b2f58dffdc9e8d114a3406c5ca3feba2d41ae6b2f2
155,87.153733,2.043441,0,60c3bcbabe8b26f77aeb1c3a70eed7d5c41eba261d6926e9f945ba79ec1657ef
156,87.187100,0.820385,0,4506e288fb75fcfaa535505af3b49cfd1f860eb6a3b8b289cc92972fdca88c65
157,87.220467,0.393503,0,5df1a0a674c46d143d051e2d3a0e94c7716d6c93338c68d63ca70d6f1a35204d
158,87.253833,0.565733,0,32c65bab82ee09abec0845b470af11f9451cbb3e346b80f5d43658206631ae79
159,87.287200,1.496258,0,bfc0552b419fb767c5555ba6f20f0a88fed9c301fc8d7cbc74cee0f468dad76e
160,87.320567,3.041145,0,a616010f58cb31c654ad570be8c13375e28764eaec7acd45cee7ad584d2f4e0d
161,87.353933,1.832170,0,2708766be4888d00e665df9e492709237b1cf056c0be53981a5f0e8da3034572
162,87.387300,0.218048,0,4310624087199aaf1990522b72b5f7613b35834253d78169310727f301d80ae3
163,87.420667,0.272649,0,e7dcaa103b1f2efb306a6c97106e48787c4728e9c635a7a1f260916bdfbcd400
164,87.454033,1.704499,0,3886eeb1a55287a46b7a7e64348c484780f81b07be44fc0d1b101e8396c75ea8
165,87.487400,1.503976,0,2fc827e7e4d9aa84f17496d77fe7792293d065821b48feca8f122ac480aa34f2
166,87.520767,1.861659,0,fc291a2a05fcfe1ad2466179037f75cefbf36717f31218e78775fe904500a603
167,87.554133,1.622011,0,2300bc0ebe6d5ce6c6037a8a9fff37c2295f5ed95b34e1107584f6bfbc5368ec
168,87.587500,0.295454,0,724697b7bab9665493e3d98cba85f3faed1b267b3466ca0597478fdd22ae36c8
169,87.620867,0.328179,0,3e83b8602693686c009bebfdca1a2b868c6f19b3a6be0440a6384b8335b87a53
170,87.654233,0.668732,0,014b9dc650e6e253fea9431a2367c95f96c65400a48e58d2b32ad1557b4f1feb
171,87.687600,1.049380,0,1e9c856347305edc26d1de92b4ad31fa1f57e489b51316c974d9f194de2cfd78
172,87.720967,1.520464,0,c95fbe32fe05a61df4e75b173e3ad15811eadb1d8df37cefa6ed58166a0b5a66
173,87.754333,1.839439,0,86958df4410ebbe369a9f56fa096ae87ae5e6b97867c5ddb92fd6df06df40f88
174,87.787700,0.803445,0,a5cb64db0c41f68e248c13aabbd4eb4a9156f747a24c071af02f9733fd00b20d
175,87.821067,0.490885,0,13a3c6f7072f6a33ab5be0b86f7ae50502a173db6fad7f5d2fedd318e68599b3
176,87.854433,0.778683,0,656d8a612dff3191a80bc3b33e99f6dde94e129962d80d55044ee4bc9a93e88e
177,87.887800,1.165725,0,27acb547d6f017146632b2bca9474297217cf4ff5752415fc80c144b21fa924f
178,87.921167,1.374552,0,efbc33558a05e335d6c7baa02db4da12774df33af5b637b2a0a0ddfcceac31a0
179,87.954533,1.741199,0,30491d526be7fec00233dc7b20de005fc3454f18bac708b4c26d287e9a712e98
180,87.987900,1.400236,0,3a10b71ee09bf16da660ca080811866461c5e31ac6861a53923cb90c141c4b8a
