original_row,time_ms,OFF,Fx_N,Fy_N,IE_J,KE_J,WE_J,Ux_force_proxy_J,Uy_force_proxy_J,IE_minus_Ux_Uy_J
0,0.0,1.0,0.0,0.0,0.0,0.0,0.0,0.0,0.0,0.0
150,0.007499999832361937,1.0,0.001793715520761907,0.0,7.48236125835966e-14,5.6260638509053605e-14,1.328424870106204e-13,7.48236132423758e-14,0.0,-6.587791934541326e-22
300,0.014999999664723873,1.0,0.014187928289175034,0.0,4.681332654854487e-12,8.615272939493935e-13,5.552448278933753e-12,4.681332770669145e-12,0.0,-1.1581465777838759e-19
450,0.02250000089406967,1.0,0.04734149947762489,0.0,5.212134013277137e-11,4.2196952598771985e-12,5.637208744246891e-11,5.2121338902092054e-11,0.0,1.2306793153563946e-18
600,0.029999999329447746,1.0,0.1109381914138794,0.0,2.862158794414427e-10,1.2920677860961404e-11,2.992144914060191e-10,2.862158677716871e-10,0.0,1.1669755617840293e-17
750,0.03750000149011612,1.0,0.21419401466846466,0.0,1.0669551784303622e-09,3.056838693282771e-11,1.0976890507663484e-09,1.066955253948708e-09,0.0,-7.551834593052415e-17
900,0.04500000178813934,1.0,0.3658645451068878,0.0,3.1129504804994212e-09,6.14211330685066e-11,3.1746828881296097e-09,3.1129503573551153e-09,0.0,1.231443059487771e-16
1050,0.05249999836087227,1.0,0.5742523670196533,0.0,7.668971193197649e-09,1.1024396684433669e-10,7.779750376357696e-09,7.668971651806386e-09,0.0,-4.586087376119855e-16
1200,0.05999999865889549,1.0,0.8472142219543457,0.0,1.6692370991222562e-08,1.8217258457298157e-10,1.6875399523996748e-08,1.6692370648411798e-08,0.0,3.428107641311766e-16
1350,0.06750000268220901,1.0,1.1921685934066772,0.0,3.3052696380764246e-08,2.8258818929316476e-10,3.333658605697565e-08,3.305269663035477e-08,0.0,-2.49590526651325e-16
1501,0.0750499963760376,1.0,1.6192549467086792,0.0,6.097643563407474e-08,4.29873097118616e-10,6.140631012385712e-08,6.09764321497797e-08,0.0,3.4842950292373982e-15
1651,0.08254999667406082,1.0,2.1293277740478516,0.0,1.0544270480750128e-07,6.073656777516589e-10,1.0605007264530286e-07,1.0544271556585066e-07,0.0,-1.0758349375105541e-14
1801,0.09004999697208405,1.0,2.731130838394165,0.0,1.7346687673125416e-07,8.303191521008558e-10,1.7429719446226956e-07,1.734668757308748e-07,0.0,1.0003793685087452e-15
1951,0.09754999727010727,1.0,3.4304003715515137,0.0,2.7366619906388224e-07,1.104036300603184e-09,2.7477022376842795e-07,2.7366620253815733e-07,0.0,-3.474275092692523e-15
2101,0.1050499975681305,1.0,4.2324700355529785,0.0,4.1660008719190956e-07,1.4335851119540166e-09,4.1803368367254735e-07,4.1660006050822863e-07,0.0,2.6683680937746132e-14
2251,0.11254999786615372,1.0,5.142280578613281,0.0,6.14954624325037e-07,1.8237319636682514e-09,6.167783285491169e-07,6.149546406786824e-07,0.0,-1.6353645419122753e-14
2401,0.12004999816417694,1.0,6.164383888244629,0.0,8.837123750708997e-07,2.2788824480812762e-09,8.859912632033229e-07,8.837122958523249e-07,0.0,7.921857480927037e-14
2551,0.12755000591278076,1.0,7.30295467376709,0.0,1.2403057189658285e-06,2.8030310659232784e-09,1.2431087670847774e-06,1.2403057434208508e-06,0.0,-2.4455022374676597e-14
2701,0.1350499987602234,1.0,8.561793327331543,0.0,1.7047512810677291e-06,3.399716888452531e-09,1.708150957711041e-06,1.704751278603231e-06,0.0,2.464498052452669e-15
2851,0.1425500065088272,1.0,9.944336891174316,0.0,2.2997634951025247e-06,4.071986950293649e-09,2.3038354702293875e-06,2.299763632678383e-06,0.0,-1.375758582813772e-13
3002,0.1500999927520752,1.0,11.464221000671387,0.0,3.0564735643565654e-06,4.822366918233456e-09,3.0612959526479247e-06,3.0564735616798803e-06,0.0,2.6766850996957914e-15
3152,0.15760000050067902,1.0,13.103933334350586,0.0,3.993327263742685e-06,5.652836080116686e-09,3.998979926109314e-06,3.993327182118708e-06,0.0,8.162397674942165e-14
3302,0.16509999334812164,1.0,14.875557899475098,0.0,5.1460983231663705e-06,6.564810973941349e-09,5.152663215994835e-06,5.146098205131069e-06,0.0,1.1803530158491227e-13
3452,0.17260000109672546,1.0,16.781145095825195,0.0,6.5489956177771095e-06,7.559131063317182e-09,6.556554697453976e-06,6.548996063421814e-06,0.0,-4.456447045425322e-13
3602,0.1800999939441681,1.0,18.822412490844727,0.0,8.239144459366798e-06,8.636054189992138e-09,8.247780613601209e-06,8.239144464546688e-06,0.0,-5.1798893814644295e-15
3752,0.1876000016927719,1.0,21.000761032104492,0.0,1.025655772536993e-05,9.795252481126227e-09,1.0266353376209736e-05,1.0256557300640896e-05,0.0,4.247290351724626e-13
3902,0.19509999454021454,1.0,23.317277908325195,0.0,1.2644079513847829e-05,1.1035815987270325e-08,1.2655115686357022e-05,1.2644080210559772e-05,0.0,-6.967119430342653e-13
4052,0.20260000228881836,1.0,25.772741317749023,0.0,1.5447306446731092e-05,1.2356257684587035e-08,1.5459662303328516e-05,1.544730686120018e-05,0.0,-4.144690877126971e-13
4202,0.210099995136261,1.0,28.367633819580078,0.0,1.8714480102062226e-05,1.3754526662523859e-08,1.8728233873844147e-05,1.8714480198181007e-05,0.0,-9.611878147249876e-14
4352,0.2176000028848648,1.0,31.102144241333008,0.0,2.2496357560157775e-05,1.5228021766233723e-08,2.251158468425274e-05,2.2496357590899626e-05,0.0,-3.074185125754615e-14
4503,0.225150004029274,1.0,33.99586868286133,0.0,2.6877189055085182e-05,1.6773608876974324e-08,2.6893964037299155e-05,2.687718808145004e-05,0.0,9.736351434558744e-13
4653,0.2326499968767166,1.0,37.009986877441406,0.0,3.185439482331276e-05,1.8387638192507437e-08,3.187278285622597e-05,3.185439834112523e-05,0.0,-3.5178124722554625e-12
4803,0.24015000462532043,1.0,40.16261291503906,0.0,3.751245141029358e-05,2.006597787840292e-08,3.75325158238411e-05,3.751245293402936e-05,0.0,-1.5237357816472175e-12
4953,0.24764999747276306,1.0,43.452842712402344,0.0,4.391045495867729e-05,2.1804031348438002e-08,4.393225908279419e-05,4.39104544136925e-05,0.0,5.449847929710205e-13
5103,0.2551499903202057,1.0,46.879520416259766,0.0,5.1109060645103456e-05,2.359676545893308e-08,5.1132656633853917e-05,5.1109056615314326e-05,0.0,4.029789129884713e-12
5253,0.2626500129699707,1.0,50.441246032714844,0.0,5.917021259665489e-05,2.5438748707529158e-08,5.919565260410309e-05,5.917021631006677e-05,0.0,-3.713411881863058e-12
5403,0.27015000581741333,1.0,54.1363639831543,0.0,6.815688312053681e-05,2.732417851802893e-08,6.818420439958573e-05,6.81568815189899e-05,0.0,1.6015469115823744e-12
5553,0.27764999866485596,1.0,57.96300506591797,0.0,7.813278585672379e-05,2.9246913982206024e-08,7.81620368361473e-05,7.813278968073563e-05,0.0,-3.8240118401455456e-12
5703,0.2851499915122986,1.0,61.919063568115234,0.0,8.916209638118744e-05,3.1200514058582486e-08,8.919329941272736e-05,8.916210309656501e-05,0.0,-6.715377575848211e-12
5853,0.2926500141620636,1.0,66.00221252441406,0.0,0.00010130912810564041,3.3178275771206246e-08,0.00010134230554103852,0.00010130911763064932,0.0,1.047499108665969e-11
6004,0.3001999855041504,1.0,70.23844909667969,0.0,0.00011473115533590317,3.517325967550278e-08,0.00011476632952690124,0.00011473115654667125,0.0,-1.2107680851837499e-12
6154,0.3077000081539154,1.0,74.56880187988281,0.0,0.0001293140947818756,3.717834988492541e-08,0.00012935127317905426,0.0001293140979953771,0.0,-3.213501486394252e-12
6304,0.31520000100135803,1.0,79.01803588867188,0.0,0.00014520581066608429,3.918627044185996e-08,0.00014524500072002412,0.00014520581385356828,0.0,-3.1874839952813344e-12
6454,0.32269999384880066,1.0,83.5830307006836,0.0,0.00016246798634529113,4.118963261134923e-08,0.00016250917315483094,0.00016246797723514924,0.0,9.110141894336232e-12
6604,0.3301999866962433,1.0,88.26049041748047,0.0,0.00018116080760955812,4.318097489885986e-08,0.00018120399117469788,0.00018116079462172468,0.0,1.2987833437850746e-11
6754,0.3377000093460083,1.0,93.04693603515625,0.0,0.0002013426274061203,4.515281034400687e-08,0.00020138777792453767,0.0002013426117565223,0.0,1.564959799119428e-11
6904,0.3452000021934509,1.0,97.93872833251953,0.0,0.00022306965291500093,4.7097637434490026e-08,0.00022311675548553468,0.00022306963970676895,0.0,1.3208231979932455e-11
7054,0.35269999504089355,1.0,102.93206787109375,0.0,0.0002463956028223038,4.9008005589712414e-08,0.0002464446127414703,0.00024639559526091744,0.0,7.561386358625327e-12
7204,0.3601999878883362,1.0,108.02300262451172,0.0,0.00027137139439582824,5.0876544264610856e-08,0.00027142226696014405,0.0002713713743259364,0.0,2.0069891820510832e-11
7354,0.3677000105381012,1.0,113.20744323730469,0.0,0.00029804477095603943,5.2695995691465214e-08,0.0002980974614620209,0.0002980447721936643,0.0,-1.2376248571983883e-12
7505,0.3752500116825104,1.0,118.5166244506836,0.0,0.0003266555964946747,5.445924762170762e-08,0.000326710045337677,0.00032665558770196215,0.0,8.792712543302661e-12
7655,0.382750004529953,1.0,123.87578582763672,0.0,0.0003568653464317322,5.615938061964698e-08,0.0003569214940071106,0.0003568653561491749,0.0,-9.717442725053899e-12
7805,0.39024999737739563,1.0,129.31533813476562,0.0,0.0003888943195343018,5.778968261438422e-08,0.0003889521062374115,0.00038889434132345976,0.0,-2.178915798874484e-11
7955,0.39774999022483826,1.0,134.83067321777344,0.0,0.00042277467250823974,5.934370710747316e-08,0.00042283400893211365,0.0004227746614036746,0.0,1.1104565129840122e-11
8105,0.40525001287460327,1.0,140.41709899902344,0.0,0.00045853400230407715,6.081526953494177e-08,0.00045859479904174807,0.00045853399282096624,0.0,9.483110911118198e-12
8255,0.4127500057220459,1.0,146.06979370117188,0.0,0.0004961950480937958,6.219850911293179e-08,0.0004962572455406189,0.0004961949914396025,0.0,5.6654193272484554e-11
8405,0.4202499985694885,1.0,151.78387451171875,0.0,0.0005357754826545715,6.348789611365647e-08,0.0005358389616012573,0.0005357754549253299,0.0,2.7729241645901848e-11
8555,0.42774999141693115,1.0,157.55433654785156,0.0,0.0005772876739501954,6.467827188316733e-08,0.0005773524045944214,0.0005772876503496204,0.0,2.3600574944847297e-11
8705,0.43525001406669617,1.0,163.37612915039062,0.0,0.0006207386255264282,6.576485611731187e-08,0.0006208044290542603,0.0006207385947945376,0.0,3.0731890556662256e-11
8855,0.4427500069141388,1.0,169.24412536621094,0.0,0.0006661295890808106,6.674327596556395e-08,0.0006661962866783142,0.0006661296272319472,0.0,-3.81511365468018e-11
9006,0.450300008058548,1.0,175.192626953125,0.0,0.000713778018951416,6.760958785889671e-08,0.0007138456702232361,0.0007137780590403912,0.0,-4.0088975108293345e-11
9156,0.4578000009059906,1.0,181.13755798339844,0.0,0.0007630422115325928,6.836031388957054e-08,0.0007631105780601502,0.00076304220726021,0.0,4.272382794767715e-12
9306,0.4652999937534332,1.0,187.11288452148438,0.0,0.0008142147064208984,6.899240543134511e-08,0.0008142837285995484,0.0008142146873011709,0.0,1.9119727502625583e-11
9456,0.47279998660087585,1.0,193.11328125,0.0,0.0008672729730606079,6.950332317501306e-08,0.000867342472076416,0.0008672730091893396,0.0,-3.612873173373943e-11
9606,0.48030000925064087,1.0,199.1333465576172,0.0,0.0009221881031990051,6.989099347265438e-08,0.0009222579598426819,0.0009221881328194435,0.0,-2.962043837203415e-11
9756,0.4878000020980835,1.0,205.1676788330078,0.0,0.0009789249897003173,7.015384471742437e-08,0.0009789951443672181,0.0009789250334354474,0.0,-4.3735130100808206e-11
9906,0.4952999949455261,1.0,211.2108612060547,0.0,0.001037442445755005,7.029082189546898e-08,0.00103751277923584,0.0010374425091024021,0.0,-6.334739720628701e-11
10056,0.5027999877929688,1.0,217.2574462890625,0.0,0.0010976929664611816,7.030136475805194e-08,0.0010977632999420166,0.0010976929760010436,0.0,-9.53986195595391e-12
10206,0.5102999806404114,1.0,223.302001953125,0.0,0.0011596229076385497,7.018543692538515e-08,0.0011596931219100951,0.0011596228854947313,0.0,2.2143818462910803e-11
10356,0.517799973487854,1.0,229.33909606933594,0.0,0.0012231725454330445,6.994350405875593e-08,0.0012232425212860107,0.0012231725810674442,0.0,-3.563439972785465e-11
10507,0.5253499746322632,1.0,235.40338134765625,0.0,0.0012887152433395386,6.95765411364846e-08,0.0012887848615646363,0.0012887151616258158,0.0,8.171372281075284e-11
10657,0.5328500270843506,1.0,241.4091339111328,0.0,0.0013553109169006348,6.908603245392442e-08,0.0013553799390792847,0.00135531092873775,0.0,-1.1837115272347876e-11
10807,0.5403500199317932,1.0,247.39114379882812,0.0,0.0014233109951019287,6.84739716234617e-08,0.0014233795404434205,0.0014233111169788945,0.0,-1.2187696576786144e-10
10957,0.5478500127792358,1.0,253.34405517578125,0.0,0.0014926328659057618,6.774282519472763e-08,0.0014927005767822266,0.0014926327975095183,0.0,6.839624352994456e-11
11107,0.5553500056266785,1.0,259.2625732421875,0.0,0.001563188076019287,6.689554720651358e-08,0.0015632550716400146,0.0015631879507944336,0.0,1.2522485349011903e-10
11257,0.5628499984741211,1.0,265.1414489746094,0.0,0.0016348834037780762,6.59355500829406e-08,0.0016349493265151978,0.0016348834410315207,0.0,-3.725344446987855e-11
11407,0.5703499913215637,1.0,270.9754333496094,0.0,0.0017076205015182496,6.486670463345945e-08,0.0017076853513717653,0.0017076205925350837,0.0,-9.101683404351413e-11
11557,0.5778499841690063,1.0,276.7593688964844,0.0,0.0017812964916229248,6.369330367306248e-08,0.0017813602685928345,0.0017812964714414028,0.0,2.018152203513146e-11
11707,0.585349977016449,1.0,282.48822021484375,0.0,0.0018558043241500854,6.242006929824129e-08,0.0018558667898178102,0.0018558045246546524,0.0,-2.0050456694259422e-10
11857,0.5928500294685364,1.0,288.15692138671875,0.0,0.0019310327768325805,6.105209467932582e-08,0.0019310939311981202,0.001931032821931898,0.0,-4.5099317509678105e-11
12008,0.6003999710083008,1.0,293.7976989746094,0.0,0.0020073742866516114,5.9594854974420745e-08,0.002007433891296387,0.002007374137738958,0.0,1.4891265347552474e-10
12158,0.6079000234603882,1.0,299.3310241699219,0.0,0.0020836989879608153,5.8054156397702173e-08,0.0020837571620941162,0.0020836991169910315,0.0,-1.290302161990886e-10
12308,0.6154000163078308,1.0,304.7897033691406,0.0,0.0021603896617889405,5.6436125305481255e-08,0.0021604461669921873,0.0021603898437174123,0.0,-1.819284718533598e-10
12458,0.6229000091552734,1.0,310.1690979003906,0.0,0.0022373225688934327,5.4747171816416086e-08,0.002237377405166626,0.0022373225416823742,0.0,2.7211058493264995e-11
12608,0.6304000020027161,1.0,315.4647216796875,0.0,0.0023143718242645264,5.2993964345660064e-08,0.002314424991607666,0.00231437187498704,0.0,-5.072251342899681e-11
12758,0.6378999948501587,1.0,320.67218017578125,0.0,0.0023914103507995605,5.118338958709501e-08,0.0023914616107940673,0.002391410398574156,0.0,-4.7774595477584336e-11
12908,0.6453999876976013,1.0,325.78717041015625,0.0,0.002468309164047241,4.9322530685458336e-08,0.002468358278274536,0.0024683088466013066,0.0,3.1744593455632075e-10
13058,0.652899980545044,1.0,330.8056335449219,0.0,0.0025449385643005373,4.741862358059734e-08,0.0025449860095977783,0.0025449387717455148,0.0,-2.0744497742850032e-10
13208,0.6603999733924866,1.0,335.7235107421875,0.0,0.002621169090270996,4.5479024265659973e-08,0.0026212146282196046,0.0026211692015130164,0.0,-1.1124202036957853e-10
13358,0.667900025844574,1.0,340.5369873046875,0.0,0.002696870565414429,4.351117240730673e-08,0.0026969141960144043,0.0026968706912221608,0.0,-1.2580773185374983e-10
13509,0.6754500269889832,1.0,345.2733459472656,0.0,0.002772411584854126,4.1522558603901416e-08,0.0027724530696868897,0.00277241124236326,0.0,3.4249086596285783e-10
13659,0.6829500198364258,1.0,349.86639404296875,0.0,0.002846662759780884,3.952068072976545e-08,0.0028467023372650145,0.0028466626437355785,0.0,1.1604530530950896e-10
13809,0.6904500126838684,1.0,354.344482421875,0.0,0.0029200003147125246,3.7513003917410973e-08,0.0029200379848480225,0.0029200002842517787,0.0,3.046074590479231e-11
13959,0.697950005531311,1.0,358.7044372558594,0.0,0.0029922995567321776,3.550693509168923e-08,0.002992335081100464,0.0029922993792335525,0.0,1.774986251729116e-10
14109,0.7054499983787537,1.0,362.94329833984375,0.0,0.0030634379386901855,3.350976476212964e-08,0.0030634715557098387,0.0030634380886001124,0.0,-1.4990992691990557e-10
14259,0.7129499912261963,1.0,367.0582580566406,0.0,0.0031332967281341552,3.152864883304574e-08,0.0031333281993865965,0.003133296855990125,0.0,-1.2785596973513558e-10
14409,0.7204499840736389,1.0,371.0467224121094,0.0,0.0032017598152160646,2.9570548576884903e-08,0.003201789379119873,0.0032017597723899755,0.0,4.2826089029224246e-11
14559,0.7279499769210815,1.0,374.9063415527344,0.0,0.003268715620040894,2.7642214263323696e-08,0.0032687432765960696,0.003268715463638501,0.0,1.5640239277303625e-10
14709,0.735450029373169,1.0,378.6349792480469,0.0,0.003334056854248047,2.5750132408575155e-08,0.00333408260345459,0.003334056918841137,0.0,-6.459308999132163e-11
14859,0.7429500222206116,1.0,382.23065185546875,0.0,0.003397680759429932,2.3900494852568954e-08,0.0033977046012878417,0.003397680725996664,0.0,3.343326787294543e-11
15010,0.7505000233650208,1.0,385.71429443359375,0.0,0.0034598956108093265,2.209916419815272e-08,0.0034599175453186035,0.0034598957425675592,0.0,-1.3175823279643062e-10
15160,0.7580000162124634,1.0,389.0382995605469,0.0,0.0035197858810424804,2.035163743130397e-08,0.0035198061466217043,0.0035197860122084144,0.0,-1.3116593401696353e-10
15310,0.765500009059906,1.0,392.2249450683594,0.0,0.003577683925628662,1.8663014998310247e-08,0.003577702522277832,0.0035776838961366865,0.0,2.949197570184525e-11
15460,0.7730000019073486,1.0,395.2732849121094,0.0,0.003633511066436768,1.7037966244970447e-08,0.003633528232574463,0.0036335109247723164,0.0,1.4166445143695694e-10
15610,0.7804999947547913,1.0,398.1826171875,0.0,0.0036871955394744875,1.5480705769732595e-08,0.003687211036682129,0.003687195270471795,0.0,2.6900269251700637e-10
15760,0.7879999876022339,1.0,400.9525146484375,0.0,0.003738672494888306,1.3994963410368655e-08,0.0037386863231658935,0.0037386725349512905,0.0,-4.006298461381452e-11
15910,0.7954999804496765,1.0,403.582763671875,0.0,0.0037878847122192385,1.258396150660701e-08,0.003787897348403931,0.0037878848170471743,0.0,-1.0482793582830552e-10
16060,0.8029999732971191,1.0,406.0735168457031,0.0,0.0038347837924957275,1.1250390343775507e-08,0.0038347949981689454,0.0038347837461264545,0.0,4.636927300460947e-11
16210,0.8105000257492065,1.0,408.4251708984375,0.0,0.003879328489303589,9.996395419875626e-09,0.003879338502883911,0.003879328377288788,0.0,1.1201480108052886e-10
16360,0.8180000185966492,1.0,410.638427734375,0.0,0.003921486616134643,8.823557436699047e-09,0.00392149543762207,0.003921486472840919,0.0,1.432937241085952e-10
16511,0.8255500197410583,1.0,412.7276916503906,0.0,0.003961491584777832,7.732883204880637e-09,0.003961499452590942,0.003961491801280463,0.0,-2.1650263092726219e-10
16661,0.833050012588501,1.0,414.6665954589844,0.0,0.003998799562454224,6.724798367940821e-09,0.003998806238174438,0.003998799660221977,0.0,-9.776775309472407e-11
16811,0.8405500054359436,1.0,416.4710998535156,0.0,0.004033678531646729,5.799141945317388e-09,0.004033684253692627,0.004033678535190628,0.0,-3.5438986814573248e-12
16961,0.8480499982833862,1.0,418.14312744140625,0.0,0.004066132068634033,4.955171334586339e-09,0.004066137313842774,0.0040661319773600026,0.0,9.127403086811592e-11
17111,0.8555499911308289,1.0,419.6850280761719,0.0,0.004096175193786621,4.19156549469335e-09,0.004096179485321045,0.0040961749486348184,0.0,2.451518025040067e-10
17261,0.8630499839782715,1.0,421.09942626953125,0.0,0.004123830795288086,3.5064381336269437e-09,0.004123834609985352,0.004123830855919265,0.0,-6.063117976434773e-11
17411,0.8705499768257141,1.0,422.3893127441406,0.0,0.004149133205413818,2.89735271508107e-09,0.004149136066436768,0.004149133291173661,0.0,-8.575984280362325e-11
17561,0.8780500292778015,1.0,423.5580139160156,0.0,0.004172125339508057,2.361347469559405e-09,0.004172127723693847,0.004172125375639063,0.0,-3.613100617305687e-11
17711,0.8855500221252441,1.0,424.6092529296875,0.0,0.00419286060333252,1.8949630202769186e-09,0.004192862510681152,0.004192860876128078,0.0,-2.7279555784437415e-10
17861,0.8930500149726868,1.0,425.547119140625,0.0,0.004211403369903564,1.4942776260795654e-09,0.004211404800415039,0.004211403502532215,0.0,-1.326286511171837e-10
18012,0.900600016117096,1.0,426.3811950683594,0.0,0.004227928638458252,1.1549511782504852e-09,0.004227929592132569,0.004227928453672613,0.0,1.8478563904716916e-10
18162,0.9081000089645386,1.0,427.1053466796875,0.0,0.004242301940917969,8.722732331989392e-10,0.0042423028945922855,0.004242301794473861,0.0,1.464441077084211e-10
18312,0.9156000018119812,1.0,427.730712890625,0.0,0.004254734039306641,6.412219590856694e-10,0.004254734516143799,0.004254734017440053,0.0,2.186658753372539e-11
18462,0.9230999946594238,1.0,428.26287841796875,0.0,0.004265327453613282,4.56528567838177e-10,0.00426532793045044,0.004265327744903347,0.0,-2.9129006498540555e-10
18612,0.9305999875068665,1.0,428.7078857421875,0.0,0.004274196624755859,3.127519221379771e-10,0.004274197101593017,0.0042741965418031744,0.0,8.295268465186023e-11
18762,0.9380999803543091,1.0,429.0722351074219,0.0,0.004281464576721191,2.0436101522136597e-10,0.0042814650535583495,0.0042814647195367145,0.0,-1.4281552329631353e-10
18912,0.9455999732017517,1.0,429.3627624511719,0.0,0.004287264823913574,1.2582732722421496e-10,0.004287264823913574,0.004287264692551197,0.0,1.313623775728301e-10
19062,0.9531000256538391,1.0,429.5868225097656,0.0,0.004291740417480469,7.1726326211774e-11,0.004291740417480469,0.004291740420326439,0.0,-2.84596998745279e-12
19212,0.9606000185012817,1.0,429.75213623046875,0.0,0.0042950439453125,3.684948524096399e-11,0.0042950439453125,0.004295044153363985,0.0,-2.0805148489427827e-10
19362,0.9681000113487244,1.0,429.8668518066406,0.0,0.004297337532043457,1.6326602292338065e-11,0.004297337532043457,0.0042973374484221475,0.0,8.362130952954683e-11
19513,0.9756500124931335,1.0,429.9400634765625,0.0,0.004298800945281982,5.7590940905072335e-12,0.004298800945281982,0.00429880135307513,0.0,-4.077931482077135e-10
19663,0.9831500053405762,1.0,429.9798583984375,0.0,0.0042995972633361815,1.3647476482248067e-12,0.0042995972633361815,0.0042995971774032644,0.0,8.59329170321832e-11
19813,0.9906499981880188,1.0,429.9964904785156,0.0,0.004299929618835449,1.3428634593193323e-13,0.004299929618835449,0.004299929809856749,0.0,-1.9102129947268232e-10
19963,0.9981499910354614,1.0,429.9999694824219,0.0,0.004299999237060547,2.3734104417048873e-16,0.004299999237060547,0.004299999389648459,0.0,-1.5258791192379606e-10
20113,1.0056500434875488,1.0,430.0,0.013208034448325634,0.004300000190734864,7.192184070525798e-13,0.004300000190734864,0.0043,1.557608696322827e-12,1.8917725497072968e-10
20263,1.0131499767303467,1.0,430.0,0.1599416434764862,0.004300000190734864,2.0547100021417463e-11,0.004300000190734864,0.0043,2.2840472605320913e-10,-3.7669862386156624e-11
20413,1.020650029182434,1.0,430.0,0.6099370718002319,0.004300003528594971,1.2142236016643437e-10,0.004300003528594971,0.0043,3.3216359960378686e-09,2.0695897486370872e-10
20563,1.028149962425232,1.0,430.0,1.5256346464157104,0.004300020694732666,4.07025396498284e-10,0.0043000211715698245,0.0043,2.0781795306642766e-08,-8.706264040093329e-11
20713,1.0356500148773193,1.0,430.0,3.0616917610168457,0.004300083637237549,1.0156932148674968e-09,0.0043000845909118655,0.0043,8.369603963820032e-08,-5.88020893333328e-11
20863,1.0431499481201172,1.0,430.0,5.365104675292969,0.004300257205963135,2.113831897077034e-09,0.004300259113311768,0.0043,2.570031087218792e-07,2.02854412724048e-10
21014,1.0506999492645264,1.0,430.0,8.600025177001953,0.004300660133361817,3.889818799507338e-09,0.004300664424896241,0.0043,6.603610093309596e-07,-2.2764751416057663e-10
21164,1.0582000017166138,1.0,430.0,12.856447219848633,0.004301476001739502,6.548374130943557e-09,0.004301482200622559,0.0043,1.4757878135424431e-06,2.1392595958353245e-10
21314,1.0657000541687012,1.0,430.0,18.27726936340332,0.004302982807159424,1.0305388059350662e-08,0.004302992820739746,0.0043,2.9826658516285863e-06,1.4130779524601758e-10
21464,1.073199987411499,1.0,430.0,24.98001480102539,0.004305571556091309,1.5383177014882676e-08,0.004305586814880371,0.0043,5.57143874517364e-06,1.1734613499951368e-10
21614,1.0807000398635864,1.0,430.0,33.07514953613281,0.004309767723083496,2.2006162907928228e-08,0.004309789657592773,0.0043,9.767549257478095e-06,1.7382601769720782e-10
21764,1.0881999731063843,1.0,430.0,42.66621398925781,0.004316253662109375,3.039695184270386e-08,0.0043162841796875,0.0043,1.6253623358724456e-05,3.875065061041162e-11
21914,1.0957000255584717,1.0,430.0,53.84994125366211,0.004325891017913818,4.077279299963266e-08,0.004325932025909424,0.0043,2.5891215830561255e-05,-1.9791674314782303e-10
22064,1.1031999588012695,1.0,430.0,66.71637725830078,0.0043397417068481445,5.3342409955803304e-08,0.004339795112609864,0.0043,3.9741741022070655e-05,-3.4173926146861214e-11
22214,1.110700011253357,1.0,430.0,81.3489990234375,0.004359086036682129,6.830316124251112e-08,0.00435915470123291,0.0043,5.908624680460031e-05,-2.101224708957834e-10
22364,1.1181999444961548,1.0,430.0,97.82484436035156,0.004385443687438965,8.583858289057389e-08,0.004385529518127441,0.0043,8.544375155470542e-05,-6.411574014222009e-11
22515,1.125749945640564,1.0,430.0,116.34362030029297,0.004420855522155762,1.0611618927214294e-07,0.004420961856842041,0.0043,0.00012085569629088162,-1.7413511984362e-10
22665,1.1332499980926514,1.0,430.0,136.72525024414062,0.004466908931732178,1.292856177315116e-07,0.004467038154602051,0.0043,0.00016690887548502568,5.624715217244017e-11
22815,1.1407500505447388,1.0,430.0,159.14414978027344,0.004526132583618164,1.5547707153018564e-07,0.004526288032531738,0.0043,0.0002261326822257688,-9.860760504572935e-11
22965,1.1482499837875366,1.0,430.0,183.65277099609375,0.00460114574432373,1.8479996651876718e-07,0.0046013307571411135,0.0043,0.0003011458954869969,-1.5116326658286272e-10
23115,1.155750036239624,1.0,430.0,210.29771423339844,0.0046948671340942385,2.1734193433076143e-07,0.004695084571838379,0.0043,0.00039486721974814386,-8.56539054093497e-11
23265,1.1632499694824219,1.0,430.0,239.119873046875,0.004810520648956299,2.5316799292340875e-07,0.004810773849487305,0.0043,0.0005105206579103001,-8.954001277407253e-12
23415,1.1707500219345093,1.0,430.0,270.1545715332031,0.0049516382217407225,2.923199790529907e-07,0.004951930522918702,0.0043,0.0006516383260740051,-1.0433328257331703e-10
23565,1.1782499551773071,1.0,430.0,303.4316711425781,0.0051220602989196775,3.348161990288645e-07,0.005122395515441895,0.0043,0.0008220605272533721,-2.2833369461676412e-10
23715,1.1857500076293945,1.0,430.0,338.97564697265625,0.005325932979583741,3.806512686423957e-07,0.005326313495635986,0.0043,0.0010259329396475972,3.993614358481501e-11
23865,1.1932499408721924,1.0,430.0,376.8057556152344,0.00556770133972168,4.2979617137461904e-07,0.005568131446838379,0.0043,0.0012677015845068548,-2.4478517476889117e-10
24016,1.2007999420166016,1.0,430.0,417.2111511230469,0.005854153156280518,4.821984621230513e-07,0.005854635238647461,0.0043,0.0015541530769769452,7.930357282318057e-11
24166,1.208299994468689,1.0,430.0,459.6665344238281,0.006186547279357911,5.377826746553183e-07,0.006187085151672363,0.0043,0.0018865475256179677,-2.462600570511675e-10
24316,1.2158000469207764,1.0,430.0,494.2577819824219,0.006571065902709961,5.964507581666112e-07,0.006571662425994873,0.0043,0.0021811674558052077,8.989844690475294e-05
24466,1.2232999801635742,1.0,430.0,490.5542297363281,0.006985062122344971,6.580828921869397e-07,0.006985720157623291,0.0043,0.0021486022527875195,0.0005364598695574516
24616,1.2308000326156616,1.0,430.0,486.66912841796875,0.007416008949279785,7.225381559692324e-07,0.007416731357574463,0.0043,0.0021147039335277264,0.0010013050157520586
24766,1.2382999658584595,1.0,430.0,482.6031799316406,0.007863344192504883,7.896557217463851e-07,0.007864133834838867,0.0043,0.002079516332858317,0.0014838278596465662
24916,1.2458000183105469,1.0,430.0,478.3575134277344,0.008326447486877442,8.5925537860021e-07,0.008327306747436524,0.0043,0.002043088487971117,0.001983358998906325
25066,1.2532999515533447,1.0,430.0,473.93353271484375,0.008804646492004395,9.31139278691262e-07,0.008805577278137208,0.0043,0.0020054731556390345,0.0024991733363653604
25216,1.2608000040054321,1.0,430.0,469.3330078125,0.009297216415405273,1.0050926357507706e-06,0.009298221588134765,0.0043,0.0019667274305565016,0.0030304889848487716
25366,1.2683000564575195,1.0,430.0,464.5580139160156,0.009803386688232421,1.080885180272162e-06,0.00980446720123291,0.0043,0.0019269120383356515,0.0035764746498967697
25517,1.2758500576019287,1.0,430.0,459.5773620605469,0.010325838088989257,1.158272847533226e-06,0.010326996803283691,0.0043,0.0018858156403440268,0.0041400224486452305
25667,1.2833499908447266,1.0,430.0,454.459716796875,0.010856799125671387,1.2369987089186906e-06,0.010858036041259766,0.0043,0.0018440503052776413,0.004712748820393745
25817,1.290850043296814,1.0,430.0,449.1755676269531,0.01139879035949707,1.3167944271117449e-06,0.011400107383728028,0.0043,0.0018014168799374603,0.00529737347955961
25967,1.2983499765396118,1.0,430.0,443.72821044921875,0.011950888633728028,1.3973822351545096e-06,0.011952286720275878,0.0043,0.0017579886138255907,0.005892900019902438
26117,1.3058500289916992,1.0,430.0,438.12115478515625,0.012512140274047852,1.4784762170165778e-06,0.01251361846923828,0.0043,0.0017138405916989183,0.006498299682348933
26267,1.313349962234497,1.0,430.0,432.35809326171875,0.013081564903259277,1.5597834717482329e-06,0.013083124160766601,0.0043,0.0016690492929366883,0.007112515610322588
26417,1.3208500146865845,1.0,430.0,426.443115234375,0.01365816307067871,1.6410063253715635e-06,0.013659804344177247,0.0043,0.0016236940225964147,0.007734469048082296
26567,1.3283499479293823,1.0,430.0,420.3804016113281,0.014240917205810548,1.7218434950336815e-06,0.014242639541625976,0.0043,0.001577854304097335,0.008363062901713212
26717,1.3358500003814697,1.0,430.0,414.1744689941406,0.014828797340393067,1.8019917188212275e-06,0.014830599784851075,0.0043,0.0015316115247015925,0.008997185815691474
26867,1.3433500528335571,1.0,430.0,407.8299865722656,0.01542076301574707,1.8811473855748774e-06,0.01542264461517334,0.0043,0.0014850473031029854,0.009635715712644086
27018,1.3509000539779663,1.0,430.0,401.3082580566406,0.01601974105834961,1.9590079318732023e-06,0.01602169990539551,0.0043,0.0014379314105754935,0.010281809647774117
27168,1.3583999872207642,1.0,430.0,394.7007751464844,0.016616750717163085,2.03527370467782e-06,0.016618785858154298,0.0043,0.0013909705526896038,0.010925780164473481
27318,1.3659000396728516,1.0,430.0,387.9700622558594,0.017214700698852538,2.1096488926559686e-06,0.01721681022644043,0.0043,0.0013439354393465662,0.011570765259505972
27468,1.3733999729156494,1.0,430.0,381.12164306640625,0.01781255531311035,2.181843388825655e-06,0.01781473731994629,0.0043,0.001296908096550332,0.01221564721656002
27618,1.3809000253677368,1.0,430.0,374.1611328125,0.01840928268432617,2.2515743039548397e-06,0.018411535263061524,0.0043,0.0012499692259601185,0.012859313458366052
27768,1.3883999586105347,1.0,430.0,367.0943603515625,0.019003870010375977,2.318567130714655e-06,0.019006187438964844,0.0043,0.0012031988339457397,0.013500671176430237
27918,1.395900011062622,1.0,430.0,359.9272766113281,0.019595317840576172,2.382556675001979e-06,0.019597700119018555,0.0043,0.00115667539686471,0.014138642443711462
28068,1.40339994430542,1.0,430.0,352.6659851074219,0.020182645797729493,2.443288918584585e-06,0.020185089111328127,0.0043,0.0011104758665338242,0.01477216993119567
28218,1.4108999967575073,1.0,430.0,345.3167419433594,0.020764902114868165,2.500522183254361e-06,0.020767402648925782,0.0043,0.0010646754666640771,0.01540022664820409
28368,1.4184000492095947,1.0,430.0,337.8858642578125,0.02134115791320801,2.5540280621498824e-06,0.021343711853027345,0.0043,0.0010193469398682938,0.016021810973339715
28519,1.425950050354004,1.0,430.0,330.32958984375,0.021914283752441407,2.6035921182483436e-06,0.021916887283325196,0.0043,0.0009742646243423223,0.016640019128099086
28669,1.4334499835968018,1.0,430.0,322.7546081542969,0.022475820541381836,2.6490157470107078e-06,0.02247846794128418,0.0043,0.0009300940811145869,0.01724572646026725
28819,1.4409500360488892,1.0,430.0,315.1177673339844,0.02302875328063965,2.6901164092123507e-06,0.023031444549560548,0.0043,0.0008866000650853135,0.017842153215554338
28969,1.448449969291687,1.0,430.0,307.4258728027344,0.02357229232788086,2.7267285622656348e-06,0.02357501792907715,0.0043,0.0008438452434689556,0.0184284470844119
29119,1.4559500217437744,1.0,430.0,299.6856994628906,0.02410568046569824,2.7587045915424824e-06,0.02410844039916992,0.0043,0.0008018885577014464,0.019003791907996795
29269,1.4634499549865723,1.0,430.0,291.9042053222656,0.024628210067749023,2.7859155088663104e-06,0.024630996704101564,0.0043,0.000760786295400209,0.01956742377234881
29419,1.4709500074386597,1.0,430.0,284.08831787109375,0.025139211654663086,2.808251418173313e-06,0.025142019271850585,0.0043,0.0007205908245609609,0.020118620830102123
29569,1.4784499406814575,1.0,430.0,276.2450256347656,0.025638061523437502,2.8256222140043974e-06,0.02564088821411133,0.0043,0.0006813510195352886,0.02065671050390221
29719,1.485949993133545,1.0,430.0,268.38140869140625,0.02612418556213379,2.837957348674536e-06,0.026127023696899416,0.0043,0.0006431123261712824,0.021181073235962505
29869,1.4934500455856323,1.0,430.0,260.5044860839844,0.02659705924987793,2.8452069964259863e-06,0.026599905014038087,0.0043,0.000605915957766793,0.02169114329211114
30020,1.5010000467300415,1.0,430.0,252.56883239746094,0.027059215545654297,2.8473420534282923e-06,0.027062063217163087,0.0043,0.0005695626348090777,0.022189652910845223
30170,1.5084999799728394,1.0,430.0,244.6866455078125,0.027504104614257813,2.8443534392863514e-06,0.027506948471069336,0.0043,0.0005345674508023742,0.02266953716345544
30320,1.5160000324249268,1.0,430.0,236.81251525878906,0.027934457778930666,2.8362534940242767e-06,0.027937294006347656,0.0043,0.0005007157802070911,0.023133741998723575
30470,1.5234999656677246,1.0,430.0,228.9534912109375,0.02834994888305664,2.823075046762824e-06,0.028352771759033203,0.0043,0.0004680330458721146,0.02358191583718453
30620,1.531000018119812,1.0,430.0,221.1166534423828,0.02875030517578125,2.80487141571939e-06,0.028753110885620117,0.0043,0.0004365408431210609,0.024013764332660188
30770,1.5384999513626099,1.0,430.0,213.3090362548828,0.029135305404663088,2.781716175377369e-06,0.02913808822631836,0.0043,0.00040625665132131174,0.02442904875334178
30920,1.5460000038146973,1.0,430.0,205.53761291503906,0.029504777908325196,2.75370292365551e-06,0.029507532119750976,0.0043,0.0003771938421679681,0.02482758406615723
31070,1.5535000562667847,1.0,430.0,197.809326171875,0.02985860252380371,2.720944583415985e-06,0.029861322402954103,0.0043,0.00034936187071938604,0.025209240653084324
31220,1.5609999895095825,1.0,430.0,190.13108825683594,0.03019670867919922,2.6835736352950336e-06,0.030199392318725586,0.0043,0.00032276634572972083,0.0255739423334695
31370,1.56850004196167,1.0,430.0,182.50967407226562,0.030519075393676758,2.641740720719099e-06,0.030521717071533203,0.0043,0.0002974087600889699,0.02592166663358779
31521,1.576050043106079,1.0,430.0,174.90167236328125,0.03082772445678711,2.5956139434129002e-06,0.030830320358276368,0.0043,0.0002731303124595766,0.026254594144327535
31671,1.583549976348877,1.0,430.0,167.41458129882812,0.031118640899658205,2.545378636568785e-06,0.031121187210083008,0.0043,0.00025024680385233867,0.02656839409580587
31821,1.5910500288009644,1.0,430.0,160.00430297851562,0.03139404106140137,2.491236198693514e-06,0.03139653205871582,0.0043,0.00022858372296107702,0.026865457338440292
31971,1.5985499620437622,1.0,430.0,152.67730712890625,0.031654088973999024,2.433403627946973e-06,0.031656522750854496,0.0043,0.000208128215286914,0.02714596075871211
32121,1.6060500144958496,1.0,430.0,145.43991088867188,0.031898994445800785,2.372111193835735e-06,0.03190136528015137,0.0043,0.00018886399713665016,0.02741013044866414
32271,1.6135499477386475,1.0,430.0,138.29830932617188,0.03212899780273438,2.307603135704994e-06,0.03213130569458008,0.0043,0.0001707716282364064,0.027658226174497973
32421,1.6210500001907349,1.0,430.0,131.2585906982422,0.03234439086914063,2.2401353344321253e-06,0.032346633911132815,0.0043,0.00015382872885793457,0.027890562140282696
32571,1.6285500526428223,1.0,430.0,124.32667541503906,0.03254549407958984,2.169974613934755e-06,0.03254766464233398,0.0043,0.00013801001981925427,0.02810748405977059
32721,1.6360499858856201,1.0,430.0,117.50831604003906,0.03273265838623047,2.097396645694971e-06,0.03273475646972656,0.0043,0.00012328753873719377,0.028309370847493277
32871,1.6435500383377075,1.0,430.0,110.80912780761719,0.032906272888183596,2.0226859487593176e-06,0.03290829849243164,0.0043,0.00010963091790611465,0.028496641970277483
33022,1.6511000394821167,1.0,430.0,104.19107818603516,0.03306778335571289,1.9461337942630053e-06,0.03306972885131836,0.0043,9.692661404971867e-05,0.028670856741663177
33172,1.6585999727249146,1.0,430.0,97.7472152709961,0.03321548843383789,1.868036575615406e-06,0.03321735382080078,0.0043,8.530819726102189e-05,0.02883018023657687
33322,1.666100025177002,1.0,430.0,91.43828582763672,0.0333509635925293,1.7886944115161896e-06,0.033352752685546876,0.0043,7.46514295990767e-05,0.028976312162930225
33472,1.6735999584197998,1.0,430.0,85.26913452148438,0.03347470474243164,1.7084103310480714e-06,0.03347641372680664,0.0043,6.491808305395535e-05,0.029109786659377683
33622,1.6811000108718872,1.0,430.0,79.24440002441406,0.03358720779418945,1.6274878289550544e-06,0.03358883285522461,0.0043,5.606852620740496e-05,0.02923113926798205
33772,1.688599944114685,1.0,430.0,73.3685073852539,0.033688995361328126,1.5462300507351755e-06,0.03369054031372071,0.0043,4.806194532089337e-05,0.029340933416007235
33922,1.6960999965667725,1.0,430.0,67.64563751220703,0.033780593872070316,1.4649376971647144e-06,0.033782058715820316,0.0043,4.085653816457957e-05,0.029439737333905737
34072,1.7036000490188599,1.0,430.0,62.07972717285156,0.033862552642822265,1.3839079765602946e-06,0.03386393737792969,0.0043,3.440975469514004e-05,0.029528142888127128
34222,1.7110999822616577,1.0,430.0,56.67448043823242,0.033935413360595704,1.303432509303093e-06,0.03393671798706055,0.0043,2.8678542258424905e-05,0.02960673481833728
34372,1.7186000347137451,1.0,430.0,51.433326721191406,0.03399972915649414,1.223796047270298e-06,0.03400094985961914,0.0043,2.3619527657221626e-05,0.029676109628836923
34523,1.7261500358581543,1.0,430.0,46.32609558105469,0.03405640029907227,1.1452749604359269e-06,0.03405754470825195,0.0043,1.916167081950906e-05,0.02973723862825276
34673,1.7336499691009521,1.0,430.0,41.42347717285156,0.03410523223876953,1.0681356070563197e-06,0.03410630035400391,0.0043,1.5320575545444236e-05,0.02978991166322409
34823,1.7411500215530396,1.0,430.0,36.69361877441406,0.034147171020507815,9.926329366862774e-07,0.03414816284179688,0.0043,1.202162195323243e-05,0.029835149398554583
34973,1.7486499547958374,1.0,430.0,32.1388053894043,0.03418275833129883,9.190089185722172e-07,0.034183677673339845,0.0043,9.222346534446452e-06,0.029873535984764384
35123,1.7561500072479248,1.0,430.0,27.761028289794922,0.034212520599365234,8.474912610836327e-07,0.03421337127685547,0.0043,6.881024033096375e-06,0.02990563957533214
35273,1.7636499404907227,1.0,430.0,23.561960220336914,0.03423698425292969,7.782919565215707e-07,0.034237762451171876,0.0043,4.956839012720885e-06,0.02993202741391697
35423,1.77114999294281,1.0,430.0,19.542940139770508,0.03425664901733399,7.11606175173074e-07,0.034257358551025394,0.0043,3.410058118809405e-06,0.02995323895921518
35573,1.7786500453948975,1.0,430.0,15.704977035522461,0.03427200317382813,6.476107519119978e-07,0.034272651672363284,0.0043,2.202199140056142e-06,0.029969800974688075
35723,1.7861499786376953,1.0,430.0,12.048728942871094,0.03428352355957031,5.864633712917566e-07,0.03428410720825195,0.0043,1.2961774030248177e-06,0.029982227382167288
35873,1.7936500310897827,1.0,430.0,8.574501037597656,0.03429165649414063,5.283015198074281e-07,0.03429218292236328,0.0043,6.564470361050294e-07,0.029991000047104525
36024,1.801200032234192,1.0,430.0,5.260802745819092,0.03429685974121094,4.732414672616869e-07,0.034297332763671876,0.0043,2.471075493787294e-07,0.029996612633661563
36174,1.8086999654769897,1.0,430.0,2.151261568069458,0.03429947280883789,4.2137745185755193e-07,0.03429989624023438,0.0043,4.1320770841541635e-08,0.02999943148806705
36282,1.8141000270843506,1.0,430.0,0.02474810555577278,0.03429999923706055,3.806512686423957e-07,0.03430038070678711,0.0043,5.468470791068497e-12,0.02999999923159208
36283,1.8141499757766724,1.0,430.0,0.005530799739062786,0.03429999923706055,3.806512686423957e-07,0.03430038070678711,0.0043,2.7312272994300875e-13,0.02999999923678743
36284,1.8142000436782837,0.0,430.0,0.0,0.03429999923706055,3.806512686423957e-07,0.03430038070678711,0.0043,0.0,0.02999999923706055
36285,1.8142499923706055,0.0,0.0,0.0,0.03429999923706055,3.806512686423957e-07,0.03430038070678711,0.0,0.0,0.03429999923706055
36286,1.8142999410629272,0.0,0.0,0.0,0.03429999923706055,3.806512686423957e-07,0.03430038070678711,0.0,0.0,0.03429999923706055
36287,1.8143500089645386,0.0,0.0,0.0,0.03429999923706055,3.806512686423957e-07,0.03430038070678711,0.0,0.0,0.03429999923706055
36324,1.8162000179290771,0.0,0.0,0.0,0.03429999923706055,3.727811563294381e-07,0.03430037307739258,0.0,0.0,0.03429999923706055
36474,1.823699951171875,0.0,0.0,0.0,0.03429999923706055,3.2750118407420813e-07,0.03430032730102539,0.0,0.0,0.03429999923706055
36624,1.8312000036239624,0.0,0.0,0.0,0.03429999923706055,2.855625934898853e-07,0.03430028533935547,0.0,0.0,0.03429999923706055
36774,1.8387000560760498,0.0,0.0,0.0,0.03429999923706055,2.469668397679925e-07,0.03430024719238281,0.0,0.0,0.03429999923706055
36924,1.8461999893188477,0.0,0.0,0.0,0.03429999923706055,2.1169167303014547e-07,0.03430021286010742,0.0,0.0,0.03429999923706055
37074,1.853700041770935,0.0,0.0,0.0,0.03429999923706055,1.7969135660678149e-07,0.03430017852783203,0.0,0.0,0.03429999923706055
37224,1.861199975013733,0.0,0.0,0.0,0.03429999923706055,1.5089705993887038e-07,0.03430015182495117,0.0,0.0,0.03429999923706055
37374,1.8687000274658203,0.0,0.0,0.0,0.03429999923706055,1.252174552064389e-07,0.03430012512207031,0.0,0.0,0.03429999923706055
37525,1.8762500286102295,0.0,0.0,0.0,0.03429999923706055,1.0078353807330132e-07,0.03430010223388672,0.0,0.0,0.03429999923706055
37675,1.8837499618530273,0.0,0.0,0.0,0.03429999923706055,8.120620623230935e-08,0.03430007934570312,0.0,0.0,0.03429999923706055
37825,1.8912500143051147,0.0,0.0,0.0,0.03429999923706055,6.433075031964108e-08,0.034300064086914064,0.0,0.0,0.03429999923706055
37975,1.8987499475479126,0.0,0.0,0.0,0.03429999923706055,4.998546864953823e-08,0.034300048828125,0.0,0.0,0.03429999923706055
38125,1.90625,0.0,0.0,0.0,0.03429999923706055,3.7983161746524274e-08,0.034300037384033207,0.0,0.0,0.03429999923706055
38275,1.9137500524520874,0.0,0.0,0.0,0.03429999923706055,2.8123384254286067e-08,0.034300029754638674,0.0,0.0,0.03429999923706055
38425,1.9212499856948853,0.0,0.0,0.0,0.03429999923706055,2.019500607275404e-08,0.034300018310546875,0.0,0.0,0.03429999923706055
38575,1.9287500381469727,0.0,0.0,0.0,0.03429999923706055,1.3979134564578998e-08,0.03430001449584961,0.0,0.0,0.03429999923706055
38725,1.9362499713897705,0.0,0.0,0.0,0.03429999923706055,9.252365998690949e-09,0.03430001068115234,0.0,0.0,0.03429999923706055
38875,1.943750023841858,0.0,0.0,0.0,0.03429999923706055,5.790426712337648e-09,0.03430000686645508,0.0,0.0,0.03429999923706055
39026,1.951300024986267,0.0,0.0,0.0,0.03429999923706055,3.210147497156868e-09,0.034300003051757816,0.0,0.0,0.03429999923706055
39176,1.958799958229065,0.0,0.0,0.0,0.03429999923706055,1.682160586824466e-09,0.034300003051757816,0.0,0.0,0.03429999923706055
39326,1.9663000106811523,0.0,0.0,0.0,0.03429999923706055,7.67144456403912e-10,0.03429999923706055,0.0,0.0,0.03429999923706055
39476,1.9737999439239502,0.0,0.0,0.0,0.03429999923706055,2.833984353856067e-10,0.03429999923706055,0.0,0.0,0.03429999923706055
39626,1.9812999963760376,0.0,0.0,0.0,0.03429999923706055,7.317093064784785e-11,0.03429999923706055,0.0,0.0,0.03429999923706055
39776,1.988800048828125,0.0,0.0,0.0,0.03429999923706055,8.920750360630336e-12,0.03429999923706055,0.0,0.0,0.03429999923706055
39926,1.9962999820709229,0.0,0.0,0.0,0.03429999923706055,7.047158689932331e-14,0.03429999923706055,0.0,0.0,0.03429999923706055
40076,2.0037999153137207,0.0,0.0,0.0,0.03429999923706055,0.0,0.03429999923706055,0.0,0.0,0.03429999923706055
40226,2.0113000869750977,0.0,0.0,0.0,0.03429999923706055,0.0,0.03429999923706055,0.0,0.0,0.03429999923706055
40376,2.0188000202178955,0.0,0.0,0.0,0.03429999923706055,0.0,0.03429999923706055,0.0,0.0,0.03429999923706055
40527,2.0263500213623047,0.0,0.0,0.0,0.03429999923706055,0.0,0.03429999923706055,0.0,0.0,0.03429999923706055
40677,2.0338499546051025,0.0,0.0,0.0,0.03429999923706055,0.0,0.03429999923706055,0.0,0.0,0.03429999923706055
40827,2.0413498878479004,0.0,0.0,0.0,0.03429999923706055,0.0,0.03429999923706055,0.0,0.0,0.03429999923706055
40977,2.0488500595092773,0.0,0.0,0.0,0.03429999923706055,0.0,0.03429999923706055,0.0,0.0,0.03429999923706055
41127,2.056349992752075,0.0,0.0,0.0,0.03429999923706055,0.0,0.03429999923706055,0.0,0.0,0.03429999923706055
41277,2.063849925994873,0.0,0.0,0.0,0.03429999923706055,0.0,0.03429999923706055,0.0,0.0,0.03429999923706055
41427,2.07135009765625,0.0,0.0,0.0,0.03429999923706055,0.0,0.03429999923706055,0.0,0.0,0.03429999923706055
41577,2.078850030899048,0.0,0.0,0.0,0.03429999923706055,0.0,0.03429999923706055,0.0,0.0,0.03429999923706055
41727,2.0863499641418457,0.0,0.0,0.0,0.03429999923706055,0.0,0.03429999923706055,0.0,0.0,0.03429999923706055
41877,2.0938498973846436,0.0,0.0,0.0,0.03429999923706055,0.0,0.03429999923706055,0.0,0.0,0.03429999923706055
42028,2.1013998985290527,0.0,0.0,0.0,0.03429999923706055,0.0,0.03429999923706055,0.0,0.0,0.03429999923706055
42178,2.1089000701904297,0.0,0.0,0.0,0.03429999923706055,0.0,0.03429999923706055,0.0,0.0,0.03429999923706055
42328,2.1164000034332275,0.0,0.0,0.0,0.03429999923706055,0.0,0.03429999923706055,0.0,0.0,0.03429999923706055
42478,2.1238999366760254,0.0,0.0,0.0,0.03429999923706055,0.0,0.03429999923706055,0.0,0.0,0.03429999923706055
42628,2.1314001083374023,0.0,0.0,0.0,0.03429999923706055,0.0,0.03429999923706055,0.0,0.0,0.03429999923706055
42778,2.1389000415802,0.0,0.0,0.0,0.03429999923706055,0.0,0.03429999923706055,0.0,0.0,0.03429999923706055
42928,2.146399974822998,0.0,0.0,0.0,0.03429999923706055,0.0,0.03429999923706055,0.0,0.0,0.03429999923706055
43078,2.153899908065796,0.0,0.0,0.0,0.03429999923706055,0.0,0.03429999923706055,0.0,0.0,0.03429999923706055
43228,2.161400079727173,0.0,0.0,0.0,0.03429999923706055,0.0,0.03429999923706055,0.0,0.0,0.03429999923706055
43378,2.1689000129699707,0.0,0.0,0.0,0.03429999923706055,0.0,0.03429999923706055,0.0,0.0,0.03429999923706055
43529,2.17645001411438,0.0,0.0,0.0,0.03429999923706055,0.0,0.03429999923706055,0.0,0.0,0.03429999923706055
43679,2.1839499473571777,0.0,0.0,0.0,0.03429999923706055,0.0,0.03429999923706055,0.0,0.0,0.03429999923706055
43829,2.1914501190185547,0.0,0.0,0.0,0.03429999923706055,0.0,0.03429999923706055,0.0,0.0,0.03429999923706055
43979,2.1989500522613525,0.0,0.0,0.0,0.03429999923706055,0.0,0.03429999923706055,0.0,0.0,0.03429999923706055
44129,2.2064499855041504,0.0,0.0,0.0,0.03429999923706055,0.0,0.03429999923706055,0.0,0.0,0.03429999923706055
44279,2.2139499187469482,0.0,0.0,0.0,0.03429999923706055,0.0,0.03429999923706055,0.0,0.0,0.03429999923706055
44429,2.221450090408325,0.0,0.0,0.0,0.03429999923706055,0.0,0.03429999923706055,0.0,0.0,0.03429999923706055
44579,2.228950023651123,0.0,0.0,0.0,0.03429999923706055,0.0,0.03429999923706055,0.0,0.0,0.03429999923706055
44729,2.236449956893921,0.0,0.0,0.0,0.03429999923706055,0.0,0.03429999923706055,0.0,0.0,0.03429999923706055
44879,2.2439498901367188,0.0,0.0,0.0,0.03429999923706055,0.0,0.03429999923706055,0.0,0.0,0.03429999923706055
45030,2.251499891281128,0.0,0.0,0.0,0.03429999923706055,0.0,0.03429999923706055,0.0,0.0,0.03429999923706055
45180,2.259000062942505,0.0,0.0,0.0,0.03429999923706055,0.0,0.03429999923706055,0.0,0.0,0.03429999923706055
45330,2.2664999961853027,0.0,0.0,0.0,0.03429999923706055,0.0,0.03429999923706055,0.0,0.0,0.03429999923706055
45480,2.2739999294281006,0.0,0.0,0.0,0.03429999923706055,0.0,0.03429999923706055,0.0,0.0,0.03429999923706055
45630,2.2815001010894775,0.0,0.0,0.0,0.03429999923706055,0.0,0.03429999923706055,0.0,0.0,0.03429999923706055
45780,2.2890000343322754,0.0,0.0,0.0,0.03429999923706055,0.0,0.03429999923706055,0.0,0.0,0.03429999923706055
45930,2.2964999675750732,0.0,0.0,0.0,0.03429999923706055,0.0,0.03429999923706055,0.0,0.0,0.03429999923706055
46080,2.303999900817871,0.0,0.0,0.0,0.03429999923706055,0.0,0.03429999923706055,0.0,0.0,0.03429999923706055
46230,2.311500072479248,0.0,0.0,0.0,0.03429999923706055,0.0,0.03429999923706055,0.0,0.0,0.03429999923706055
46380,2.319000005722046,0.0,0.0,0.0,0.03429999923706055,0.0,0.03429999923706055,0.0,0.0,0.03429999923706055
46531,2.326550006866455,0.0,0.0,0.0,0.03429999923706055,0.0,0.03429999923706055,0.0,0.0,0.03429999923706055
46681,2.334049940109253,0.0,0.0,0.0,0.03429999923706055,0.0,0.03429999923706055,0.0,0.0,0.03429999923706055
46831,2.34155011177063,0.0,0.0,0.0,0.03429999923706055,0.0,0.03429999923706055,0.0,0.0,0.03429999923706055
46981,2.3490500450134277,0.0,0.0,0.0,0.03429999923706055,0.0,0.03429999923706055,0.0,0.0,0.03429999923706055
47131,2.3565499782562256,0.0,0.0,0.0,0.03429999923706055,0.0,0.03429999923706055,0.0,0.0,0.03429999923706055
47281,2.3640499114990234,0.0,0.0,0.0,0.03429999923706055,0.0,0.03429999923706055,0.0,0.0,0.03429999923706055
47431,2.3715500831604004,0.0,0.0,0.0,0.03429999923706055,0.0,0.03429999923706055,0.0,0.0,0.03429999923706055
47581,2.3790500164031982,0.0,0.0,0.0,0.03429999923706055,0.0,0.03429999923706055,0.0,0.0,0.03429999923706055
47731,2.386549949645996,0.0,0.0,0.0,0.03429999923706055,0.0,0.03429999923706055,0.0,0.0,0.03429999923706055
47881,2.394049882888794,0.0,0.0,0.0,0.03429999923706055,0.0,0.03429999923706055,0.0,0.0,0.03429999923706055
48032,2.401599884033203,0.0,0.0,0.0,0.03429999923706055,0.0,0.03429999923706055,0.0,0.0,0.03429999923706055
48182,2.40910005569458,0.0,0.0,0.0,0.03429999923706055,0.0,0.03429999923706055,0.0,0.0,0.03429999923706055
48332,2.416599988937378,0.0,0.0,0.0,0.03429999923706055,0.0,0.03429999923706055,0.0,0.0,0.03429999923706055
48482,2.424099922180176,0.0,0.0,0.0,0.03429999923706055,0.0,0.03429999923706055,0.0,0.0,0.03429999923706055
48632,2.4316000938415527,0.0,0.0,0.0,0.03429999923706055,0.0,0.03429999923706055,0.0,0.0,0.03429999923706055
48782,2.4391000270843506,0.0,0.0,0.0,0.03429999923706055,0.0,0.03429999923706055,0.0,0.0,0.03429999923706055
48932,2.4465999603271484,0.0,0.0,0.0,0.03429999923706055,0.0,0.03429999923706055,0.0,0.0,0.03429999923706055
49082,2.4540998935699463,0.0,0.0,0.0,0.03429999923706055,0.0,0.03429999923706055,0.0,0.0,0.03429999923706055
49232,2.4616000652313232,0.0,0.0,0.0,0.03429999923706055,0.0,0.03429999923706055,0.0,0.0,0.03429999923706055
49382,2.469099998474121,0.0,0.0,0.0,0.03429999923706055,0.0,0.03429999923706055,0.0,0.0,0.03429999923706055
49533,2.4766499996185303,0.0,0.0,0.0,0.03429999923706055,0.0,0.03429999923706055,0.0,0.0,0.03429999923706055
49683,2.484149932861328,0.0,0.0,0.0,0.03429999923706055,0.0,0.03429999923706055,0.0,0.0,0.03429999923706055
49833,2.491650104522705,0.0,0.0,0.0,0.03429999923706055,0.0,0.03429999923706055,0.0,0.0,0.03429999923706055
49983,2.499150037765503,0.0,0.0,0.0,0.03429999923706055,0.0,0.03429999923706055,0.0,0.0,0.03429999923706055
50133,2.506649971008301,0.0,0.0,0.0,0.03429999923706055,0.0,0.03429999923706055,0.0,0.0,0.03429999923706055
50283,2.5141499042510986,0.0,0.0,0.0,0.03429999923706055,0.0,0.03429999923706055,0.0,0.0,0.03429999923706055
50433,2.5216500759124756,0.0,0.0,0.0,0.03429999923706055,0.0,0.03429999923706055,0.0,0.0,0.03429999923706055
50583,2.5291500091552734,0.0,0.0,0.0,0.03429999923706055,0.0,0.03429999923706055,0.0,0.0,0.03429999923706055
50733,2.5366499423980713,0.0,0.0,0.0,0.03429999923706055,0.0,0.03429999923706055,0.0,0.0,0.03429999923706055
50883,2.5441501140594482,0.0,0.0,0.0,0.03429999923706055,0.0,0.03429999923706055,0.0,0.0,0.03429999923706055
51034,2.5517001152038574,0.0,0.0,0.0,0.03429999923706055,0.0,0.03429999923706055,0.0,0.0,0.03429999923706055
51184,2.5592000484466553,0.0,0.0,0.0,0.03429999923706055,0.0,0.03429999923706055,0.0,0.0,0.03429999923706055
51334,2.566699981689453,0.0,0.0,0.0,0.03429999923706055,0.0,0.03429999923706055,0.0,0.0,0.03429999923706055
51484,2.574199914932251,0.0,0.0,0.0,0.03429999923706055,0.0,0.03429999923706055,0.0,0.0,0.03429999923706055
51634,2.581700086593628,0.0,0.0,0.0,0.03429999923706055,0.0,0.03429999923706055,0.0,0.0,0.03429999923706055
51784,2.589200019836426,0.0,0.0,0.0,0.03429999923706055,0.0,0.03429999923706055,0.0,0.0,0.03429999923706055
51934,2.5966999530792236,0.0,0.0,0.0,0.03429999923706055,0.0,0.03429999923706055,0.0,0.0,0.03429999923706055
52084,2.6041998863220215,0.0,0.0,0.0,0.03429999923706055,0.0,0.03429999923706055,0.0,0.0,0.03429999923706055
52234,2.6117000579833984,0.0,0.0,0.0,0.03429999923706055,0.0,0.03429999923706055,0.0,0.0,0.03429999923706055
52384,2.6191999912261963,0.0,0.0,0.0,0.03429999923706055,0.0,0.03429999923706055,0.0,0.0,0.03429999923706055
52535,2.6267499923706055,0.0,0.0,0.0,0.03429999923706055,0.0,0.03429999923706055,0.0,0.0,0.03429999923706055
52685,2.6342499256134033,0.0,0.0,0.0,0.03429999923706055,0.0,0.03429999923706055,0.0,0.0,0.03429999923706055
52835,2.6417500972747803,0.0,0.0,0.0,0.03429999923706055,0.0,0.03429999923706055,0.0,0.0,0.03429999923706055
52985,2.649250030517578,0.0,0.0,0.0,0.03429999923706055,0.0,0.03429999923706055,0.0,0.0,0.03429999923706055
53135,2.656749963760376,0.0,0.0,0.0,0.03429999923706055,0.0,0.03429999923706055,0.0,0.0,0.03429999923706055
53285,2.664249897003174,0.0,0.0,0.0,0.03429999923706055,0.0,0.03429999923706055,0.0,0.0,0.03429999923706055
53435,2.671750068664551,0.0,0.0,0.0,0.03429999923706055,0.0,0.03429999923706055,0.0,0.0,0.03429999923706055
53585,2.6792500019073486,0.0,0.0,0.0,0.03429999923706055,0.0,0.03429999923706055,0.0,0.0,0.03429999923706055
53735,2.6867499351501465,0.0,0.0,0.0,0.03429999923706055,0.0,0.03429999923706055,0.0,0.0,0.03429999923706055
53885,2.6942501068115234,0.0,0.0,0.0,0.03429999923706055,0.0,0.03429999923706055,0.0,0.0,0.03429999923706055
54036,2.7018001079559326,0.0,0.0,0.0,0.03429999923706055,0.0,0.03429999923706055,0.0,0.0,0.03429999923706055
54186,2.7093000411987305,0.0,0.0,0.0,0.03429999923706055,0.0,0.03429999923706055,0.0,0.0,0.03429999923706055
54336,2.7167999744415283,0.0,0.0,0.0,0.03429999923706055,0.0,0.03429999923706055,0.0,0.0,0.03429999923706055
54486,2.724299907684326,0.0,0.0,0.0,0.03429999923706055,0.0,0.03429999923706055,0.0,0.0,0.03429999923706055
54636,2.731800079345703,0.0,0.0,0.0,0.03429999923706055,0.0,0.03429999923706055,0.0,0.0,0.03429999923706055
54786,2.739300012588501,0.0,0.0,0.0,0.03429999923706055,0.0,0.03429999923706055,0.0,0.0,0.03429999923706055
54936,2.746799945831299,0.0,0.0,0.0,0.03429999923706055,0.0,0.03429999923706055,0.0,0.0,0.03429999923706055
55086,2.754300117492676,0.0,0.0,0.0,0.03429999923706055,0.0,0.03429999923706055,0.0,0.0,0.03429999923706055
55236,2.7618000507354736,0.0,0.0,0.0,0.03429999923706055,0.0,0.03429999923706055,0.0,0.0,0.03429999923706055
55386,2.7692999839782715,0.0,0.0,0.0,0.03429999923706055,0.0,0.03429999923706055,0.0,0.0,0.03429999923706055
55537,2.7768499851226807,0.0,0.0,0.0,0.03429999923706055,0.0,0.03429999923706055,0.0,0.0,0.03429999923706055
55687,2.7843499183654785,0.0,0.0,0.0,0.03429999923706055,0.0,0.03429999923706055,0.0,0.0,0.03429999923706055
55837,2.7918500900268555,0.0,0.0,0.0,0.03429999923706055,0.0,0.03429999923706055,0.0,0.0,0.03429999923706055
55987,2.7993500232696533,0.0,0.0,0.0,0.03429999923706055,0.0,0.03429999923706055,0.0,0.0,0.03429999923706055
56137,2.806849956512451,0.0,0.0,0.0,0.03429999923706055,0.0,0.03429999923706055,0.0,0.0,0.03429999923706055
56287,2.814349889755249,0.0,0.0,0.0,0.03429999923706055,0.0,0.03429999923706055,0.0,0.0,0.03429999923706055
56437,2.821850061416626,0.0,0.0,0.0,0.03429999923706055,0.0,0.03429999923706055,0.0,0.0,0.03429999923706055
56587,2.829349994659424,0.0,0.0,0.0,0.03429999923706055,0.0,0.03429999923706055,0.0,0.0,0.03429999923706055
56737,2.8368499279022217,0.0,0.0,0.0,0.03429999923706055,0.0,0.03429999923706055,0.0,0.0,0.03429999923706055
56887,2.8443500995635986,0.0,0.0,0.0,0.03429999923706055,0.0,0.03429999923706055,0.0,0.0,0.03429999923706055
57038,2.851900100708008,0.0,0.0,0.0,0.03429999923706055,0.0,0.03429999923706055,0.0,0.0,0.03429999923706055
57188,2.8594000339508057,0.0,0.0,0.0,0.03429999923706055,0.0,0.03429999923706055,0.0,0.0,0.03429999923706055
57338,2.8668999671936035,0.0,0.0,0.0,0.03429999923706055,0.0,0.03429999923706055,0.0,0.0,0.03429999923706055
57488,2.8743999004364014,0.0,0.0,0.0,0.03429999923706055,0.0,0.03429999923706055,0.0,0.0,0.03429999923706055
57638,2.8819000720977783,0.0,0.0,0.0,0.03429999923706055,0.0,0.03429999923706055,0.0,0.0,0.03429999923706055
57788,2.889400005340576,0.0,0.0,0.0,0.03429999923706055,0.0,0.03429999923706055,0.0,0.0,0.03429999923706055
57938,2.896899938583374,0.0,0.0,0.0,0.03429999923706055,0.0,0.03429999923706055,0.0,0.0,0.03429999923706055
58088,2.904400110244751,0.0,0.0,0.0,0.03429999923706055,0.0,0.03429999923706055,0.0,0.0,0.03429999923706055
58238,2.911900043487549,0.0,0.0,0.0,0.03429999923706055,0.0,0.03429999923706055,0.0,0.0,0.03429999923706055
58388,2.9193999767303467,0.0,0.0,0.0,0.03429999923706055,0.0,0.03429999923706055,0.0,0.0,0.03429999923706055
58539,2.926949977874756,0.0,0.0,0.0,0.03429999923706055,0.0,0.03429999923706055,0.0,0.0,0.03429999923706055
58689,2.9344499111175537,0.0,0.0,0.0,0.03429999923706055,0.0,0.03429999923706055,0.0,0.0,0.03429999923706055
58839,2.9419500827789307,0.0,0.0,0.0,0.03429999923706055,0.0,0.03429999923706055,0.0,0.0,0.03429999923706055
58989,2.9494500160217285,0.0,0.0,0.0,0.03429999923706055,0.0,0.03429999923706055,0.0,0.0,0.03429999923706055
59139,2.9569499492645264,0.0,0.0,0.0,0.03429999923706055,0.0,0.03429999923706055,0.0,0.0,0.03429999923706055
59289,2.964449882507324,0.0,0.0,0.0,0.03429999923706055,0.0,0.03429999923706055,0.0,0.0,0.03429999923706055
59439,2.971950054168701,0.0,0.0,0.0,0.03429999923706055,0.0,0.03429999923706055,0.0,0.0,0.03429999923706055
59589,2.979449987411499,0.0,0.0,0.0,0.03429999923706055,0.0,0.03429999923706055,0.0,0.0,0.03429999923706055
59739,2.986949920654297,0.0,0.0,0.0,0.03429999923706055,0.0,0.03429999923706055,0.0,0.0,0.03429999923706055
59889,2.994450092315674,0.0,0.0,0.0,0.03429999923706055,0.0,0.03429999923706055,0.0,0.0,0.03429999923706055
60040,3.002000093460083,0.0,0.0,0.0,0.03429999923706055,0.0,0.03429999923706055,0.0,0.0,0.03429999923706055
